公司代码,公司简称,处分日期,处分类别,当事人,标题,查看全文,0,出现次数,
503,海虹控股,2001/3/23,内部批评,杨斌,关于对海南海虹企业（控股）股份有限公司及原董事会秘书予以内部批评的决定,2002-04-01_00050342.doc,1,0,
893,东凌国际,2001/2/13,内部批评,广州东凌国际投资股份有限公司,关于对广州冷机股份有限公司予以内部批评的决定,2002-04-01_00089358.doc,1,0,
541,佛山照明,2002/3/29,内部批评,庄坚毅,关于对佛山电器照明股份有限公司董事庄坚毅予以内部通报批评的决定,2002-04-03_0005411147.doc,1,0,
609,绵石投资,2001/3/28,内部批评,北京绵石投资集团股份有限公司,关于对北京燕化高新技术股份有限公司予以内部批评的决定,2002-04-05_000609162.doc,1,0,
662,天夏智慧,2001/7/3,内部批评,天夏智慧城市科技股份有限公司,关于对广西康达（集团）股份有限公司等公司予以内部批评的决定,2002-04-05_00066236.doc,1,0,
688,建新矿业,2001/8/8,内部批评,瞿松,关于对重庆朝华科技股份有限公司及有关人员予以内部通报批评的决定,2002-04-05_0006881180.doc,1,0,
766,通化金马,2001/3/28,内部批评,通化金马药业集团股份有限公司,关于对通化金马药业集团股份有限公司予以内部批评的决定,2002-04-05_0007661177.doc,1,0,
788,北大医药,2001/7/3,内部批评,北大医药股份有限公司,关于对广西康达（集团）股份有限公司等公司予以内部批评的决定,2002-04-05_0007881178.doc,1,0,
856,冀东装备,2001/9/4,内部批评,唐山冀东装备工程股份有限公司,关于对唐山陶瓷股份有限公司予以内部通报批评的决定,2002-04-05_0008561181.doc,1,0,
13,*ST石化A,2001/7/3,内部批评,深圳石化工业集团股份有限公司,关于对广西康达（集团）股份有限公司等公司予以内部批评的决定,2002-04-10_000013240.doc,1,0,
54,建车B,2001/7/3,内部批评,重庆建设汽车系统股份有限公司,关于对广西康达（集团）股份有限公司等公司予以内部批评的决定,2002-04-10_0000541210.doc,1,0,
99,中信海直,2001/7/3,内部批评,中信海洋直升机股份有限公司,关于对广西康达（集团）股份有限公司等公司予以内部批评的决定,2002-04-10_000099237.doc,1,0,
155,川化股份,2001/7/3,内部批评,川化股份有限公司,关于对广西康达（集团）股份有限公司等公司予以内部批评的决定,2002-04-10_000155213.doc,1,0,
404,华意压缩,2001/7/3,内部批评,华意压缩机股份有限公司,关于对广西康达（集团）股份有限公司等公司予以内部批评的决定,2002-04-10_0004041202.doc,1,0,
412,ST 五 环,2001/7/3,内部批评,长春北方五环实业股份有限公司,关于对广西康达（集团）股份有限公司等公司予以内部批评的决定,2002-04-10_0004121196.doc,1,0,
524,岭南控股,2001/9/4,内部批评,广州岭南集团控股股份有限公司,关于对广州市东方宾馆股份有限公司等予以内部通报批评的决定,2002-04-10_000524433.doc,1,0,
566,海南海药,2001/7/3,内部批评,海南海药股份有限公司,关于对广西康达（集团）股份有限公司等公司予以内部批评的决定,2002-04-10_0005661201.doc,1,0,
600,建投能源,2001/7/3,内部批评,河北建投能源投资股份有限公司,关于对广西康达（集团）股份有限公司等公司予以内部批评的决定,2002-04-10_0006001195.doc,1,0,
638,万方发展,2001/7/3,内部批评,万方城镇投资发展股份有限公司,关于对广西康达（集团）股份有限公司等公司予以内部批评的决定,2002-04-10_0006381200.doc,1,0,
651,格力电器,2001/7/3,内部批评,珠海格力电器股份有限公司,关于对广西康达（集团）股份有限公司等公司予以内部批评的决定,2002-04-10_000651182.doc,1,0,
653,ST 九 州,2001/7/3,内部批评,福建九州集团股份有限公司,关于对广西康达（集团）股份有限公司等公司予以内部批评的决定,2002-04-10_0006531198.doc,1,0,
730,*ST 环保,2001/7/3,内部批评,沈阳特种环保设备制造股份有限公司,关于对广西康达（集团）股份有限公司等公司予以内部批评的决定,2002-04-10_0007301194.doc,1,0,
813,德展健康,2001/7/3,内部批评,德展大健康股份有限公司,关于对广西康达（集团）股份有限公司等公司予以内部批评的决定,2002-04-10_000813300.doc,1,0,
817,辽油退市,2001/7/3,内部批评,辽河金马油田股份有限公司等3家公司及有关人员,关于对辽河金马油田股份有限公司等3家公司及有关人员予以公开批评的通报,2002-04-10_0008171158.doc,1,0,
900,现代投资,2001/7/3,内部批评,现代投资股份有限公司,关于对广西康达（集团）股份有限公司等公司予以内部批评的决定,2002-04-10_0009001209.doc,1,0,
905,厦门港务,2001/7/3,内部批评,厦门港务发展股份有限公司,关于对广西康达（集团）股份有限公司等公司予以内部批评的决定,2002-04-10_0009051206.doc,1,0,
912,*ST天化,2001/7/3,内部批评,四川泸天化股份有限公司,关于对广西康达（集团）股份有限公司等公司予以内部批评的决定,2002-04-10_0009121207.doc,1,0,
916,华北高速,2001/7/3,内部批评,华北高速公路股份有限公司,关于对广西康达（集团）股份有限公司等公司予以内部批评的决定,2002-04-10_0009161212.doc,1,0,
936,华西股份,2001/7/3,内部批评,江苏华西村股份有限公司,关于对广西康达（集团）股份有限公司等公司予以内部批评的决定,2002-04-10_0009361211.doc,1,0,
966,长源电力,2001/7/3,内部批评,国电长源电力股份有限公司,关于对广西康达（集团）股份有限公司等公司予以内部批评的决定,2002-04-10_000966559.doc,1,0,
968,蓝焰控股,2001/7/3,内部批评,山西蓝焰控股股份有限公司,关于对广西康达（集团）股份有限公司等公司予以内部批评的决定,2002-04-10_000968305.doc,1,0,
980,众泰汽车,2001/7/3,内部批评,众泰汽车股份有限公司,关于对广西康达（集团）股份有限公司等公司予以内部批评的决定,2002-04-10_000980443.doc,1,0,
993,闽东电力,2001/7/3,内部批评,福建闽东电力股份有限公司,关于对广西康达（集团）股份有限公司等公司予以内部批评的决定,2002-04-10_0009931205.doc,1,0,
996,中国中期,2001/7/3,内部批评,中国中期投资股份有限公司,关于对广西康达（集团）股份有限公司等公司予以内部批评的决定,2002-04-10_000996283.doc,1,0,
999,华润三九,2001/7/3,内部批评,华润三九医药股份有限公司,关于对广西康达（集团）股份有限公司等公司予以内部批评的决定,2002-04-10_000999673.doc,1,0,
26,飞亚达Ａ,2001/10/31,内部批评,飞亚达（集团）股份有限公司,关于对成都宗申联益实业股份有限公司等21家公司予以内部通报批评的决定,2002-04-11_000026476.doc,1,0,
43,中航地产,2001/10/31,内部批评,中航地产股份有限公司,关于对成都宗申联益实业股份有限公司等21家公司予以内部通报批评的决定,2002-04-11_0000431215.doc,1,0,
400,许继电气,2001/10/31,内部批评,许继电气股份有限公司,关于对成都宗申联益实业股份有限公司等21家公司予以内部通报批评的决定,2002-04-11_000400608.doc,1,0,
408,藏格控股,2001/10/31,内部批评,藏格控股股份有限公司,关于对成都宗申联益实业股份有限公司等21家公司予以内部通报批评的决定,2002-04-11_000408514.doc,1,0,
506,中润资源,2001/10/25,内部批评,段续真,关于对四川东泰产业（控股）股份有限公司有关人员予以内部通报批评的决定,2002-04-11_00050660.doc,1,0,
525,红 太 阳,2001/10/31,内部批评,南京红太阳股份有限公司,关于对成都宗申联益实业股份有限公司等21家公司予以内部通报批评的决定,2002-04-11_000525501.doc,1,0,
526,*ST紫学,2001/10/31,内部批评,厦门紫光学大股份有限公司,关于对成都宗申联益实业股份有限公司等21家公司予以内部通报批评的决定,2002-04-11_0005261216.doc,1,0,
553,沙隆达Ａ,2001/10/31,内部批评,湖北沙隆达股份有限公司,关于对成都宗申联益实业股份有限公司等21家公司予以内部通报批评的决定,2002-04-11_000553525.doc,1,0,
559,万向钱潮,2001/12/4,内部批评,万向钱潮股份有限公司,关于对万向钱潮股份有限公司予以内部通报批评的决定,2002-04-11_000559658.doc,1,0,1999
570,苏常柴Ａ,2001/10/31,内部批评,常柴股份有限公司,关于对成都宗申联益实业股份有限公司等21家公司予以内部通报批评的决定,2002-04-11_000570477.doc,1,0,
595,*ST宝实,2001/10/31,内部批评,宝塔实业股份有限公司,关于对成都宗申联益实业股份有限公司等21家公司予以内部通报批评的决定,2002-04-11_000595347.doc,1,0,
671,阳 光 城,2001/12/11,内部批评,阳光城集团股份有限公司,关于对福建省石狮新发股份有限公司予以内部通报批评的决定,2002-04-11_0006711221.doc,1,0,
679,大连友谊,2001/12/4,内部批评,大连友谊(集团)股份有限公司,关于对大连友谊（集团）股份有限公司予以内部通报批评的决定,2002-04-11_000679637.doc,1,0,1997
695,滨海能源,2001/10/31,内部批评,天津滨海能源发展股份有限公司,关于对成都宗申联益实业股份有限公司等21家公司予以内部通报批评的决定,2002-04-11_000695317.doc,1,0,
798,中水渔业,2001/10/31,内部批评,中水集团远洋股份有限公司,关于对成都宗申联益实业股份有限公司等21家公司予以内部通报批评的决定,2002-04-11_000798714.doc,1,0,
839,中信国安,2001/10/31,内部批评,中信国安信息产业股份有限公司,关于对成都宗申联益实业股份有限公司等21家公司予以内部通报批评的决定,2002-04-11_000839512.doc,1,0,
902,新洋丰,2001/10/31,内部批评,湖北新洋丰肥业股份有限公司,关于对成都宗申联益实业股份有限公司等21家公司予以内部通报批评的决定,2002-04-11_000902278.doc,1,0,
919,金陵药业,2001/10/31,内部批评,金陵药业股份有限公司,关于对成都宗申联益实业股份有限公司等21家公司予以内部通报批评的决定,2002-04-11_000919645.doc,1,0,
929,兰州黄河,2001/11/29,内部批评,魏福新、杨纪强,关于对兰州黄河企业股份有限公司及相关人员予以内部通报批评的决定,2002-04-11_000929674.doc,1,0,
1696,宗申动力,2001/10/30,内部批评,重庆宗申动力机械股份有限公司,关于对成都宗申联益实业股份有限公司等21家公司予以内部通报批评的决定,2002-04-11_001696507.doc,1,0,
14,沙河股份,2001/5/18,公开谴责,陈平予,关于对华源实业（集团）股份有限公司及原董事长陈平予以公开谴责的决定,2002-04-12_000014161.doc,1,0,
21,深科技,2001/12/19,内部批评,深圳长城开发科技股份有限公司,关于对深圳开发科技股份有限公司予以内部通报批评的决定,2002-04-12_000021623.doc,1,0,
29,深深房Ａ,2001/9/4,公开谴责,深圳经济特区房地产(集团)股份有限公司,关于对广夏（银川）实业股份有限公司等十五家上市公司予以公开谴责的决定,2002-04-12_0000291232.doc,1,0,
48,康达尔,2001/3/9,公开谴责,王海钧、赵翔明、张永政、龚增力、宁欣然、石亚君,关于对深圳大洋等上市公司董事、监事进行公开谴责的决定,2002-04-12_0000481224.doc,1,0,
66,中国长城,2001/12/19,内部批评,中国长城科技集团股份有限公司,关于对中国长城计算机深圳股份有限公司予以内部通报批评的决定,2002-04-12_000066624.doc,1,0,
422,湖北宜化,2001/12/11,内部批评,湖北宜化化工股份有限公司,关于对湖北宜化化工股份有限公司予以内部通报批评的决定,2002-04-12_000422526.doc,1,0,1995
588,PT粤金曼,2001/3/9,公开谴责,柯建华、黄金松、吴殷强、王志忠、陈瑞明、朱可生、杨志磊,关于对深圳大洋等上市公司董事、监事进行公开谴责的决定,2002-04-12_0005881226.doc,1,0,
592,平潭发展,2001/9/4,公开谴责,中福海峡（平潭）发展股份有限公司,关于对广夏（银川）实业股份有限公司等十五家上市公司予以公开谴责的决定,2002-04-12_0005921230.doc,1,0,
630,铜陵有色,2001/12/26,内部批评,铜陵有色金属集团股份有限公司,关于对安徽铜都铜业股份有限公司予以内部批评的决定,2002-04-12_000630684.doc,1,0,1999
650,仁和药业,2001/9/4,公开谴责,仁和药业股份有限公司,关于对广夏（银川）实业股份有限公司等十五家上市公司予以公开谴责的决定,2002-04-12_0006501234.doc,1,0,
660,*ST 南华,2001/3/28,公开谴责,何竟棠、周汉生、黄庆龙、韩慧琦、罗昌明、叶宗诚、孔繁波、黄建芳、苏振炳、岑建、张获、罗小玲、肖鸿辉、李政文、蔡建仁、黄劭琼,关于对广州南华西实业股份有限公司及其董事、监事予以公开谴责的决定,2002-04-12_000660166.doc,1,0,
701,厦门信达,2001/9/4,公开谴责,厦门信达股份有限公司,关于对广夏（银川）实业股份有限公司等十五家上市公司予以公开谴责的决定,2002-04-12_0007011233.doc,1,0,
723,美锦能源,2001/12/11,内部批评,时文、李宗吴,关于对福州天宇电气股份有限公司监事李宗吴、原高管叶文予以内部通报批评的决定,2002-04-12_000723683.doc,1,0,
35,中国天楹,2001/9/7,公开谴责,中国天楹股份有限公司,关于对中国科健股份有限公司予以公开谴责的决定,2002-04-16_000035648.doc,1,0,
533,万 家 乐,2001/10/9,公开谴责,广东万家乐股份有限公司,关于对广东万家乐股份有限公司予以公开谴责的决定,2002-04-16_000533505.doc,1,0,
573,粤宏远Ａ,2001/9/13,公开谴责,郭松波、陈锦祥、周敏、祝沈军、陈海涛、陈林、冯炳强、张民高、王连莹、刘伟权、李达明、张小玲、熊伟平、朱剑飞、钟振强,关于对东莞宏远工业区股份有限公司及相关人员进行公开谴责的决定,2002-04-16_0005731249.doc,1,0,
23,深天地Ａ,2001/9/4,公开谴责,深圳市天地(集团)股份有限公司,关于对广夏（银川）实业股份有限公司等十五家上市公司予以公开谴责的决定,2002-04-18_0000231263.doc,1,0,
635,英 力 特,2001/9/4,公开谴责,宁夏英力特化工股份有限公司,关于对广夏（银川）实业股份有限公司等十五家上市公司予以公开谴责的决定,2002-04-18_0006351264.doc,1,0,
698,沈阳化工,2001/9/4,公开谴责,沈阳化工股份有限公司,关于对广夏（银川）实业股份有限公司等十五家上市公司予以公开谴责的决定,2002-04-18_0006981266.doc,1,0,
718,苏宁环球,2001/9/4,公开谴责,苏宁环球股份有限公司,关于对广夏（银川）实业股份有限公司等十五家上市公司予以公开谴责的决定,2002-04-18_0007181267.doc,1,0,
906,浙商中拓,2001/9/4,公开谴责,浙商中拓集团股份有限公司,关于对广夏（银川）实业股份有限公司等十五家上市公司予以公开谴责的决定,2002-04-18_0009061269.doc,1,0,
30,富奥股份,2002/1/31,内部批评,富奥汽车零部件股份有限公司,关于对深圳市莱英达集团股份有限公司内部批评的决定,2002-04-24_000030804.doc,1,0,
523,广州浪奇,2002/1/9,内部批评,何伟文,关于对国投原宜实业股份有限公司董事彭志华等人予以内部通报批评的决定,2002-04-24_000523856.doc,1,0,
584,哈工智能,2001/9/4,公开谴责,江苏哈工智能机器人股份有限公司,关于对广夏（银川）实业股份有限公司等十五家上市公司予以公开谴责的决定,2002-04-24_0005841309.doc,1,0,
797,中国武夷,2001/9/4,公开谴责,中国武夷实业股份有限公司,关于对广夏（银川）实业股份有限公司等十五家上市公司予以公开谴责的决定,2002-04-24_0007571308.doc,1,0,
826,启迪桑德,2002/1/9,内部批评,彭志华,关于对国投原宜实业股份有限公司董事彭志华等人予以内部通报批评的决定,2002-04-24_000826854.doc,1,0,
829,天音控股,2001/9/4,公开谴责,天音通信控股股份有限公司,关于对广夏（银川）实业股份有限公司等十五家上市公司予以公开谴责的决定,2002-04-24_0008291307.doc,1,0,
917,电广传媒,2002/1/22,内部批评,湖南电广传媒股份有限公司,关于对湖南电广传媒股份有限公司予以内部通报批评的决定,2002-04-24_000917770.doc,1,0,1999
418,小天鹅Ａ,2002/4/2,内部批评,无锡小天鹅股份有限公司,关于对锦化化工集团氯碱股份有限公司等四家上市公司予以内部通报批评的决定,2002-04-25_0004181151.doc,1,0,
548,湖南投资,2002/2/28,内部批评,湖南投资集团股份有限公司,关于对湖南投资集团股份有限公司予以内部通报批评的决定,2002-04-25_000548767.doc,1,0,2000
594,国恒退,2002/4/1,公开谴责,高建华,关于对内蒙古宏峰实业股份有限公司及其董事长予以公开谴责的决定,2002-04-25_000594741.doc,1,0,
669,金鸿控股,2002/3/10,内部批评,金鸿控股集团股份有限公司,关于对吉林中讯科技发展股份有限公司予以内部通报批评的决定,2002-04-25_000669663.doc,1,0,
675,ST 银 山,2002/2/28,内部批评,四川银山化工(集团)股份有限公司,关于对四川银山化工（集团）股份有限公司等予以内部通报批评的决定,2002-04-25_000675706.doc,1,0,
790,泰合健康,2002/3/18,公开谴责,彭旭东,关于对成都华神集团股份有限公司及董事长彭旭东予以公开谴责的决定,2002-04-25_000790875.doc,1,0,
802,北京文化,2002/4/2,内部批评,北京京西文化旅游股份有限公司,关于对锦化化工集团氯碱股份有限公司等四家上市公司予以内部通报批评的决定,2002-04-25_0008021313.doc,1,0,
818,方大化工,2002/4/2,内部批评,方大锦化化工科技股份有限公司,关于对锦化化工集团氯碱股份有限公司等四家上市公司予以内部通报批评的决定,2002-04-25_0008181132.doc,1,0,
863,三湘印象,2002/2/28,内部批评,三湘印象股份有限公司,关于对四川银山化工（集团）股份有限公司等予以内部通报批评的决定,2002-04-25_000863813.doc,1,0,
3,PT金田Ａ,2001/6/8,公开谴责,金田实业(集团)股份有限公司,关于对金田实业（集团）股份有限公司予以公开谴责的决定,2002-05-09_0000031335.doc,1,0,
963,华东医药,2001/10/31,内部批评,华东医药股份有限公司,关于对成都宗申联益实业股份有限公司等21家公司予以内部通报批评的决定,2002-05-09_000963646.doc,1,0,
567,海德股份,2001/2/10,内部批评,崔阳清,关于对海南海德纺织实业股份有限公司及董事会秘书予以内部批评的决定,2002-05-10_00056792.doc,1,0,
78,海王生物,2002/5/27,公开谴责,深圳市海王生物工程股份有限公司,关于对佳木斯造纸股份有限公司等五家公司予以公开谴责的决定,2002-05-28_0000781436.doc,1,0,
556,PT 南 洋,2002/5/27,公开谴责,南洋航运集团股份有限公司,关于对佳木斯造纸股份有限公司等五家公司予以公开谴责的决定,2002-05-28_0005561299.doc,1,0,
699,S*ST佳纸,2002/5/27,公开谴责,佳木斯金地造纸股份有限公司,关于对佳木斯造纸股份有限公司等五家公司予以公开谴责的决定,2002-05-28_0006991447.doc,1,0,
403,ST生化,2002/5/31,内部批评,振兴生化股份有限公司,关于对长春北方五环实业股份有限公司等十三家上市公司予以内部通报批评的决定,2002-06-13_000403722.doc,1,0,
420,吉林化纤,2002/5/31,内部批评,吉林化纤股份有限公司,关于对长春北方五环实业股份有限公司等十三家上市公司予以内部通报批评的决定,2002-06-13_000420803.doc,1,0,
711,京蓝科技,2002/5/31,内部批评,京蓝科技股份有限公司,关于对长春北方五环实业股份有限公司等十三家上市公司予以内部通报批评的决定,2002-06-13_000711987.doc,1,0,
713,丰乐种业,2002/5/31,内部批评,合肥丰乐种业股份有限公司,关于对长春北方五环实业股份有限公司等十三家上市公司予以内部通报批评的决定,2002-06-13_0007131352.doc,1,0,
732,泰禾集团,2002/5/31,内部批评,泰禾集团股份有限公司,关于对长春北方五环实业股份有限公司等十三家上市公司予以内部通报批评的决定,2002-06-13_0007321350.doc,1,0,
909,数源科技,2002/5/31,内部批评,数源科技股份有限公司,关于对长春北方五环实业股份有限公司等十三家上市公司予以内部通报批评的决定,2002-06-13_0009091283.doc,1,0,
960,锡业股份,2002/5/31,内部批评,云南锡业股份有限公司,关于对长春北方五环实业股份有限公司等十三家上市公司予以内部通报批评的决定,2002-06-13_0009601482.doc,1,0,
995,皇台酒业,2002/5/31,内部批评,甘肃皇台酒业股份有限公司,关于对长春北方五环实业股份有限公司等十三家上市公司予以内部通报批评的决定,2002-06-13_0009951365.doc,1,0,
150,宜华健康,2002/5/31,内部批评,宜华健康医疗股份有限公司,关于对吉林恒和制药股份有限公司等十七家上市公司予以内部通报批评的决定,2002-06-18_0001501146.doc,1,0,
545,金浦钛业,2002/5/31,内部批评,金浦钛业股份有限公司,关于对吉林恒和制药股份有限公司等十七家上市公司予以内部通报批评的决定,2002-06-18_0005451501.doc,1,0,
552,靖远煤电,2002/5/31,内部批评,甘肃靖远煤电股份有限公司,关于对吉林恒和制药股份有限公司等十七家上市公司予以内部通报批评的决定,2002-06-18_000552175.doc,1,0,
589,黔轮胎Ａ,2002/5/31,内部批评,贵州轮胎股份有限公司,关于对吉林恒和制药股份有限公司等十七家上市公司予以内部通报批评的决定,2002-06-18_0005891344.doc,1,0,
682,东方电子,2002/5/31,内部批评,东方电子股份有限公司,关于对吉林恒和制药股份有限公司等十七家上市公司予以内部通报批评的决定,2002-06-18_0006821255.doc,1,0,
683,远兴能源,2002/5/31,内部批评,内蒙古远兴能源股份有限公司,关于对吉林恒和制药股份有限公司等十七家上市公司予以内部通报批评的决定,2002-06-18_0006831366.doc,1,0,
765,*ST 华信,2002/5/31,内部批评,武汉华信高新技术股份有限公司,关于对吉林恒和制药股份有限公司等十七家上市公司予以内部通报批评的决定,2002-06-18_0007651454.doc,1,0,
827,*ST 长兴,2002/5/31,内部批评,大连长兴实业股份有限公司,关于对吉林恒和制药股份有限公司等十七家上市公司予以内部通报批评的决定,2002-06-18_0008271508.doc,1,0,
832,*ST 龙涤,2002/5/31,内部批评,黑龙江龙涤股份有限公司,关于对吉林恒和制药股份有限公司等十七家上市公司予以内部通报批评的决定,2002-06-18_000832532.doc,1,0,
876,新 希 望,2002/5/31,内部批评,新希望六和股份有限公司,关于对吉林恒和制药股份有限公司等十七家上市公司予以内部通报批评的决定,2002-06-18_000876865.doc,1,0,
927,一汽夏利,2002/5/31,内部批评,天津一汽夏利汽车股份有限公司,关于对吉林恒和制药股份有限公司等十七家上市公司予以内部通报批评的决定,2002-06-18_0009271498.doc,1,0,
951,中国重汽,2002/5/31,内部批评,中国重汽集团济南卡车股份有限公司,关于对吉林恒和制药股份有限公司等十七家上市公司予以内部通报批评的决定,2002-06-18_000951230.doc,1,0,
68,华控赛格,2002/7/2,公开谴责,深圳华控赛格股份有限公司,关于对通化金马药业集团股份有限公司等六家公司予以公开谴责的决定,2002-07-08_0000681262.doc,1,0,
521,美菱电器,2002/7/2,公开谴责,合肥美菱股份有限公司,关于对通化金马药业集团股份有限公司等六家公司予以公开谴责的决定,2002-07-08_000521720.doc,1,0,
9,中国宝安,2002/7/17,内部批评,中国宝安集团股份有限公司,关于对中水集团远洋股份有限公司等十一家上市公司予以内部通报批评的决定,2002-07-24_0000091078.doc,1,0,
410,*ST沈机,2002/7/17,内部批评,沈阳机床股份有限公司,关于对中水集团远洋股份有限公司等十一家上市公司予以内部通报批评的决定,2002-07-24_0004101404.doc,1,0,
527,美的电器,2002/7/17,内部批评,广东美的电器股份有限公司,关于对中水集团远洋股份有限公司等十一家上市公司予以内部通报批评的决定,2002-07-24_0005271604.doc,1,0,
537,广宇发展,2002/7/17,内部批评,天津广宇发展股份有限公司,关于对中水集团远洋股份有限公司等十一家上市公司予以内部通报批评的决定,2002-07-24_0005371439.doc,1,0,
542,TCL 通讯,2002/7/17,内部批评,TCL通讯设备股份有限公司,关于对中水集团远洋股份有限公司等十一家上市公司予以内部通报批评的决定,2002-07-24_0005421148.doc,1,0,
547,航天发展,2002/7/17,内部批评,航天工业发展股份有限公司,关于对中水集团远洋股份有限公司等十一家上市公司予以内部通报批评的决定,2002-07-24_0005471402.doc,1,0,
728,国元证券,2002/7/17,内部批评,国元证券股份有限公司,关于对中水集团远洋股份有限公司等十一家上市公司予以内部通报批评的决定,2002-07-24_0007281478.doc,1,0,
883,湖北能源,2002/7/17,内部批评,湖北能源集团股份有限公司,关于对中水集团远洋股份有限公司等十一家上市公司予以内部通报批评的决定,2002-07-24_0008831461.doc,1,0,
636,风华高科,2002/10/9,内部批评,汪志军,关于对部分上市公司董事、监事予以内部通报批评的决定,2002-10-10_0006361751.doc,1,0,
726,鲁  泰Ａ,2002/10/9,内部批评,李景河、陈有汉,关于对部分上市公司董事、监事予以内部通报批评的决定,2002-10-10_0007261750.doc,1,0,
735,罗 牛 山,2002/10/9,内部批评,于刚、朱新榕,关于对部分上市公司董事、监事予以内部通报批评的决定,2002-10-10_0007351752.doc,1,0,
810,创维数字,2002/12/9,内部批评,创维数字股份有限公司,关于对华润锦华股份有限公司予以内部通报批评的决定,2002-12-11_0008101906.doc,1,0,
885,同力水泥,2002/12/9,内部批评,河南同力水泥股份有限公司,关于对洛阳春都食品股份有限公司予以内部通报批评的决定,2002-12-11_0008851910.doc,1,0,
637,茂化实华,2003/2/17,内部批评,陈晓波,关于对茂名石化实华股份有限公司监事陈晓波予以内部通报批评的决定,2003-02-18_0006372073.doc,1,0,
776,广发证券,2003/2/21,内部批评,付强、金美花,关于对延边公路建设股份有限公司董事金美花、监事付强予以内部通报批评的决定,2003-02-24_0007762089.doc,1,0,
992,中  鲁Ｂ,2003/2/25,公开谴责,王爱民,关于对山东省中鲁远洋渔业股份有限公司及相关人员予以公开谴责的决定,2003-03-04_0009922069.doc,1,0,
555,神州信息,2003/3/5,内部批评,神州数码信息服务股份有限公司,关于对天津灯塔涂料股份有限公司等九家公司予以内部通报批评的决定,2003-03-11_0005552212.doc,1,0,
622,恒立实业,2003/3/5,内部批评,恒立实业发展集团股份有限公司,关于对天津灯塔涂料股份有限公司等九家公司予以内部通报批评的决定,2003-03-11_0006222213.doc,1,0,
789,万年青,2003/3/5,内部批评,江西万年青水泥股份有限公司,关于对天津灯塔涂料股份有限公司等九家公司予以内部通报批评的决定,2003-03-11_0007892209.doc,1,0,
851,高鸿股份,2003/3/5,内部批评,陶峰、沈兰英、刘子和,关于对四川方向光电股份有限公司贵州中国第七砂轮股份有限公司有关人员予以内部通报批评的决  定,2003-03-11_0008512093.doc,1,0,
920,南方汇通,2003/3/11,内部批评,孙德生,关于对南方汇通股份有限公司独立董事孙德生予以内部通报批评的决定,2003-03-13_0009202064.doc,1,0,
50,深天马Ａ,2003/4/2,公开谴责,天马微电子股份有限公司,关于对深圳天马微电子股份有限公司予以公开谴责的决定,2003-04-04_0000502317.doc,1,0,
515,攀渝钛业,2003/3/25,内部批评,王成建,关于对重庆渝港钛白粉股份有限公司董事王成建予以内部通报批评的决定,2003-04-11_0005152245.doc,1,0,
761,本钢板材,2003/5/16,公开谴责,薛向新、梁广德、接厚符、陈继壮、于天忱、李墨华、钟田丽、关殿国、张贵玉、邹天来、郭燕昌、李宇,关于对本钢板材股份有限公司  中国石化茂名炼油化工股份有限公司及有关人员予以公开谴责的决定,2003-05-19_0007612392.doc,1,0,
125302,,2003/5/16,公开谴责,何德先、吴观海、林丽华、黄靖国、孙绍德、房广信、黄忠诚、罗湘天、卞凤鸣、王强、付燕生、陈晓波、黄强,关于对本钢板材股份有限公司  中国石化茂名炼油化工股份有限公司及有关人员予以公开谴责的决定,2003-05-19_1253022400.doc,1,0,
56,皇庭国际,2003/4/25,内部批评,深圳市皇庭国际企业股份有限公司,关于对四川美亚丝绸（集团）股份有限公司等二十三家上市公司予以内部通报批评的决定,2003-07-04_0000562316.doc,1,0,
777,中核科技,2003/4/25,内部批评,中核苏阀科技实业股份有限公司,关于对四川美亚丝绸（集团）股份有限公司等二十三家上市公司予以内部通报批评的决定,2003-07-04_0007772357.doc,1,0,
795,英洛华,2003/4/25,内部批评,英洛华科技股份有限公司,关于对四川美亚丝绸（集团）股份有限公司等二十三家上市公司予以内部通报批评的决定,2003-07-04_0007952345.doc,1,0,
803,*ST金宇,2003/4/25,内部批评,四川金宇汽车城(集团)股份有限公司,关于对四川美亚丝绸（集团）股份有限公司等二十三家上市公司予以内部通报批评的决定,2003-07-04_0008032324.doc,1,0,
673,当代东方,2003/6/19,公开谴责,田旺林、周忠山、刘刚、帖立国、唐高、葛晋生、麻向阳,关于对大同水泥股份有限公司及有关人员予以公开谴责的决定,2003-07-07_0006732327.doc,1,0,
881,中广核技,2003/6/16,内部批评,李淑娟,关于对河池化工独立董事陈静和大连国际董事李淑娟予以内部通报批评的决定,2003-07-07_0008812660.doc,1,0,
928,中钢国际,2003/4/25,内部批评,中钢国际工程技术股份有限公司,关于对四川美亚丝绸（集团）股份有限公司等二十三家上市公司予以内部通报批评的决定,2003-07-07_0009282765.doc,1,0,
953,*ST河化,2003/6/16,内部批评,陈静,关于对河池化工独立董事陈静和大连国际董事李淑娟予以内部通报批评的决定,2003-07-07_0009532657.doc,1,0,
816,智慧农业,2003/7/10,公开谴责,朱瑞龙、徐小荣、陈为民、刘德仿、高宗英、高晨光、万锋、齐金梁、徐士国、顾亚平,关于对江苏江淮动力股份有限公司及有关人员予以公开谴责的决定,2003-07-18_0008163297.doc,1,0,
546,金圆股份,2003/7/25,公开谴责,江毅、孙振江、马凯、孙黎耘、李丽、孙健、毕荣发、朱文山、郭伟华,关于对吉林轻工集团股份有限公司及相关人员予以公开谴责的决定,2003-07-24_0005462800.doc,1,0,2001
859,国风塑业,2003/7/24,内部批评,安徽国风塑业股份有限公司,关于对深圳市特发信息股份有限公司和安徽国风塑业股份有限公司予以内部通报批评的决定,2003-07-30_0008593264.doc,1,0,2000
587,金洲慈航,2003/8/20,公开谴责,于宁、刘忱、席友军、高金波、朱秀云、曹赢超、林辉、陈玉浮、周永久,关于对光明集团家具股份有限公司及有关人员予以公开谴责的决定,2003-08-21_0005873448.doc,1,0,2001
783,长江证券,2003/7/2,内部批评,长江证券股份有限公司,关于对石家庄炼油化工股份有限公司等四家公司予以内部通报批评的决定,2003-09-02_0007833213.doc,1,0,
801,四川九洲,2003/9/1,公开谴责,陈禹、张钧,关于对四川湖山电子股份有限公司及董事张钧予以公开谴责的决定,2003-09-02_0008013513.doc,1,0,
607,华媒控股,2003/9/25,内部批评,浙江华媒控股股份有限公司,关于对新疆天山水泥股份有限公司等三家公司予以内部通报批评的决定,2003-10-16_0006073715.doc,1,0,
719,中原传媒,2003/10/9,内部批评,中原大地传媒股份有限公司,关于对神州学人集团股份有限公司等四家公司予以内部通报批评的决定,2003-10-16_0007193760.doc,1,0,
512,闽灿坤Ｂ,2003/11/4,内部批评,颜良吉,关于对厦门灿坤实业股份有限公司监事颜良吉予以内部通报批评的决定,2003-11-06_0005123784.doc,1,0,
880,潍柴重机,2004/1/30,公开谴责,胡金胜、王清华,关于对山东巨力股份有限公司及相关人员予以公开谴责的决定,2004-02-06_0008804185.doc,1,0,1999
710,贝瑞基因,2004/6/10,内部批评,施苏平、黄茂彪、刘学文、李小平、谢合明、曾廷敏、邱辉祥、叶宇昕、余伯强、文武,关于对成都天兴仪表股份有限公司及相关董事予以内部通报批评的决定,2004-06-28_0007105094.doc,1,0,2001
20,深华发Ａ,2004/6/10,内部批评,胡建平,关于对深圳华发电子股份有限公司及相关人员予以内部通报批评的决定,2004-07-01_0000204919.doc,1,0,
708,大冶特钢,2004/6/17,公开谴责,朱宪国、王平国,关于对大冶特殊钢股份有限公司有关人员予以处分的决定,2004-07-01_0007084844.doc,1,0,
955,欣龙控股,2004/3/18,内部批评,欣龙控股（集团）股份有限公司,关于对岳阳恒立冷气设备股份有限公司等予以内部通报批评的决定,2004-07-01_0009554284.doc,1,0,2001
727,华东科技,2004/7/1,内部批评,南京华东电子信息科技股份有限公司,关于对南京华东电子信息科技股份有限公司予以内部通报批评的决定,2004-07-02_0007275629.doc,1,0,
950,*ST建峰,2004/7/8,内部批评,陈德国、李华夏、张方源、段儒华、杨世伦、漆晓雄、涂大来、王泉虎、骆永寿、袁代建,关于对重庆民丰农化股份有限公司及相关人员予以内部通报批评的决定,2004-07-05_0009505470.doc,1,0,
703,恒逸石化,2004/7/6,内部批评,恒逸石化股份有限公司,关于对山东巨力股份有限公司等九家公司予以内部通报批评的决定,2004-07-08_0007034700.doc,1,0,
563,陕国投Ａ,2004/7/6,内部批评,陕西省国际信托股份有限公司,关于对山东巨力股份有限公司等九家公司予以内部通报批评的决定,2004-07-09_0005634837.doc,1,0,
791,甘肃电投,2004/7/6,内部批评,甘肃电投能源发展股份有限公司,关于对山东巨力股份有限公司等九家公司予以内部通报批评的决定,2004-07-09_0007915625.doc,1,0,
2002,鸿达兴业,2004/7/9,公开谴责,于在青、敖吟梅,关于对江苏琼花高科技股份有限公司及相关人员予以公开谴责的决定,2004-07-16_0020025.doc,1,0,
569,长城股份,2004/7/13,内部批评,李分顺、陈志坚、夏传文、苏天森、张强、肖水龙、范明、李生国、李晓烈、文林、任德祚,关于对四川川投长城特殊钢股份有限公司及相关人员予以内部通报批评的决定,2004-07-21_0005695658.doc,1,0,2002
631,顺发恒业,2004/7/20,内部批评,孙树人、张守义、刘霞、雷秀娟、曹志伟、魏靖韬、孙成连、朱家楣、赵炜邑、郑仁、刘铁杲,关于对兰宝科技信息股份有限公司及相关人员予以内部通报批评的决定,2004-07-21_0006315639.doc,1,0,
41,*ST本实B,2004/8/5,内部批评,张丽红、黄先锋、林秉军、周家平、周家宸、李映宏,关于对深圳本鲁克斯实业股份有限公司及相关董事予以内部通报批评的决定,2004-08-12_000041435.doc,1,0,
2016,世荣兆业,2004/10/25,通报批评,周先玉、周曙光,关于对广东威尔医学科技股份有限公司及相关人员予以内部通报批评的决定,2004-10-29_00201617.doc,1,0,
430,张家界,2005/1/10,公开谴责,李旭、于立群,关于对张家界旅游开发股份有限公司及相关人员予以处分的决定,2005-01-14_000430441.doc,1,0,
751,锌业股份,2005/3/29,公开谴责,曲路新、乔丕先、魏仁田、周景祯、齐立荣、高良宾、魏凤华、吴明观、王尚绵、侯宝泉、刘凯、金铁山、魏凤柱、王海昌、潘恒礼、郑登渝,关于葫芦岛锌业股份有限公司及相关人员予以公开谴责的决定,2005-03-30_000751448.doc,1,0,2003
596,古井贡酒,2005/5/27,公开谴责,李浩、卓文燕、刘有鹏、王素彬、李培辉、杨光远、王效金、王锋、刘俊德,关于对中国科健股份有限公司等五家上市公司及相关人员予以公开谴责的决定,2005-05-27_000596458.doc,1,0,
887,中鼎股份,2005/6/10,公开谴责,曹明生、袁安之、洪理芳、李光伟、彭斌,关于对安徽飞彩车辆股份有限公司及相关人员予以公开谴责的决定,2005-06-13_000887466.doc,1,0,
2033,丽江旅游,2004/11/30,通报批评,杨志昆、何希文、陈方,关于对丽江玉龙旅游股份有限公司副董事长陈方、董事何希文、监事杨志昆予以内部通报批评的决定,2005-07-01_00203318.doc,1,0,
578,盐湖集团,2005/6/22,内部批评,柴平非、孙荣芳、张德雷、钟小剑、闫自军、沈丹,关于对青海数码网络投资（集团）股份有限公司及相关人员予以通报批评的决定,2005-08-23_000578475.doc,1,0,
301,东方市场,2005/9/6,交易所通报批评,华建平、王必战、蔡雪熊、李刚剑、王宁、段晓俊、李志鑫、徐兴祥、杨俊峰、汪钰平、徐世元、董东立,关于对吴江丝绸股份有限公司及相关人员予以通报批评的决定,2005-09-06_000301482.doc,1,0,
820,神雾节能,2005/9/19,公开谴责,李铁全、尹德良、杜恩义、高成军、廖卫东、柏丹、秦志敏、安庆大、原毅军、李六龙,关于对金城造纸股份有限公司及相关人员予以公开谴责的决定,2005-09-20_000820486.doc,1,0,
760,斯太尔,2005/9/27,内部批评,管琪、刘斌、王晓东、卢雁影、唐国平、张建红、王力,关于对湖北博盈投资股份有限公司及相关人员予以通报批评的决定,2005-09-29_000760487.doc,1,0,2002
591,太阳能,2005/9/13,内部批评,雷励、石晓艺、陈红、刁玉香、王志光、廖志扬、王祖悦,关于对重庆桐君阁股份有限公司及相关人员予以通报批评的决定,2005-11-25_000591491.doc,1,0,2003
517,荣安地产,2005/12/27,公开谴责,郑德海、唐明、李野、刘铁华、陈新,关于对成功信息产业（集团）股份有限公司及相关人员予以公开谴责的决定,2005-12-30_000517492.doc,1,0,未表明具体年份
561,烽火电子,2005/12/30,公开谴责,薛冬泉、杨修福、卫阿唐、李耀辉、刘长平、尹建平、李文华、田怀璋、王u,关于对长岭（集团）股份有限公司及相关人员予以处分的决定,2006-01-05_000561493.doc,1,0,
2009,天奇股份,2006/4/11,公开谴责,浦浩清,关于对江苏天奇物流系统工程股份有限公司董事浦浩清予以公开谴责的决定,2006-04-12_00200921.doc,1,0,
2042,华孚时尚,2006/3/29,通报批评,华孚时尚股份有限公司,关于对安徽飞亚纺织发展股份有限责任公司及其控股股东予以通报批评的决定,2006-04-26_00204224.doc,1,0,
413,东旭光电,2006/5/30,公开谴责,周玉茂、张文海、叶慧芬、周波、宋洪波、董庆祥、李惠明、樊振平、谢孟雄、张浩、马超、胡寿龄、杨光、高大彩、郑德战、姚军廷、李洪、张艳乔,关于对石家庄宝石电子玻璃股份有限公司及相关当事人给予处分的决定,2006-06-06_000413503.doc,1,0,
780,*ST平能,2006/7/11,公开谴责,徐国庆、吴香馥、王明辉、孙永利、董士花、周学军、张振武、张玉玺、张立中、孙国庆、屈桂林、齐向前、金现龙、董子树、张金峰、张海儒,关于对内蒙古草原兴发股份有限公司及相关当事人给予处分的决定,2006-07-18_000780511.doc,1,0,
958,东方能源,2006/7/19,公开谴责,张克君、尚建斌、任承正、李向东、李德时、谷树才,关于对石家庄东方热电股份有限公司及相关当事人给予处分的决定,2006-07-26_000958515.doc,1,0,2004
415,渤海金控,2006/11/17,交易所通报批评,柳志伟,关于对新疆汇通（集团）股份有限公司监事柳志伟给予处分的决定,2006-11-22_000415527.doc,1,0,
848,承德露露,2006/12/29,内部批评,刘德宽、李兆军、管大源、董霄鹏、丁林、张绍兴、魏继平、陈跃鹏、王秋敏、王宝林、刘志刚,关于对河北承德露露股份有限公司及相关当事人给予处分的决定,2007-01-08_000848529.doc,1,0,
571,新大洲Ａ,2007/1/19,内部批评,王洪,关于对新大洲控股股份有限公司董事王洪给予处分的决定,2007-01-25_000571530.doc,1,0,
707,双环科技,2007/2/9,公开谴责,吴党生、侯志斌,关于对湖北双环科技股份有限公司相关当事人给予处分的决定,2007-02-13_000707531.doc,1,0,2004
812,陕西金叶,2007/3/15,公开谴责,袁汉源、张曼军、杨嵘、闫举纲、吴海宁、李祥军、李禄安、苟继峰、龚朝凯,关于对陕西金叶科教集团股份有限公司及相关当事人给予公开谴责处分的决定,2007-03-20_000812536.doc,1,0,
2015,霞客环保,2007/4/26,通报批评,江苏霞客环保色纺股份有限公司,关于对刘邦成给予通报批评处分的决定,2007-04-27_00201530.doc,1,0,
2059,云南旅游,2007/4/27,通报批评,云南旅游股份有限公司,关于对云南世博集团有限公司给予通报批评处分的决定,2007-04-30_00205932.doc,1,0,
582,北部湾港,2007/5/14,公开谴责,杨延华,关于对北海市北海港股份有限公司董事会秘书杨延华给予处分的决定,2007-05-15_000582537.doc,1,0,
2019,亿帆医药,2007/6/11,通报批评,阳志勇、黄延兵、过鑫富,关于对浙江杭州鑫富药业股份有限公司及相关当事人给予通报批评处分的决定,2007-06-11_00201933.doc,1,0,
2078,太阳纸业,2007/6/20,通报批评,于是今、应广东、苏秉芬、牛宜美、牛霞、栾贻惠、李纪飞、李洪信、陈昭军、曹振雷、白懋林、张玉霞、张亚磊、张文,关于对山东太阳纸业股份有限公司及相关当事人给予处分的决定,2007-06-21_00207835.doc,1,0,
519,中兵红箭,2007/6/28,交易所通报批评,熊尚荣,关于对成都银河动力股份有限公司及相关当事人给予处分的决定,2007-07-09_000519550.doc,1,0,
692,惠天热电,2007/7/6,交易所通报批评,张超英、杨兆生、王东生、孙杰、陈国辉、李哲、张宝玲、左小明、张智武,关于对沈阳惠天热电股份有限公司及相关当事人给予处分的决定,2007-07-09_000692545.doc,1,0,
716,黑芝麻,2007/7/2,交易所通报批评,张雄斌、韦清文,关于对广西南方控股股份有限公司及相关当事人给予处分的决定,2007-07-09_000716549.doc,1,0,
58,深 赛 格,2007/7/9,交易所通报批评,张为民、王楚、李力夫,关于对深圳赛格股份有限公司及相关当事人给予处分的决定,2007-07-31_000058551.doc,1,0,
690,宝新能源,2007/8/10,公开谴责,张剑峰,关于对广东宝丽华新能源股份有限公司高级管理人员张剑峰给予处分的决定,2007-08-13_000690552.doc,1,0,
2012,凯恩股份,2007/9/3,通报批评,叶跃源,关于对浙江凯恩特种材料股份有限公司相关当事人给予处分的决定,2007-09-03_00201238.doc,1,0,
2006,精功科技,2007/9/11,通报批评,黄伟明,关于对浙江精工科技股份有限公司相关当事人给予处分的决定,2007-09-11_00200639.doc,1,0,
2038,双鹭药业,2007/9/17,通报批评,北京双鹭药业股份有限公司,关于对新乡白鹭化纤集团有限责任公司给予处分的决定,2007-09-19_00203841.doc,1,0,
985,大庆华科,2007/11/27,交易所通报批评,万志强,关于对大庆华科股份有限公司控股股东中国石油大庆石油化工总厂及相关当事人给予处分的决定,2007-11-29_000985557.doc,1,0,
836,鑫茂科技,2007/12/4,交易所通报批评,杜克荣、田霞、胡辉、韩伟,关于对天津鑫茂科技股份有限公司及相关当事人给予通报批评处分的决定,2007-12-06_000836562.doc,1,0,
962,东方钽业,2008/1/28,公开谴责,钟景明、王静波,关于对宁夏东方钽业股份有限公司及相关当事人给予处分的决定,2008-01-28_000962567.doc,1,0,
2028,思源电气,2008/2/15,通报批评,林凌、董增平,关于对思源电气股份有限公司及相关当事人给予处分的决定,2008-02-15_00202842.doc,1,0,
2047,宝鹰股份,2008/2/15,通报批评,欧阳明,关于对欧阳明和庆津有限公司给予通报批评处分的决定,2008-02-15_00204743.doc,1,0,
2109,兴化股份,2008/2/18,通报批评,陕西兴化集团有限责任公司、王志海、王兴若、唐建安、梁玉昆、李春林,关于对陕西兴化化学股份有限公司及相关当事人给予处分的决定,2008-02-22_00210945.doc,1,0,2006
930,中粮生化,2008/2/1,交易所通报批评,王德文,关于对安徽丰原生物化学股份有限公司相关当事人给予处分的决定,2008-04-02_000930571.doc,1,0,
2056,横店东磁,2008/3/31,通报批评,横店集团东磁股份有限公司,关于对横店集团控股有限公司给予处分的决定,2008-05-15_00205651.doc,1,0,
2041,登海种业,2008/5/21,通报批评,宋同明,关于对山东登海种业股份有限公司董事宋同明给予处分的决定,2008-05-21_00204154.doc,1,0,
2106,莱宝高科,2008/5/20,公开谴责,梁正,对深圳莱宝高科技股份有限公司梁正董事处分公告,2008-05-21_00210655.doc,1,0,
2073,软控股份,2008/6/24,通报批评,王健摄,关于对青岛高校软控股份有限公司董事王健摄给予处分的决定,2008-06-24_00207357.doc,1,0,
2102,冠福股份,2008/6/26,通报批评,石军、周慧敏,关于对兴业证券股份有限公司石军、周慧敏给予处分的决定,2008-06-26_00210259.doc,1,0,
2124,天邦股份,2008/8/21,通报批评,陈能兴,关于对宁波天邦股份有限公司监事陈能兴给予处分的决定,2008-08-22_00212462.doc,1,0,
2075,沙钢股份,2008/8/24,通报批评,渤海证券有限责任公司王振刚、张嘉棋渤海证券有限责任公司王振刚、张嘉棋渤海证券有限责任公司王振刚、张嘉,关于对渤海证券有限责任公司王振刚、张嘉棋给予通报批评处分的决定,2008-08-25_00207565.doc,1,0,
7,全新好,2008/8/29,交易所通报批评,李成碧,关于对深圳市赛格达声股份有限公司及其相关当事人给予处分的决定,2008-09-03_000007582.doc,1,0,
2145,中核钛白,2008/9/4,公开谴责,北京嘉利九龙商城有限公司,关于对北京嘉利九龙商城有限公司给予处分的决定,2008-09-04_00214566.doc,1,0,
762,西藏矿业,2008/9/24,交易所通报批评,肖永恩,关于对西藏矿业发展股份有限公司及相关当事人给予处分的决定,2008-10-06_000762585.doc,1,0,
613,*ST东海A,2008/10/9,交易所通报批评,海南大东海旅游中心股份有限公司,关于对海南大东海旅游中心股份有限公司相关信息披露义务人给予处分的决定,2008-10-10_000613588.doc,1,0,2002
657,中钨高新,2008/10/9,交易所通报批评,张毅、易丹青、杨伯华、吴国根、文跃华、万长根、贾信民、傅代国,关于对中钨高新材料股份有限公司及相关当事人给予处分的决定,2008-10-10_000657586.doc,1,0,
753,漳州发展,2008/10/9,交易所通报批评,李勤、庄文海、许浩荣,关于对福建漳州发展股份有限公司及相关当事人予以通报批评的决定,2008-10-10_000753587.doc,1,0,
2069,獐子岛,2008/10/10,通报批评,何足奇,关于对大连獐子岛渔业集团股份有限公司高级管理人员何足奇给予处分的决定,2008-10-10_00206967.doc,1,0,
2082,万邦德,2008/10/28,通报批评,俞建利、徐引生、肖今声、施森康、倪冠民、陆志宝、谷穗,关于对浙江栋梁新材股份有限公司及当事人予以通报批评的决定,2008-11-14_00208269.doc,1,0,
70,特发信息,2001/7/3,内部批评,深圳市特发信息股份有限公司,关于对广西康达（集团）股份有限公司等公司予以内部批评的决定,2008-11-19_00007034.doc,1,0,
889,茂业通信,2008/11/20,交易所通报批评,茂业通信网络股份有限公司,关于对中兆投资管理有限公司给予处分的决定,2008-12-02_000889594.doc,1,0,
2037,久联发展,2009/1/12,通报批评,贵州久联企业集团有限责任公司、周天爵,关于对贵州久联企业集团有限责任公司及其董事长周天爵给予处分的决定,2009-01-14_00203770.doc,1,0,
534,万泽股份,2009/2/20,交易所通报批评,郑灶松、赵国华、曾江虹、杨竞雄、林楚成、林诚东、李卓彦、李贵才、黄振光、洪鸿川、许小将、许俊鹉、唐海凌、罗蒙、林伟龙、林伟光,关于对汕头电力发展股份有限公司及相关当事人给予处分的决定,2009-02-24_000534597.doc,1,0,
22,深赤湾Ａ,2009/3/17,交易所通报批评,深圳赤湾港航股份有限公司,关于对景锋企业有限公司及招商局国际（中集）控股有限公司给予通报批评处分的决定,2009-03-23_000022601.doc,1,0,
639,西王食品,2009/3/17,交易所通报批评,吕松,关于对上海立鹏科技投资有限公司及相关当事人给予处分的决定,2009-03-23_000639598.doc,1,0,
2188,巴士在线,2009/5/18,通报批评,宋爱萍,关于对浙江新嘉联电子股份有限公司董事、总经理宋爱萍给予处分的决定,2009-05-18_00218873.doc,1,0,
2263,大 东 南,2009/6/2,通报批评,黄飞刚、郭林岳、王志龙、童宏怀、解树江、黄水寿,深证上[2009]043号-关于对浙江大东南包装股份有限公司及相关当事人通报批评的决定,2009-06-02_00226376.doc,1,0,
2121,科陆电子,2009/4/7,通报批评,保荐人山西证券股份有限公司、袁继全、饶陆华,关于对深圳市科陆电子科技股份有限公司及其相关人员给予通报批评处分的决定,2009-06-15_00212178.doc,1,0,
2213,特 尔 佳,2009/5/18,通报批评,黄斌,关于对深圳市特尔佳科技股份有限公司副总经理黄斌给予通报批评处分的决定,2009-06-15_00221379.doc,1,0,
2119,康强电子,2009/6/23,公开谴责,刘俊良,关于对宁波康强电子股份有限公司刘俊良副董事长给予处分的决定,2009-06-23_00211981.doc,1,0,
100,TCL 集团,2007/10/12,交易所通报批评,郑传烈、赵忠尧、易春雨、杨伟强、杨利、严勇、史万文、吕忠丽、薄连明,关于对TCL集团股份有限公司相关当事人给予通报批评处分的决定,2009-07-17_000100611.doc,1,0,
652,泰达股份,2007/10/12,交易所通报批评,李广益、贝瑞臣,关于对天津泰达股份有限公司相关当事人给予通报批评处分的决定,2009-07-17_000652610.doc,1,0,
2175,东方网络,2009/8/3,通报批评,东方时代网络传媒股份有限公司,关于对桂林广陆数字测控股份有限公司给予处分的决定,2009-08-03_00217582.doc,1,0,
416,民生控股,2009/8/4,交易所通报批评,张更生、考尚校、冯栋、陈良栋,关于对民生投资管理股份有限公司及相关当事人给予处分的决定,2009-08-04_000416619.doc,1,0,
2126,银轮股份,2009/8/31,通报批评,王鑫美,关于对浙江银轮机械股份有限公司董事、副总经理王鑫美给予通报批评处分的决定,2009-09-08_00212685.doc,1,0,
2220,天宝食品,2009/5/21,通报批评,管学昌,关于对大连天宝绿色食品股份有限公司董事管学昌给予通报批评处分的决定,2009-09-08_00222083.doc,1,0,
90,天健集团,2009/9/14,交易所通报批评,张延冬、徐肇松、王晓勤、孙静亮、李自祥、姜永贵、陈潮,关于对深圳市天健（集团）股份有限公司及相关当事人给予通报批评的决定,2009-09-15_000090623.doc,1,0,
677,恒天海龙,2009/9/14,交易所通报批评,刘俊峰、刘金波、李月刚、韩光亭、陈学俭、陈坚、张志鸿、袁明哲、辛青、王利民、任国威、逄奉建,关于对山东海龙股份有限公司及相关当事人给予处分的决定,2009-09-15_000677622.doc,1,0,
586,汇源通信,2009/9/25,交易所通报批评,朱开友、刘中一,关于对四川汇源光通信股份有限公司相关当事人给予处分的决定,2009-09-29_000586626.doc,1,0,
2097,山河智能,2009/11/18,通报批评,龚进,关于对湖南山河智能机械股份有限公司董事、副总经理龚进给予处分的决定,2009-11-18_00209786.doc,1,0,
2183,怡 亚 通,2009/11/26,通报批评,周国辉、张少忠,关于对怡亚通及相关当事人通报批评的决定,2009-12-18_00218387.doc,1,0,
2249,大洋电机,2009/12/31,通报批评,熊杰明、鲁楚平、刘自文、樊惠平,关于对中山大洋电机股份有限公司相关当事人给予通报批评处分的决定,2009-12-31_00224988.doc,1,0,
2143,印纪传媒,2010/1/4,通报批评,印纪娱乐传媒股份有限公司,关于对四川高金食品股份有限公司及相关当事人给予通报批评处分的决定,2010-01-04_00214389.doc,1,0,
2271,东方雨虹,2009/12/31,通报批评,陈永初,关于对北京东方雨虹防水技术股份有限公司高级管理人员陈永初给予通报批评处分的决定,2010-01-04_00227190.doc,1,0,
2064,华峰氨纶,2010/1/4,通报批评,陈林真,关于对浙江华峰氨纶股份有限公司董事、副总经理陈林真给予通报批评处分的决定,2010-01-19_00206491.doc,1,0,
2113,天润数娱,2010/2/11,通报批评,兆山新星集团有限公司及其股东徐新喜、俞林林兆山新星集团有限公司及其股东徐新喜、俞林林,关于对兆山新星集团有限公司及其股东徐新喜、俞林林给予处分的决定,2010-02-11_00211396.doc,1,0,
2101,广东鸿图,2010/2/25,通报批评,广东省科技创业投资公司,关于对广东省科技创业投资公司给予处分的决定,2010-02-26_00210198.doc,1,0,
2252,上海莱士,2010/4/9,通报批评,范小清,关于对上海莱士血液制品股份有限公司原董事范小清给予处分的决定,2010-04-09_002252100.doc,1,0,
300064,豫金刚石,2010/5/4,通报批评,杨晋中,关于对郑州华晶金刚石股份有限公司副总经理杨晋中给予处分的决定,2010-05-04_3000641.doc,1,0,
2044,美年健康,2010/6/25,公开谴责,南通友谊实业有限公司、南通市纺织工业联社、周静雯、张璞、谢金华、帅建、盛东林、沈永炎、葛秋、成建良,关于对江苏三友集团股份有限公司及相关当事人给予处分的决定,2010-06-25_002044103.doc,1,0,
2171,楚江新材,2010/6/25,通报批评,何凡,关于对安徽精诚铜业股份有限公司董事兼总经理何凡给予处分的决定,2010-06-28_002171105.doc,1,0,
10,美丽生态,2010/6/24,交易所通报批评,杨磊、严立虎、孙永平、刘常青、胡兵,关于对深圳市华新股份有限公司及相关当事人给予通报批评的决定,2010-06-29_000010641.doc,1,0,2002
2200,云投生态,2010/7/12,公开谴责,周观亮、钟佳富、郑亚光、赵国权、徐云葵、王云川、唐林明、谭焕珠、石廷富、普乐、罗孝银、刘玉红、李梦龙、黎钢、蒋凯西、胡虹、何学葵、陈德生,关于对云南绿大地生物科技股份有限公司及相关当事人给予处分的决定,2010-07-12_002200106.doc,1,0,
2240,威华股份,2010/9/6,通报批评,刘宪、李建华、蔡金萍,关于对广东威华股份有限公司及相关当事人给予处分的决定,2010-09-06_002240110.doc,1,0,
2008,大族激光,2010/9/6,通报批评,周辉强,关于对深圳市大族激光科技股份有限公司及相关当事人给予处分的决定,2010-09-07_002008112.doc,1,0,
2034,旺能环境,2010/9/6,通报批评,周信钢及相关当事人,关于对周信钢及相关当事人给予处分的决定,2010-09-07_002034111.doc,1,0,
2193,如意集团,2010/9/7,通报批评,武振全、王燕、孙卫婴、史衍海、邱亚夫、邱栋、李志文、郭鲁伟、艾新亚,关于对山东济宁如意毛纺织股份有限公司及相关当事人给予处分的决定,2010-09-08_002193113.doc,1,0,2008
4,国农科技,2010/9/20,交易所通报批评,王克昕、南国良,关于对深圳中国农大科技股份有限公司相关当事人给予处分的决定,2010-09-29_000004645.doc,1,0,2004
2023,海特高新,2010/11/23,通报批评,王万和,关于对四川海特高新技术股份有限公司副董事长王万和给予通报批评处分的决定,2010-11-24_002023116.doc,1,0,
409,山东地矿,2010/12/7,交易所通报批评,范敬孝、周娟、周健、张旭东、胡传瑞、毕方庆、卢曲平、刘兴汉、李英俊、邝剑锋、胡江波、胡海涛、张群、张林、杨磊、夏宁、唐超、木利民,关于对泰复实业股份有限公司及相关当事人给予通报批评的决定,2010-12-07_000409653.doc,1,0,
33,新都退,2010/12/8,交易所通报批评,戈然、深圳瀚明投资有限公司、李聚全,关于对深圳新都酒店股份有限公司及相关当事人给予处分的决定,2010-12-13_000033656.doc,1,0,2002
2081,金 螳 螂,2010/12/10,通报批评,杨震,关于对苏州金螳螂建筑装饰股份有限公司董事、总经理杨震给予处分的决定,2010-12-13_002081118.doc,1,0,
2074,国轩高科,2011/1/13,通报批评,南通投资管理有限公司,关于对南通投资管理有限公司给予处分的决定,2011-01-13_002074120.doc,1,0,
61,农 产 品,2011/1/11,交易所通报批评,祝俊明,关于对深圳市农产品股份有限公司董事祝俊明给予处分的决定,2011-02-01_000061658.doc,1,0,
2089,新 海 宜,2010/7/1,通报批评,葛峰,关于对苏州新海宜通信科技股份有限公司董事葛峰给予处分的决定,2011-02-22_002089122.doc,1,0,
2107,沃华医药,2011/5/5,通报批评,田开吉,关于对山东沃华医药科技股份有限公司时任董事、高级管理人员田开吉给予处分的决定,2011-05-05_002107124.doc,1,0,
2192,融捷股份,2011/1/12,通报批评,郑国华,关于对路翔股份有限公司董事郑国华给予通报批评处分的决定,2011-05-18_002192126.doc,1,0,
752,西藏发展,2011/5/11,交易所通报批评,西藏光大金联实业有限、阎清江,关于对西藏光大金联实业有限公司及相关当事人给予通报批评处分的决定,2011-05-23_000752661.doc,1,0,
2132,恒星科技,2011/1/20,通报批评,谭士泓,关于对河南恒星科技股份有限公司监事谭士泓给予处分的决定,2011-05-25_002132128.doc,1,0,
2141,贤丰控股,2011/5/16,通报批评,诸建中、刘琦斌、陈士英,关于对广东蓉胜超微线材股份有限公司及相关当事人给予处分的决定,2011-05-26_002141130.doc,1,0,2008
300004,南风股份,2010/12/31,通报批评,邓健伟,关于对南方风机股份有限公司董事邓健伟给予通报批评处分的决定,2011-07-11_3000049.doc,1,0,
2328,新朋股份,2011/7/12,通报批评,赵刚,关于对上海新朋实业股份有限公司监事赵刚给予通报批评处分的决定,2011-07-12_002328133.doc,1,0,
2357,富临运业,2011/7/12,通报批评,江明,关于对四川富临运业集团股份有限公司董事兼财务总监江明给予通报批评处分的决定,2011-07-13_002357134.doc,1,0,
2155,湖南黄金,2011/8/22,通报批评,湖南黄金股份有限公司,关于对湖南金鑫黄金集团有限责任公司给予通报批评处分的决定,2011-08-22_002155138.doc,1,0,
2256,兆新股份,2011/8/22,公开谴责,沈少玲、刘科、陈永弟,关于对深圳市彩虹精细化工股份有限公司及相关当事人给予处分的决定,2011-08-22_002256136.doc,1,0,
2304,洋河股份,2011/8/23,通报批评,李风云,关于对洋河股份时任董事兼副总裁李风云给予通报批评处分的决定,2011-08-24_002304139.doc,1,0,
2005,德豪润达,2005/3/15,通报批评,王冬雷,关于对广东德豪润达电气股份有限公司及相关人员予以内部通报批评的决定,2011-08-31_00200520.doc,1,0,
2338,奥普光电,2011/8/26,通报批评,长春奥普光电技术股份有限公司,关于对广东风华高科股份有限公司给予通报批评处分的决定,2011-09-01_002338143.doc,1,0,
2168,深圳惠程,2011/8/29,通报批评,吕晓义、刘心、匡晓明,关于对深圳市惠程电气股份有限公司及相关当事人给予通报批评处分的决定,2011-09-02_002168144.doc,1,0,
2207,*ST准油,2011/8/29,通报批评,孙新春、常文玖,关于对新疆准东石油技术股份有限公司及相关当事人给予通报批评处分的决定,2011-09-02_002207145.doc,1,0,
19,深深宝Ａ,2000/6/28,内部批评,深圳市深宝实业股份有限公司,关于对深圳市深宝实业股份有限公司予以内部批评的决定,2011-09-21_000019695.DOC,1,0,
24,招商地产,1999/11/17,内部批评,吴振勤,关于对深圳蛇口招商港务股份有限公司及董事予以内部通报批评的决定,2011-09-21_000024707.doc,1,0,
57,*ST大洋B,2000/6/28,内部批评,深圳大洋海运股份有限公司,关于对深圳大洋海运股份有限公司予以内部批评的决定,2011-09-21_000057692.DOC,1,0,1998
468,*ST宁通B,2005/5/11,交易所通报批评,吴晓华、王力力、励伟德、蒋海珊、曹斌,关于对南京普天通信股份有限公司及相关人员予以通报批评的决定,2011-09-21_000468682.doc,1,0,
522,白云山Ａ,1998/2/24,交易所通报批评,广州白云山制药股份有限公司,关于对广州白云山制药股份有限公司予以内部批评的决定,2011-09-21_000522684.doc,1,0,
535,*ST 猴王,2000/6/16,公开谴责,猴王股份有限公司,关于对猴王股份有限公司予以公开谴责的决定,2011-09-21_000535685.DOC,1,0,
540,中天金融,2000/12/13,内部批评,李筑惠,关于对中天企业股份有限公司及有关人员予以内部批评的决定,2011-09-21_000540698.DOC,1,0,
550,江铃汽车,2000/6/28,内部批评,江铃汽车股份有限公司,关于对江铃汽车股份有限公司予以内部批评的决定,2011-09-21_000550689.DOC,1,0,
564,供销大集,2000/6/28,内部批评,供销大集集团股份有限公司,关于对西安民生集团股份有限公司予以内部批评的决定,2011-09-21_000564694.DOC,1,0,
576,广东甘化,2009/9/17,交易所通报批评,邹敦华、沙伟、雷忠、方小潮、陈中坚,关于对江门甘蔗化工（集团）股份有限公司及相关当事人给予处分的决定,2011-09-21_000576669.doc,1,0,
597,东北制药,2000/6/28,交易所通报批评,东北制药集团股份有限公司,关于对东北制药集团股份有限公司予以内部批评的决定,2011-09-21_000597693.DOC,1,0,1998
602,金马退市,2000/6/28,交易所通报批评,广东金马旅游集团股份有限公司,关于对广东金马旅游集团股份有限公司予以内部批评的决定,2011-09-21_000602688.DOC,1,0,
621,*ST 比特,1999/1/6,内部批评,孙章起,关于对北京比特实业股份有限公司及其董事孙章起予以内部通报批评的决定,2011-09-21_000621705.doc,1,0,
658,ST 海 洋,2000/6/28,交易所通报批评,厦门海洋实业(集团)股份有限公司,关于对厦门海洋实业（集团）股份有限公司予以内部批评的决定,2011-09-21_000658691.DOC,1,0,
665,湖北广电,2000/12/20,内部批评,舒红,关于对武汉塑料工业集团股份有限公司及有关人员予以内部批评的决定,2011-09-21_000665700.DOC,1,0,
689,ST 宏 业,2000/6/28,内部批评,汕头宏业(集团)股份有限公司,关于对汕头宏业（集团）股份有限公司予以内部批评的决定,2011-09-21_000689697.DOC,1,0,
750,国海证券,2000/8/15,公开谴责,国海证券股份有限公司,关于对桂林集琦药业股份有限公司予以公开谴责的决定,2011-09-21_000750703.DOC,1,0,
759,中百集团,2000/12/21,内部批评,许敬华、石行卫,关于对武汉中心百货(集团)股份有限公司及有关人员予以内部通报批评的决定,2011-09-21_000759699.DOC,1,0,
792,盐湖股份,2009/3/24,交易所通报批评,王天恒、张全明、徐世森、刘生福、郑长山、唐德新、沈奇、任萱、冯明伟、董德敏、安平绥,关于对青海盐湖钾肥股份有限公司及相关当事人给予处分的决定,2011-09-21_000792667.doc,1,0,2007
888,峨眉山Ａ,1999/11/17,内部批评,四川峨眉集团股份有限公司董事会,关于对四川峨眉集团股份有限公司董事会予以内部通报批评的决定,2011-09-21_000888706.doc,1,0,
931,中 关 村,2000/6/28,内部批评,北京中关村科技发展(控股)股份有限公司,关于对北京中关村科技发展(控股)股份有限公司予以内部批评的决定,2011-09-21_000931690.DOC,1,0,
952,广济药业,2000/9/11,内部批评,张群,关于对湖北广济药业股份有限公司及董事予以内部通报批评的决定,2011-09-21_000952702.DOC,1,0,
895,双汇发展,2010/11/25,交易所通报批评,朱龙虎、张俊杰、游牧、王玉芬、万隆、乔海莉、祁勇耀、李骏、胡兆振、贺圣华、龚红培、楚玉华,关于对河南双汇投资发展股份有限公司及相关当事人给予处分的决定,2011-09-29_000895649.doc,1,0,
300202,聚龙股份,2011/9/28,通报批评,白莉,深证上[2011]302号-关于对辽宁聚龙金融设备股份有限公司监事白莉给予通报批评处分的决定,2011-09-30_30020210.doc,1,0,
2429,兆驰股份,2011/10/31,通报批评,陆婷、周灿、姚向荣、涂井强、全劲松、顾伟、康健,关于对深圳兆驰股份有限公司及相关当事人给予通报批评处分的决定,2011-11-07_002429146.doc,1,0,
2167,东方锆业,2011/11/18,通报批评,广东东方锆业科技股份有限公司,关于对广东东方锆业科技股份有限公司给予通报批评处分的决定,2011-11-21_002167148.doc,1,0,
2211,宏达新材,2011/11/18,通报批评,朱恩伟、郭北琼,关于对江苏宏达新材料股份有限公司相关当事人给予通报批评处分的决定,2011-11-21_002211150.doc,1,0,
2473,*ST圣莱,2011/11/18,通报批评,杨志红、崔洪艺,关于对宁波圣莱达电器股份有限公司及相关当事人给予通报批评处分的决定,2011-11-21_002473151.doc,1,0,
678,襄阳轴承,2011/12/5,交易所通报批评,廖永高、高少兵,关于对襄阳汽车轴承股份有限公司及相关当事人给予处分的决定,2011-12-26_000678717.doc,1,0,
948,南天信息,2011/12/5,交易所通报批评,肖琪经,关于对华立集团股份有限公司及相关当事人给予处分的决定,2011-12-26_000948718.doc,1,0,
407,胜利股份,2012/2/7,交易所通报批评,王政、孟莲、刘志强、王鹏,关于对山东胜利股份有限公司及相关当事人给予处分的决定,2012-02-08_000407725.doc,1,0,
160,东沣B,2012/3/27,交易所通报批评,阎启忠、王安生、韩志刚、陈荣、陈杰,关于对承德大路股份有限公司及相关当事人给予处分的决定,2012-03-28_000160727.doc,1,0,
426,兴业矿业,2012/3/28,交易所通报批评,张旭东、张春水、宿颖波、史淑琴、刘富军、李春晓、寇显强、景树森,关于对内蒙古兴业矿业股份有限公司及相关当事人给予处分的决定,2012-03-29_000426729.doc,1,0,
2178,延华智能,2012/4/24,通报批评,上海延华智能科技(集团)股份有限公司,关于对上海延华智能科技(集团)股份有限公司给予通报批评处分的决定,2012-04-24_002178153.doc,1,0,
2061,浙江交科,2012/4/24,通报批评,帅长斌、雷逢辰、董星明,关于对浙江江山化工股份有限公司及相关当事人给予通报批评的决定,2012-04-25_002061156.doc,1,0,
2341,新纶科技,2012/4/25,通报批评,文勇,关于对深圳新纶科技股份有限公司时任副总裁文勇给予通报批评处分的决定,2012-04-25_002341155.doc,1,0,
2443,金洲管道,2011/11/30,通报批评,浙江金洲管道科技股份有限公司,关于对新湖中宝股份有限公司给予通报批评处分的决定,2012-04-25_002443152.doc,1,0,
2448,中原内配,2011/11/21,通报批评,薛建军、王中营,关于对中原内配股份有限公司董事王中营监事薛建军给予通报批评处分的决定,2012-05-24_002448149.doc,1,0,
300158,振东制药,2012/5/25,公开谴责,李安平,关于对山西振东制药股份有限公司及相关当事人给予处分的决定,2012-05-29_30015811.doc,1,0,
2060,粤 水 电,2012/5/29,通报批评,丁仕辉、陈森宝,关于对广东水电二局股份有限公司及相关当事人给予通报批评处分的决定,2012-05-30_002060158.doc,1,0,2008
300084,海默科技,2012/1/17,通报批评,郭深,关于对兰州海默科技董事进行处分的决定,2012-05-30_30008415.doc,1,0,
977,浪潮信息,2012/7/11,交易所通报批评,王恩东、孙丕恕、李丰,关于对浪潮电子信息产业股份有限公司及相关当事人给予处分的决定,2012-07-13_000977731.doc,1,0,
2114,罗平锌电,2012/8/13,通报批评,杨建兴、喻永贤、许克昌,关于对云南罗平锌电股份有限公司及相关当事人给予通报批评处分的决定,2012-08-10_002114162.doc,1,0,
572,海马汽车,2012/9/7,通报批评,海马汽车集团股份有限公司、肖丹、杨建中、景柱,关于对海马汽车集团股份有限公司及相关当事人给予处分的决定,2012-09-12_000572734.doc,1,0,
2388,新亚制程,2012/9/10,通报批评,深圳市新力达电子集团有限公司,关于对深圳市新力达电子集团有限公司给予通报批评处分的决定,2012-09-12_002388177.doc,1,0,
2052,同洲电子,2012/9/19,通报批评,深圳市同洲电子股份有限公司、袁明、肖丽玉,关于对深圳市同洲电子股份有限公司及相关当事人给予通报批评处分的决定,2012-09-20_002052179.doc,1,0,2008
565,渝三峡Ａ,2012/9/10,通报批评,重庆三峡油漆股份有限公司、苏中俊、毕胜、张明贤、向青、杨金华、徐俊华、蒲兴元、楼晓波,关于对重庆三峡油漆股份有限公司及相关当事人给予处分的决定,2012-09-24_000565736.doc,1,0,
782,美达股份,2012/9/7,公开谴责,梁伟东、广东新会美达锦纶股份有限公司,关于对广东新会美达锦纶股份有限公司及相关当事人给予处分的决定,2012-09-24_000782737.doc,1,0,
913,钱江摩托,2012/9/26,通报批评,浙江钱江摩托股份有限公司、林华中、陈筱根、郭东劭、王海斌,关于对浙江钱江摩托股份有限公司及相关当事人给予处分的决定,2012-09-27_000913741.doc,1,0,
998,隆平高科,2012/9/26,通报批评,湖南新大新股份有限公司、伍跃时,关于对湖南新大新股份有限公司及相关当事人给予处分的决定,2012-09-27_000998740.doc,1,0,
2506,协鑫集成,2012/11/2,通报批评,协鑫集成科技股份有限公司,关于对上海超日太阳能科技股份有限公司及相关当事人给予通报批评处分的决定,2012-11-02_002506191.doc,1,0,
419,通程控股,2012/10/31,通报批评,长沙通程控股股份有限公司、周兆达、周拥泽、郭虎清、柳植、杨格艺、曹光荣、鲁应时、潘定衢、李,关于对长沙通程控股股份有限公司及相关当事人给予处分的决定,2012-11-28_000419752.doc,1,0,
300268,佳沃股份,2012/11/22,公开谴责,佳沃农业开发股份有限公司、龚永福、邹丽娟、张苏江、严平贵、程云辉、覃学军、肖德祥、杨荣华、马海啸、王湛淅、杨满华、蒋建初、李玉强、肖力、张行、单杨、刘炎溪、文会清,关于对万福生科（湖南）农业开发股份有限公司及相关当事人给予公开谴责的决定,2013-02-27_30026825.doc,1,0,2011
2607,亚夏汽车,2013/3/20,通报批评,陈德胜、陈鹏,关于对芜湖亚夏汽车股份有限公司股东陈德胜和陈鹏给予通报批评处分的决定,2013-03-22_002607222.doc,1,0,
2446,盛路通信,2013/5/16,公开谴责,马汉文,深证上[2013]161号-关于对马汉文给予处分的决定,2013-05-16_002446230.doc,1,0,
2390,信邦制药,2013/5/20,通报批评,贵州信邦制药股份有限公司、张观福、孔令忠,关于对贵州信邦制药股份有限公司及相关当事人给予通报批评处分的决定,2013-05-20_002390241.doc,1,0,
2545,东方铁塔,2013/5/20,通报批评,田树桐,关于对青岛东方铁塔股份有限公司时任独立董事田树桐给予通报批评处分的决定,2013-05-20_002545242.doc,1,0,
2160,常铝股份,2013/6/6,通报批评,江苏常铝铝业股份有限公司、陆芸、钱建民、张平,关于对常铝股份及相关当事人通报批评决定,2013-06-06_002160243.doc,1,0,
300157,恒泰艾普,2013/7/2,通报批评,郑天才,关于对恒泰艾普原董事郑天才的通报批评,2013-07-02_30015721.doc,1,0,
300118,东方日升,2013/5/13,通报批评,陈漫,关于对东方日升新能源股份有限公司时任监事陈漫给予通报批评的决定,2013-07-10_30011853.doc,1,0,
2296,辉煌科技,2013/7/9,通报批评,胡江平、李,关于对河南辉煌科技股份有限公司胡江平、李给予通报批评处分的决定,2013-07-11_002296257.doc,1,0,
2288,超华科技,2013/7/25,通报批评,梁俊丰,关于对广东超华科技股份有限公司实际控制人、董事长梁俊丰给予通报批评处分的决定,2013-07-25_002288263.doc,1,0,
300227,光韵达,2012/11/19,通报批评,北京德信投资管理有限公司,关于对深圳光韵达光电科技股份有限公司第二大股东北京德信投资管理有限公司给予通报批评的决定,2013-08-13_30022755.doc,1,0,
770,武锅B退,2013/8/30,通报批评,武汉锅炉股份有限公司、陈杰、陈伟豪、秦亮、杨国威,关于对武汉锅炉股份有限公司及相关当事人给予处分的决定,2013-09-02_000770774.doc,1,0,
300002,神州泰岳,2013/9/3,通报批评,许M,关于对北京神州泰岳软件股份有限公司副总经理许M给予通报批评的决定,2013-09-04_30000260.doc,1,0,
2307,北新路桥,2013/4/30,通报批评,新疆北新路桥集团股份有限公司、郭建新、唐飚、张杰、朱建国、朱胜军,关于对新疆北新路桥集团股份有限公司及相关当事人给予通报批评处分的决定,2013-09-25_002307287.doc,1,0,
661,长春高新,2013/9/24,通报批评,长春高新技术产业（集团）股份有限公司、杨占民、安吉祥、周伟群、张晓明、刘晓宇、王辰、冯大强、朱兴功、赵士贤、孙克林、孙景忠、马骥、李秀峰、乔林、付洪仁、孔令智、赵志民、吴安平、曹家兴、高俊芳、长春高新,关于对长春高新技术产业（集团）股份有限公司及相关当事人给予处分的决定,2013-09-26_000661778.doc,1,0,
2355,兴民智通,2013/10/14,公开谴责,王兵,关于对山东兴民钢圈股份有限公司时任董事兼副总经理王兵给予公开谴责处分的决定,2013-10-14_002355291.doc,1,0,
2297,博云新材,2013/10/18,通报批评,蒋辉珍,关于对湖南博云新材料股份有限公司时任董事长蒋辉珍给予通报批评处分的决定,2013-10-21_002297294.doc,1,0,
2462,嘉事堂,2013/9/25,通报批评,张江高科,关于对上海张江高科技园区开发股份有限公司给予通报批评处分的决定,2013-10-21_002462298.doc,1,0,
2418,康盛股份,2013/9/25,通报批评,陈伟志,关于对浙江康盛股份有限公司持股5%以上股东、副董事长陈伟志给予通报批评处分的决定,2013-10-30_002418308.doc,1,0,
2579,中京电子,2013/11/4,通报批评,黎柏其,关于对惠州中京电子科技股份有限公司时任董事黎柏其给予通报批评处分的决定,2013-11-04_002579309.doc,1,0,
793,华闻传媒,2013/11/8,通报批评,上海倚和资产管理有限公司,关于对上海倚和资产管理有限公司给予处分的决定,2013-11-08_000793782.doc,1,0,
300086,康芝药业,2013/11/7,通报批评,康芝药业股份有限公司、洪江涛、洪江游、李幽泉、刘会良,关于对海南康芝药业股份有限公司及相关当事人给予通报批评的决定,2013-11-08_30008671.doc,1,0,2010
2375,亚厦股份,2013/12/4,通报批评,丁海富、王震,关于对浙江亚厦装饰股份有限公司董事长丁海富和监事王震给予通报批评处分的决定,2013-12-05_002375260.doc,1,0,
2516,旷达科技,2013/12/5,通报批评,旷达科技集团股份有限公司、沈介良、徐秋,关于对江苏旷达汽车织物集团股份有限公司及相关当事人给予通报批评处分的决定,2013-12-05_002516317.doc,1,0,
2469,三维工程,2013/12/5,通报批评,李克胜,关于对三维工程证券事务代表李克胜给予通报批评处分的决定,2013-12-06_002469319.doc,1,0,
2600,江粉磁材,2013/12/5,通报批评,深圳市平安创新资本投资有限公司,关于对江粉磁材股东深圳市平安创新资本投资有限公司给予通报批评处分的决定,2013-12-06_002600318.doc,1,0,
300051,三五互联,2013/12/17,通报批评,厦门三五互联科技股份有限公司、龚少晖、沈文策、杨小亮,关于对厦门三五互联科技股份有限公司及相关当事人给予通报批评的决定,2013-12-17_30005180.doc,1,0,
504,南华生物,2014/2/11,公开谴责,南华生物医药股份有限公司、董立冬、周江军、刘毅,关于对北京赛迪传媒投资股份有限公司及相关当事人给予处分的决定,2014-02-17_000504784.doc,1,0,2011
2379,宏创控股,2014/3/31,通报批评,西宁城市投资管理有限公司,关于对西宁城市投资管理有限公司给予通报批评处分的决定,2014-04-01_002379353.doc,1,0,
2558,巨人网络,2014/2/24,通报批评,巨人网络集团股份有限公司、彭建虎、朱胤,关于对重庆新世纪游轮股份有限公司及相关当事人给予通报批评处分的决定,2014-04-01_002558332.doc,1,0,
2199,东晶电子,2014/4/4,通报批评,李庆跃,关于对浙江东晶电子股份有限公司控股股东李庆跃给予通报批评处分的决定,2014-04-03_002199355.doc,1,0,
2237,恒邦股份,2014/4/30,通报批评,烟台恒邦集团有限公司,关于对烟台恒邦集团有限公司给予通报批评处分的决定,2014-04-30_002237333.doc,1,0,
2449,国星光电,2014/4/30,通报批评,陈锐添,关于对佛山市国星光电股份有限公司董事陈锐添给予通报批评处分的决定,2014-04-30_002449365.doc,1,0,
300036,超图软件,2014/4/29,通报批评,钟耳顺,关于对北京超图软件股份有限公司控股股东钟耳顺给予通报批评的决定,2014-04-30_30003697.doc,1,0,
300047,天源迪科,2014/4/29,通报批评,吴志东,关于对深圳天源迪科信息技术股份有限公司股东吴志东给予通报批评的决定,2014-04-30_30004796.doc,1,0,
300164,通源石油,2014/4/30,通报批评,西安通源石油科技股份有限公司、王磊,关于对西安通源石油科技股份有限公司及相关当事人给予通报批评的决定,2014-04-30_30016495.doc,1,0,
2553,南方轴承,2014/7/2,通报批评,史维、常州华业投资咨询有限公司,关于对史维、常州华业投资咨询有限公司给予通报批评处分的决定,2014-07-03_002553341.doc,1,0,
2659,凯文教育,2014/7/3,通报批评,蒋海生、陈禹、郁征、北京凯文德信教育科技股份有限公司,关于对江苏中泰桥梁钢构股份有限公司及相关当事人给予通报批评处分的决定,2014-07-04_002659363.doc,1,0,
2569,步森股份,2014/7/9,通报批评,浙江步森服饰股份有限公司、步森集团有限公司、王建军、吴永杰、袁建军,关于对浙江步森服饰股份有限公司及相关当事人给予通报批评处分的决定,2014-07-14_002569371.doc,1,0,
2723,金莱特,2014/7/30,通报批评,蒋光勇,关于对广东金莱特电器股份有限公司时任董事蒋光勇给予通报批评处分的决定,2014-08-01_002723367.doc,1,0,
2157,正邦科技,2014/7/31,通报批评,江西正邦科技股份有限公司、周健、程凡贵、周定贵、孙军,关于对江西正邦科技股份有限公司及相关当事人给予通报批评的决定,2014-08-04_002157366.doc,1,0,
2505,大康农业,2013/9/30,通报批评,湖南大康国际农业食品股份有限公司、陈黎明、罗光啸、夏正奇、严芳,关于对湖南大康牧业股份有限公司及相关当事人给予通报批评处分的决定,2014-08-04_002505214.doc,1,0,
2688,金河生物,2014/4/29,通报批评,吴明夏,关于对金河生物科技股份有限公司时任董事吴明夏给予通报批评处分的决定,2014-08-04_002688337.doc,1,0,
505,珠江控股,2014/9/2,通报批评,海南珠江控股股份有限公司、俞翠红、郑清、陈秉联,关于对海南珠江控股股份有限公司及相关当事人给予处分的决定,2014-09-02_000505798.doc,1,0,
668,荣丰控股,2014/8/29,通报批评,荣丰控股集团股份有限公司、黄建森、步秀霞、李荣华、栾振国、盛小宁、汤俊、王焕新、王征,关于对荣丰控股集团股份有限公司及相关当事人给予处分的决定,2014-09-02_000668799.doc,1,0,
300029,天龙光电,2014/8/28,通报批评,江苏华盛天龙光电设备股份有限公司、冯金生、陈必红,关于对江苏华盛天龙光电设备股份有限公司及相关当事人给予通报批评的决定,2014-09-03_300029102.doc,1,0,
715,中兴商业,2014/9/5,通报批评,杭州如山创业投资有限公司,关于对杭州如山创业投资有限公司给予处分的决定,2014-09-09_000715802.doc,1,0,
300023,宝德股份,2014/9/17,通报批评,西安宝德自动化股份有限公司、赵敏、李涛、师国强,关于对西安宝德自动化股份有限公司及相关当事人给予通报批评的决定,2014-09-17_300023115.doc,1,0,
300277,海联讯,2014/10/20,公开谴责,深圳海联讯科技股份有限公司、章锋、邢文飚、刘宝峰、孔飙、廖晓光、郭志忠、胡婉蓉、罗力、苏红宇、王德保、肖逸、杨德广、周建中、林夏,关于对深圳海联讯科技股份有限公司及相关当事人给予公开谴责的决定,2014-10-22_300277121.doc,1,0,2009
2603,以岭药业,2014/10/27,通报批评,赵韶华,关于对石家庄以岭药业股份有限公司董事兼副总经理赵韶华给予通报批评处分的决定,2014-10-28_002603376.doc,1,0,
2464,众应互联,2014/12/8,通报批评,SONEM INC.,深证上[2014]460号-关于对金利科技控股股东SONEM INC.给予通报批评处分的决定,2014-12-08_002464405.doc,1,0,
2266,浙富控股,2015/1/5,通报批评,傅友爱、余永清,关于对浙富控股集团股份有限公司董事兼副总经理余永清、董事傅友爱给予通报批评处分的决定,2015-01-07_002266411.doc,1,0,
2514,宝馨科技,2015/1/6,通报批评,北京非凡领驭投资管理有限公司、叶云宙、CHANG YU-HUI、广讯有限公司,关于对苏州宝馨科技实业股份有限公司控股股东广讯有限公司等相关当事人给予通报批评处分的决定,2015-01-07_002514395.doc,1,0,
2248,*ST东数,2014/12/31,通报批评,刘传金,关于对威海华东数控股份有限公司时任副总经理刘传金给予通报批评处分的决定,2015-01-08_002248393.doc,1,0,
2460,赣锋锂业,2015/2/10,通报批评,江西赣锋锂业股份有限公司、李良彬、王晓申、邵瑾,关于对江西赣锋锂业股份有限公司及相关当事人给予通报批评处分的决定,2015-02-10_002460417.doc,1,0,
2290,中科新材,2015/2/13,公开谴责,厦门金英马影视文化有限公司、滕站、杨利、侯丽娟,关于对厦门金英马影视文化有限公司及相关当事人给予公开谴责处分的决定,2015-02-13_002290385.doc,1,0,
2189,利达光电,2015/3/27,通报批评,李智超、张子民,关于对利达光电股份有限公司相关当事人给予通报批评处分的决定,2015-03-27_002189424.doc,1,0,
632,三木集团,2014/7/30,公开谴责,林传德,关于对福建三木集团股份有限公司股东林传德给予处分的决定,2015-04-01_000632820.doc,1,0,
659,*ST中富,2015/4/22,通报批评,招镜浴⒅楹Ｖ懈皇狄倒煞萦邢薰司、陈志俊、陈立上、王玉玲,关于对珠海中富实业股份有限公司及相关当事人给予纪律处分的决定,2015-04-23_000659816.doc,1,0,
2608,江苏国信,2015/4/27,通报批评,江苏国信股份有限公司、张晓林、沈滇、倪洪菊、洪兴华、魏庆文,关于对江苏舜天船舶股份有限公司及相关当事人给予处分的决定,2015-04-27_002608440.doc,1,0,
2316,键桥通讯,2014/8/21,通报批评,深圳键桥通讯技术股份有限公司、夏明荣、徐慧玲、叶琼,关于对深圳键桥通讯技术股份有限公司及相关当事人给予通报批评处分的决定,2015-05-06_002316451.doc,1,0,
2359,北讯集团,2015/5/8,公开谴责,赵长水、刘丽丽、刘海燕、吕清明、齐星集团有限公司,关于对山东齐星铁塔科技股份有限公司及相关当事人给予处分的决定,2015-05-08_002359391.doc,1,0,2012
300323,华灿光电,2014/12/26,通报批评,华灿光电股份有限公司、韩继东、刘榕、周福云,关于对华灿光电股份有限公司及相关当事人,2015-06-08_300323152.doc,1,0,
300065,海兰信,2013/9/3,通报批评,北京海兰信数据科技股份有限公司、申万秋、魏法军,关于对北京海兰信数据科技股份有限公司及相关当事人给予通报批评的决定,2015-06-09_30006541.doc,1,0,
300195,长荣股份,2015/4/9,通报批评,李莉,关于对天津长荣印刷设备股份有限公司控股股东、实际控制人李莉给予通报批评处分的决定,2015-06-10_300195155.doc,1,0,
300026,红日药业,2013/7/8,通报批评,刘强,关于对天津红日药业股份有限公司时任监事刘强给予通报批评的决定,2015-06-11_300026161.doc,1,0,
300147,香雪制药,2014/5/9,通报批评,广州市有达投资有限公司,关于对广州市有达投资有限公司给予通报批评处分的决定,2015-06-12_300147162.doc,1,0,
2260,德奥通航,2015/6/15,通报批评,德奥通用航空股份有限公司、陈国辉、王鑫文、王正年、张之珩、朱家钢,关于对广东伊立浦电器股份有限公司及相关当事人给予通报批评处分的决定,2015-06-17_002260420.doc,1,0,
2232,启明信息,2015/6/18,通报批评,任明,关于对启明信息技术股份有限公司时任监事任明给予通报批评处分的决定,2015-06-19_002232461.doc,1,0,
300110,华仁药业,2015/6/23,通报批评,华仁世纪集团有限公司,关于对华仁世纪集团有限公司给予通报批评的决定,2015-06-29_300110127.pdf,1,0,
2617,露笑科技,2015/6/18,公开谴责,露笑科技股份有限公司、露笑集团有限公司、鲁小均、李伯英、李国千、蔡申、成三平、骆永新,关于对露笑科技股份有限公司及相关当事人给予公开谴责处分的决定,2015-07-10_002617436.pdf,2,0,
2694,顾地科技,2015/6/19,公开谴责,广东顾地塑胶有限公司、林超群、邱丽娟、林昌华,关于对顾地科技及相关当事人给予处分的决定,2015-07-10_002694471.pdf,2,0,2012
511,*ST烯碳,2015/7/31,通报批评,银基烯碳新材料集团股份有限公司、王大明、范志明、王利群、郑指挥、沈志奇、刘成文、郭社乐,关于对银基烯碳新材料股份有限公司及相关当事人给予纪律处分的决定,2015-07-31_000511832.pdf,2,0,
2638,勤上股份,2015/8/17,公开谴责,东莞勤上集团有限公司、李旭亮、温琦、胡玄跟、毛晓斌,关于对东莞勤上光电股份有限公司及相关当事人给予处分的决定,2015-08-18_002638448.pdf,2,0,2012
300167,迪威迅,2015/8/25,通报批评,深圳市迪威迅股份有限公司、季刚、林劲勋、祝鹏,关于对深圳市迪威视讯股份有限公司及相关当事人给予通报批评的决定,2015-08-25_300167181.pdf,2,0,2009
300042,朗科科技,2015/8/26,通报批评,中科汇通(深圳)股权投资基金有限公司,关于对中科汇通（深圳）股权投资基金有限公司给予通报批评的决定,2015-08-28_300042183.pdf,1,0,
300220,金运激光,2015/8/19,通报批评,梁伟、新余全盛通投资管理有限公司、梁萍、易淑梅,关于对金运激光控股股东、实际控制人梁伟及其一致行动人易淑梅、梁萍、新余全盛通投资管理给予通报批评处分,2015-08-28_300220180.pdf,1,0,
585,东北电气,2015/9/1,通报批评,新东北电气投资有限公司,关于对新东北电气投资有限公司给予通报批评处分的决定,2015-09-01_000585844.pdf,1,0,
838,财信发展,2015/9/2,通报批评,北京融达投资有限公司,关于对北京融达投资有限公司给予通报批评处分的决定,2015-09-08_000838835.pdf,1,0,
2336,人人乐,2015/9/14,通报批评,人人乐连锁商业集团股份有限公司、何金明、蔡慧明、宋琦、何浩、刘显荣、卜功桃、那璜懿、曾凡宏、何宏斌,关于对人人乐连锁商业集团股份有限公司及相关当事人给予通报批评处分的决定,2015-09-21_002336449.pdf,2,0,2011
2146,荣盛发展,2015/9/22,通报批评,鲍丽洁,关于对荣盛房地产发展股份有限公司董事兼副总裁鲍丽洁给予通报批评处分的决定,2015-09-22_002146488.pdf,1,0,
300321,同大股份,2015/11/17,公开谴责,广州穗富投资管理有限公司、伍新桥,关于对广州穗富投资管理有限公司及其法定代表人给予公开谴责的决定,2015-11-17_300321186.pdf,1,0,
300126,锐奇股份,2015/11/18,公开谴责,吴明厅,关于对锐奇控股股份有限公司及相关当事人给予纪律处分的决定,2015-11-19_300126191.pdf,1,0,
300161,华中数控,2015/11/18,公开谴责,北京瑞富时代投资有限公司,关于对华中数控股东北京瑞富时代投资有限公司给予公开谴责处分的决定,2015-11-19_300161132.pdf,1,0,
615,京汉股份,2015/11/24,通报批评,蒋岚、杜安启、陈鸿寿、史庆洪、杨徐、杜哲兴、京汉实业投资股份有限公司、班均、盛永新、郭磊明、郑春美、朱俊峰、雷生安、刘椽缘、任文明、彭见平、张静、刘蕊、李红,关于对湖北金环股份有限公司及相关当事人给予通报批评处分的决定,2015-11-30_000615855.pdf,2,0,2011
25,特  力Ａ,2015/12/21,通报批评,深圳市特力(集团)股份有限公司、丁辉、吕航、杨剑平,关于对深圳市特力（集团）股份有限公司及相关当事人给予通报批评处分的决定,2015-12-22_000025857.pdf,2,0,
300094,国联水产,2015/12/21,通报批评,湛江国联水产开发股份有限公司、李忠、陈汉、吴丽青,关于对湛江国联水产开发股份有限公司及相关当事人给予通报批评的决定,2015-12-23_300094163.pdf,2,0,
53,深基地Ｂ,2016/2/1,通报批评,范肇平,关于对深圳赤湾石油基地股份有限公司时任董事范肇平给予通报批评处分的决定,2016-02-01_000053865.pdf,1,0,
300038,梅泰诺,2016/2/1,公开谴责,赵俊山,关于对北京梅泰诺通信技术股份有限公司时任财务总监赵俊山给予公开谴责处分的决定,2016-02-02_300038200.pdf,2,0,
300353,东土科技,2016/2/1,通报批评,宛晨,关于对北京东土科技股份有限公司总经理宛晨给予通报批评处分的决定,2016-02-02_300353196.pdf,1,0,
300087,荃银高科,2016/2/2,公开谴责,徐文建、温树宏、吴桂龙、常永茂,关于对徐文建、吴桂龙、温树宏、常永茂给与公开谴责处分的决定,2016-02-03_300087188.pdf,1,0,
300189,神农基因,2016/2/2,公开谴责,张雄飞,关于对海南神农基因科技股份有限公司时任董事兼副总经理张雄飞给予公开谴责处分的决定,2016-02-03_300189202.pdf,1,0,
300327,中颖电子,2016/2/3,通报批评,潘一德,关于对中颖电子股份有限公司董事会秘书潘一德给予通报批评处分的决定,2016-02-03_300327204.pdf,1,0,
300364,中文在线,2016/1/29,通报批评,宋洁,关于对中文在线数字出版集团股份有限公司副总经理宋洁给予通报批评处分的决定,2016-02-03_300364198.pdf,1,0,
2592,八菱科技,2016/2/4,通报批评,南宁八菱科技股份有限公司、顾瑜、黄志强、黄生田,关于对南宁八菱科技股份有限公司及相关当事人给予通报批评处分的决定,2016-02-04_002592513.pdf,2,0,
833,贵糖股份,2016/3/16,通报批评,方少瑜、梁淑莲、列凤媚,关于对广西贵糖（集团）股份有限公司股东方少瑜、梁淑莲、列凤媚给予通报批评处分的决定,2016-03-16_000833875.pdf,1,0,
300151,昌红科技,2016/3/16,通报批评,管逢兴,关于对深圳市昌红科技股份有限公司监事管逢兴给予通报批评处分的决定,2016-03-16_300151203.pdf,1,0,
629,*ST钒钛,2016/3/17,通报批评,攀钢集团钒钛资源股份有限公司、张大德、邵安林、张景凡,关于对攀钢集团钒钛资源股份有限公司及相关当事人给予通报批评处分的决定,2016-03-17_000629869.pdf,2,0,2013
300106,西部牧业,2016/3/17,公开谴责,陈建防,关于对新疆西部牧业股份有限公司副总经理陈建防给予公开谴责处分的决定,2016-03-17_300106195.pdf,1,0,
2227,奥 特 迅,2016/3/22,通报批评,深圳奥特迅电力设备股份有限公司、廖晓东,关于对深圳奥特迅电力设备股份有限公司及相关当事人给予通报批评处分的决定,2016-03-23_002227534.pdf,1,0,
2583,海能达,2016/3/22,通报批评,武美,关于对海能达通信股份有限公司董事兼副总经理武美给予通报批评处分的决定,2016-03-24_002583523.pdf,1,0,
300156,神雾环保,2013/9/3,通报批评,俞夏林,关于对天立环保工程股份有限公司时任董事兼财务总监俞夏林给予处分的决定,2016-03-29_30015626.doc,1,0,
300187,永清环保,2013/11/1,通报批评,刘佳,关于对永清环保股份有限公司董事、副总经理、财务总监刘佳给予通报批评的决定,2016-03-30_30018764.doc,1,0,
300137,先河环保,2016/3/17,通报批评,张文,关于对河北先河环保科技股份有限公司监事张文给予通报批评处分的决定,2016-04-01_300137208.pdf,1,0,
2352,顺丰控股,2016/5/3,通报批评,袁福祥,关于对马鞍山鼎泰稀土新材料股份有限公司副总经理袁福祥给予通报批评处分的决定,2016-05-04_002352532.pdf,1,0,
2395,双象股份,2016/4/29,通报批评,王春龙,关于对无锡双象超纤材料股份有限公司时任董事王春龙给予通报批评处分胡决定,2016-05-11_002395525.pdf,1,0,
2104,恒宝股份,2016/5/11,通报批评,曹志新,关于对恒宝股份有限公司董事兼副总裁曹志新给予通报批评处分的决定,2016-05-13_002104539.pdf,1,0,
2628,成都路桥,2016/5/12,通报批评,李勤,关于对成都市路桥工程股份有限公司股东李勤给予通报批评处分的决定,2016-05-13_002628543.pdf,1,0,
300372,欣泰退,2016/5/18,公开谴责,丹东欣泰电气股份有限公司、蔡虹、陈柏超、陈玉、杜晓宁、范永喜、韩冬、胡晓勇、蒋光福、刘明胜、宋丽萍、隋宽德、孙洪贵、孙文东、王建华、温德乙、赵春年,关于对丹东欣泰电气股份有限公司及相关当事人给予公开谴责处分的决定,2016-05-18_300372213.pdf,1,0,2014
300028,金亚科技,2016/5/18,公开谴责,周旭辉、金亚科技股份有限公司、陈宏、何苗、王海龙、陈维亮、丁勇和、罗进、刘志宏、曾兴勇、张世杰、周良超,关于对金亚科技股份有限公司及相关当事人给予纪律处分的决定,2016-05-19_300028217.pdf,1,0,2013
300052,中青宝,2015/10/20,通报批评,深圳中青宝互动网络股份有限公司、李瑞杰、刘立,深证上[2015]447号-关于对深圳中青宝互动网络股份有限公司及相关当事人给予通报批评的决定,2016-05-19_300052135.pdf,1,0,
706,瓦轴B,2016/7/7,通报批评,瓦房店轴承股份有限公司、孟伟、孙茂林、孙娜娟,关于对瓦房店轴承股份有限公司及相关当事人给予通报批评处分的决定,2016-07-11_000706890.pdf,2,0,
2392,北京利尔,2016/7/11,通报批评,北京利尔高温材料股份有限公司、郭鑫、赵继增、牛俊高、张建超,关于对北京利尔高温材料股份有限公司及相关当事人给予通报批评处分的决定,2016-07-11_002392563.pdf,2,0,
2273,水晶光电,2016/7/11,通报批评,星星集团有限公司,关于对水晶光电控股股东星星集团有限公司给予通报批评处分的决定,2016-07-12_002273542.pdf,1,0,
957,中通客车,2016/8/5,通报批评,中通汽车工业集团有限责任公司,关于对中通汽车工业集团有限责任公司给予通报批评处分的决定,2016-08-05_000957907.pdf,1,0,
2366,台海核电,2016/8/18,通报批评,台海玛努尔核电设备股份有限公司、王盛义、王雪欣,关于对台海玛努尔核电设备股份有限公司及相关当事人给予通报批评处分的决定,2016-08-18_002366574.pdf,2,0,
300368,汇金股份,2016/8/19,公开谴责,赵海金,关于对河北汇金机电股份有限公司相关当事人给予纪律处分的决定,2016-08-22_300368215.pdf,2,0,
300081,恒信东方,2016/8/23,通报批评,恒信东方文化股份有限公司、孟宪民、段赵东,关于对恒信移动商务股份有限公司及相关当事人给予通报批评处分的决定,2016-08-23_300081216.pdf,1,0,
2264,新 华 都,2016/9/9,通报批评,新华都购物广场股份有限公司、陈志程、周文贵、陈耿生、龚严冰,关于对新华都购物广场股份有限公司及相关当事人给予通报批评处分的决定,2016-09-09_002264554.pdf,1,0,
2667,鞍重股份,2016/9/6,通报批评,张宝田,关于对鞍山重型矿山机器股份有限公司副总经理兼董事会秘书张宝田给予通报批评处分的决定,2016-09-12_002667590.pdf,2,0,
612,焦作万方,2016/9/12,通报批评,西藏吉奥高投资控股有限公司、刘坤芳、黄楚淮、藏灵霞,关于对西藏吉奥高投资控股有限公司及相关当事人给予通报批评处分的决定,2016-09-13_000612910.pdf,1,0,
300076,GQY视讯,2016/9/13,公开谴责,姚国际,关于对宁波GQY视讯股份有限公司股东姚国际给予公开谴责处分的决定,2016-09-26_300076234.pdf,1,0,
300399,京天利,2016/9/19,通报批评,北京无线天利移动信息技术股份有限公司、钱永耀,关于对北京无线天利移动信息技术股份有限公司及相关当事人给予通报批评处分的决定,2016-09-26_300399233.pdf,1,0,2014
300420,五洋停车,2016/9/13,通报批评,江苏五洋停车产业集团股份有限公司、侯友夫、蔡敏,关于对徐州五洋科技股份有限公司及相关当事人给予通报批评处分的决定,2016-09-26_300420228.pdf,1,0,
2278,神开股份,2016/9/27,通报批评,上海业祥投资管理有限公司、顾正、王祥伟、袁建新、施建兴、顾冰,关于对上海神开石油化工装备股份有限公司相关当事人给予通报批评处分的决定,2016-09-27_002278598.pdf,1,0,
2485,希努尔,2016/9/30,公开谴责,华夏人寿保险股份有限公司,关于对华夏人寿保险股份有限公司给予公开谴责处分的决定,2016-09-30_002485593.pdf,1,0,
300330,华虹计通,2016/10/10,通报批评,上海华虹计通智能系统股份有限公司、项翔、徐明、黄健军,关于对上海华虹计通智能系统股份有限公司及相关当事人给予通报批评处分的决定,2016-10-11_300330223.pdf,2,0,
2697,红旗连锁,2016/10/14,公开谴责,曹世如、四川三新创业投资有限责任公司,关于对成都红旗连锁股份有限公司相关当事人给予公开谴责处分的决定,2016-10-14_002697586.pdf,1,0,
300418,昆仑万维,2016/8/18,通报批评,方汉,关于对北京昆仑万维科技股份有限公司时任副总经理方汉给予通报批评的决定,2016-10-19_300418209.pdf,1,0,
2239,奥特佳,2016/11/3,通报批评,王强,关于对奥特佳新能源科技股份有限公司董事王强给予通报批评处分的决定,2016-11-07_002239604.pdf,1,0,
300090,盛运环保,2016/11/3,通报批评,安徽盛运环保（集团）股份有限公司、开晓胜、王仕民、杨宝、齐敦卫、汪玉,关于对安徽盛运环保（集团）股份有限公司及相关当事人给予通报批评处分的决定,2016-11-11_300090227.pdf,2,0,
2181,粤 传 媒,2016/11/14,通报批评,广东广州日报传媒股份有限公司、顾涧清、吴宇,关于对广东广州日报传媒股份有限公司及相关当事人给予通报批评处分的决定,2016-11-14_002181613.pdf,2,0,
2676,顺威股份,2016/11/11,公开谴责,文细棠,关于对广东顺威精密塑料股份有限公司股东文细棠给予公开谴责处分的决定,2016-11-15_002676551.pdf,1,0,
2173,创新医疗,2016/12/6,通报批评,梁喜才,关于对*ST创疗副总经理梁喜才通报批评处分的决定,2016-12-07_002173606.pdf,2,0,
300013,新宁物流,2016/12/12,通报批评,江苏新宁现代物流股份有限公司、曾卓、谭平江、吴宏、马汝柯、王雅军,关于对江苏新宁现代物流股份有限公司及相关当事人给予通报批评处分的决定,2016-12-14_300013225.pdf,2,0,
300116,坚瑞沃能,2013/9/3,通报批评,陕西坚瑞沃能股份有限公司、郭鸿宝、李炜、徐凤江,关于对陕西坚瑞消防股份有限公司及相关当事人给予通报批评的决定,2016-12-23_30011665.pdf,2,0,
38,深大通,2016/12/29,通报批评,深圳大通实业股份有限公司、姜剑、郝亮,关于对深圳大通实业股份有限公司及相关当事人给予通报批评处分的决定,2016-12-29_000038915.pdf,1,0,
532,华金资本,2016/12/27,公开谴责,力合科创集团有限公司,关于对力合科创集团有限公司给予公开谴责处分的决定,2016-12-30_000532927.pdf,1,0,
2330,得利斯,2016/12/28,公开谴责,山东得利斯食品股份有限公司、杨松国、于瑞波、郑思敏、郑和平,关于对大华会计师事务所（特殊普通合伙）注册会计师殷宪锋、徐利君给予通报批评处分的决定,2017-01-03_002330625.pdf,2,0,2013
2565,顺灏股份,2017/1/5,通报批评,上海顺灏新材料科技股份有限公司、王丹、高翔、刘炜、张晓东,关于对上海顺灏新材料科技股份有限公司及相关当事人给予通报批评处分的决定,2017-01-11_002565614.pdf,2,0,
2622,融钰集团,2017/2/22,通报批评,李刚,关于对吉林永大集团股份有限公司相关当事人给予通报批评处分的决定,2017-02-22_002622645.pdf,1,0,
2221,东华能源,2017/2/28,公开谴责,施建刚,关于对施建刚给予公开谴责处分的决定,2017-03-01_002221609.pdf,1,0,
819,岳阳兴长,2017/3/21,公开谴责,湖南长炼兴长集团有限责任公司,关于对湖南长炼兴长集团有限责任公司给予公开谴责处分的决定,2017-03-21_000819933.pdf,1,0,
2036,联创电子,2017/3/27,公开谴责,联创电子科技股份有限公司、韩盛龙、陆繁荣、罗顺根、江西鑫盛投资有限公司,关于对联创电子科技股份有限公司及相关当事人给予公开谴责处分的决定,2017-03-29_002036644.pdf,2,0,
2715,登云股份,2017/3/31,公开谴责,国投高科技投资有限公司,关于对国投高科技投资有限公司给予公开谴责处分的决定,2017-03-31_002715662.pdf,1,0,
2566,益盛药业,2017/4/20,通报批评,毕建涛、薛晓民、于培峰、肖波华、李国君、刘建明、尹笠佥、李方荣、卫巍、杨力、白志强、张祖英、张锦、周永平、曲波、王玉胜、尚书媛、王斌,关于对吉林省集安益盛药业股份有限公司及相关当事人给予纪律处分的决定,2017-04-20_002566652.pdf,2,0,
300236,上海新阳,2017/4/21,公开谴责,李昊,关于对上海新阳半导体材料股份有限公司股东李昊给予公开谴责处分的决定,2017-04-24_300236243.pdf,1,0,
300380,安硕信息,2017/4/20,公开谴责,上海安硕信息技术股份有限公司、高鸣、曹丰,深证上[2017]252号-关于对上海安硕信息技术股份有限公司及相关当事人给予公开谴责处分的决定,2017-04-24_300380250.pdf,1,0,2013
300326,凯利泰,2017/3/31,公开谴责,上海欣诚意投资有限公司,关于对上海凯利泰医疗科技股份有限公司股东上海欣诚意投资有限公司给予公开谴责处分的决定,2017-04-25_300326251.pdf,1,0,
300345,红宇新材,2017/4/26,公开谴责,湘江产业投资有限责任公司,关于对湘江产业投资有限责任公司给予公开谴责处分的决定,2017-05-03_300345249.pdf,1,0,
2396,星网锐捷,2017/6/14,公开谴责,FINET INVESNTMENT LIMITED,关于对福建星网锐捷通讯股份有限公司股东FINET给予公开谴责处分的决定,2017-06-13_002396664.pdf,1,0,
2217,合力泰,2017/6/13,通报批评,王宜明,关于对合力泰科技股份有限公司董事王宜明给予通报批评处分的决定,2017-06-16_002217655.pdf,1,0,
2122,天马股份,2017/7/14,通报批评,天马轴承集团股份有限公司、傅淼、马兴法、沈高伟、沈吉美,关于对天马轴承集团股份有限公司及相关当事人给予通报批评处分的决定,2017-07-14_002122683.pdf,2,0,
2309,中利集团,2017/7/14,通报批评,江苏中利集团股份有限公司、王柏兴、陈波瀚、胡常青,关于对江苏中利集团股份有限公司及相关当事人给予通报批评处分的决定,2017-07-14_002309699.pdf,2,0,
2412,汉森制药,2017/7/17,通报批评,新疆汉森股权投资管理有限合伙企业,关于对新疆汉森股权投资管理有限合伙企业给予通报批评处分的决定,2017-07-19_002412654.pdf,1,0,
2070,*ST众和,2017/8/1,公开谴责,福建众和股份有限公司、许建成、黄燕琴,关于对福建众和股份有限公司及相关当事人给予公开谴责处分的决定,2017-08-02_002070698.pdf,2,0,
2170,芭田股份,2017/8/1,通报批评,黄林华,关于对深圳市芭田生态工程股份有限公司股东黄林华给予通报批评处分的决定,2017-08-02_002170660.pdf,1,0,
2194,武汉凡谷,2017/8/3,公开谴责,武汉凡谷电子技术股份有限公司、孟凡博、王志松,关于对武汉凡谷电子技术股份有限公司及相关当事人给予公开谴责处分的决定,2017-08-02_002194697.pdf,2,0,
2397,梦洁股份,2017/8/1,通报批评,湖南梦洁家纺股份有限公司、李菁、龙翼、姜天武,关于对湖南梦洁家纺股份有限公司及相关当事人给予通报批评处分的决定,2017-08-02_002397718.pdf,2,0,
300216,千山药机,2017/8/16,通报批评,湖南千山制药机械股份有限公司、陈龙晖、刘祥华、周大连,关于对湖南千山制药机械股份有限公司及相关当事人给予通报批评处分的决定,2017-08-18_300216274.pdf,2,0,
2509,天广中茂,2017/8/24,通报批评,天广中茂股份有限公司、邱茂国、邱茂期、程加兵,关于对天广中茂股份有限公司及相关当事人给予通报批评处分的决定,2017-08-24_002509696.pdf,2,0,
2738,中矿资源,2017/8/23,公开谴责,国腾投资有限责任公司,关于对国腾投资有限责任公司给予公开谴责处分的决定,2017-08-24_002738725.pdf,1,0,
861,海印股份,2017/8/21,通报批评,广东海印集团股份有限公司、邵建明、邵建佳、潘尉、温敏婷,关于对广东海印集团股份有限公司及相关当事人给予通报批评处分的决定,2017-08-25_000861951.pdf,2,0,
2198,嘉应制药,2017/8/21,通报批评,广东嘉应制药股份有限公司、陈泳洪、黄康民、林少贤、颜振基、张衡、陈磊、周应军、熊伟、陈鸿金,关于对广东嘉应制药股份有限公司及相关当事人给予通报批评处分的决定,2017-08-25_002198693.pdf,1,0,
300159,新研股份,2017/9/5,通报批评,杨立军,关于对新疆机械研究院股份有限公司董事杨立军给予通报批评处分的决定,2017-09-06_300159268.pdf,1,0,
300135,宝利国际,2017/9/5,公开谴责,周德洪、王学良、张宇定、徐建娟、陈永勤、江苏宝利国际投资股份有限公司,关于对江苏宝利国际投资股份有限公司及相关当事人给予纪律处分的决定,2017-09-07_300135278.pdf,2,0,
300301,长方集团,2017/9/6,通报批评,深圳市长方集团股份有限公司、邓子长、邓子权、胡济荣、杨文豪,关于对深圳市长方集团股份有限公司及相关当事人给予通报批评处分的决定,2017-09-07_300301271.pdf,2,0,
300489,中飞股份,2017/9/5,通报批评,黑龙江红土科力创业投资有限公司,关于对黑龙江红土科力创业投资有限公司给予通报批评处分的决定,2017-09-08_300489282.pdf,1,0,
2571,*ST德力,2017/10/9,通报批评,施卫东、俞乐、吴健、安徽德力日用玻璃股份有限公司,关于对安徽德力日用玻璃股份有限公司及相关当事人给予通报批评处分的决定,2017-10-09_002571716.pdf,2,0,
300304,云意电气,2017/10/23,通报批评,李成忠,关于对江苏云意电气股份有限公司董事兼董事会秘书李成忠给予通报批评处分的决定,2017-10-23_300304288.pdf,1,0,
300117,嘉寓股份,2017/10/25,公开谴责,北京嘉寓门窗幕墙股份有限公司、田家玉、沈兰薇、胡满姣,关于对北京嘉寓门窗幕墙股份有限公司及有关当事人给予纪律处分的决定,2017-10-25_300117267.pdf,2,0,2009
300175,朗源股份,2017/10/24,通报批评,朗源股份有限公司、戚大广、戚永茂、张丽娜、李博,关于对朗源股份有限公司及相关当事人给予通报批评处分的决定,2017-10-30_300175280.pdf,2,0,2015
300498,温氏股份,2017/11/1,通报批评,麦润彩,关于对广东温氏食品集团股份有限公司股东麦润彩给予通报批评处分的决定,2017-11-01_300498276.pdf,1,0,
300332,天壕环境,2017/11/1,通报批评,王祖锋、天壕环境股份有限公司、陈作涛、王坚军、李江冰,关于对天壕环境股份有限公司及相关当事人给予通报批评处分的决定,2017-11-06_300332309.pdf,2,0,
2670,国盛金控,2017/11/7,通报批评,中江国际信托股份有限公司,关于对中江国际信托股份有限公司给予通报批评处分的决定,2017-11-08_002670728.pdf,1,0,
2247,帝龙文化,2017/11/2,通报批评,爱新觉罗肇珊,关于对浙江帝龙文化发展股份有限公司股东爱新觉罗肇珊给予通报批评处分的决定,2017-11-14_002247724.pdf,1,0,
300056,三维丝,2017/11/16,公开谴责,厦门三维丝环保股份有限公司、丘国强、张煜、廖政宗、刘明辉、王荣聪、王智勇、郑兴灿、陈锡良、朱利民、张永丰、周荣德、康述F、耿占吉、罗红花、罗祥波、屈冀彤、彭南京、李凉凉,关于对厦门三维丝环保股份有限公司及相关当事人给予纪律处分的决定,2017-11-20_300056306.pdf,2,0,2015
300463,迈克生物,2017/12/14,公开谴责,吕磊,关于对迈克生物股份有限公司股东、时任监事吕磊给予公开谴责处分的决定,2017-12-14_300463301.pdf,1,0,
12,南  玻Ａ,2017/12/20,通报批评,曾南、陈潮、吴国斌、罗友明、中国南玻集团股份有限公司、柯汉奇,关于对中国南玻集团股份有限公司及相关当事人给予处分的决定,2017-12-25_000012964.pdf,2,0,
2108,沧州明珠,2017/12/19,通报批评,钜鸿（香港）有限公司,关于对钜鸿（香港）有限公司给予通报批评处分的决定,2017-12-25_002108746.pdf,1,0,
300104,乐视网,2017/12/29,公开谴责,贾跃亭、贾跃芳,关于对乐视网信息技术（北京）股份有限公司股东贾跃亭、贾跃芳给予公开谴责处分的决定,2018-01-02_300104302.pdf,1,0,
2092,中泰化学,2018/1/23,通报批评,浙江富丽达股份有限公司,深证上[2018]54号-关于对浙江富丽达股份有限公司给予通报批评处分的决定,2018-01-23_002092748.pdf,1,0,
2504,*ST弘高,2018/1/26,公开谴责,北京弘高创意建筑设计股份有限公司、何宁、甄建涛、徐勇、施建民、王少权、王慧龙、江五洲、韩力伟、孙志新、李秉仁、朱征夫、王德宏、宋、高山,关于对北京弘高创意建筑设计股份有限公司及相关当事人给予纪律处分的决定,2018-01-30_002504741.pdf,2,0,2015
