FraudID	Stkcd	StkName	FileName	DisposalDate	DisposalYear	MatchingYear	Accper	Type	VioYear	Violation1	Violation2	DocID
1	7	全新好	关于对深圳市零七股份有限公司及相关当事人给予处分的决定	2014/8/26	2014	2013	2013/12/31	公开谴责	2012	重大遗漏,其他	虚假记载	深.315
2	9	中国宝安	关于对中水集团远洋股份有限公司等十一家上市公司予以内部通报批评的决定	2002/7/17	2002	2001	2001/12/31	内部批评	2001	推迟披露	推迟披露	深.950
3	10	美丽生态	关于对深圳市华新股份有限公司及相关当事人给予通报批评的决定	2010/6/24	2010	2009	2009/12/31	交易所通报批评	2003	虚假记载(误导性陈述),重大遗漏,占用公司资产	虚假记载(误导性陈述),重大遗漏,占用公司资产	深.543
4	12	南  玻Ａ	关于对中国南玻集团股份有限公司及相关当事人给予处分的决定	2017/12/20	2017	2016	2016/12/31	通报批评	2013	虚假记载(误导性陈述)	虚假记载(误导性陈述)	深.19
5	13	*ST石化A	关于对广西康达（集团）股份有限公司等公司予以内部批评的决定	2001/7/3	2001	2000	2000/12/31	内部批评	2000	推迟披露,重大遗漏,占用公司资产,其他	推迟披露,重大遗漏,占用公司资产,其他	深.1118
6	19	深深宝Ａ	关于对深圳市深宝实业股份有限公司予以内部批评的决定	2000/6/28	2000	1999	1999/12/31	内部批评	1999	推迟披露	推迟披露	深.1151
7	20	深华发Ａ	关于对深圳华发电子股份有限公司及相关人员予以内部通报批评的决定	2004/6/10	2004	2003	2003/12/31	内部批评	2000	虚构利润,推迟披露	虚构利润,推迟披露	深.839
8	21	深科技	关于对深圳开发科技股份有限公司予以内部通报批评的决定	2001/12/19	2001	2000	2000/12/31	内部批评	2000	推迟披露	推迟披露	深.1024
9	26	飞亚达Ａ	关于对成都宗申联益实业股份有限公司等21家公司予以内部通报批评的决定	2001/10/31	2001	2000	2000/12/31	内部批评	2001	推迟披露,违规担保	推迟披露,违规担保	深.1058
10	33	新都退	关于对深圳新都酒店股份有限公司及相关当事人给予处分的决定	2014/8/26	2014	2013	2013/12/31	公开谴责	2011	虚假记载(误导性陈述)	虚假记载(误导性陈述)	深.313
11	34	神州数码	中国证监会行政处罚决定书（深信泰丰及肖水龙、王迎等人）	2007/8/30	2007	2006	2006/12/31		2003	虚假记载(误导性陈述),重大遗漏	虚假记载(误导性陈述),重大遗漏	证.811
12	35	中国天楹	关于对中国科健股份有限公司及原董事会秘书董志刚予以公开谴责的决定	2002/4/5	2002	2001	2001/12/31	公开谴责	2001	推迟披露,其他	推迟披露,其他	深.995
13	40	东旭蓝天	中国证监会行政处罚决定书（宝安鸿基地产集团股份有限公司、邱瑞亨、任国强等15名责任人）	2012/12/17	2012	2011	2011/12/31		2006	nonexist	重大遗漏	证.534
14	41	*ST本实B	关于对深圳本鲁克斯实业股份有限公司及相关董事予以内部通报批评的决定	2004/8/5	2004	2003	2003/12/31	内部批评	2003	虚假记载(误导性陈述),推迟披露	虚假记载(误导性陈述),推迟披露	深.810
15	43	中航地产	关于对成都宗申联益实业股份有限公司等21家公司予以内部通报批评的决定	2001/10/31	2001	2000	2000/12/31	内部批评	2001	推迟披露,违规担保	推迟披露,违规担保	深.1057
16	55	方大集团	中国证监会行政处罚决定书（方大集团及熊建明等相关人员）	2006/6/28	2006	2005	2005/12/31		2001	虚构利润,虚假记载(误导性陈述)	虚构利润,虚假记载(误导性陈述)	证.856
17	66	中国长城	关于对中国长城计算机深圳股份有限公司予以内部通报批评的决定	2001/12/19	2001	2000	2000/12/31	内部批评	2000	推迟披露	推迟披露	深.1023
18	68	华控赛格	关于对通化金马药业集团股份有限公司等六家公司予以公开谴责的决定	2002/7/2	2002	2001	2001/12/31	公开谴责	2001	推迟披露,其他	推迟披露,其他	深.957
19	70	特发信息	关于对广西康达（集团）股份有限公司等公司予以内部批评的决定	2001/7/3	2001	2000	2000/12/31	内部批评	2000	推迟披露,重大遗漏,占用公司资产,其他	推迟披露,重大遗漏,占用公司资产,其他	深.1087
20	78	海王生物	关于对通化金马药业集团股份有限公司等六家公司予以公开谴责的决定	2002/7/2	2002	2001	2001/12/31	公开谴责	2001	推迟披露,其他	推迟披露,其他	深.956
21	99	中信海直	关于对广西康达（集团）股份有限公司等公司予以内部批评的决定	2001/7/3	2001	2000	2000/12/31	内部批评	2000	推迟披露,重大遗漏,占用公司资产,其他	推迟披露,重大遗漏,占用公司资产,其他	深.1115
22	150	宜华健康	关于对麦科特光电股份有限公司及相关人员予以公开谴责的决定	2006/3/1	2006	2005	2005/12/31	公开谴责	2004	虚假记载(误导性陈述),推迟披露,擅自改变资金用途,其他	虚假记载(误导性陈述),推迟披露,擅自改变资金用途,其他	深.745
23	155	川化股份	关于对广西康达（集团）股份有限公司等公司予以内部批评的决定	2001/7/3	2001	2000	2000/12/31	内部批评	2000	推迟披露,重大遗漏,占用公司资产,其他	推迟披露,重大遗漏,占用公司资产,其他	深.1114
24	156	华数传媒	关于对湖南安塑股份有限公司予以公开谴责的决定	2002/3/28	2002	2001	2001/12/31	公开谴责	2000	推迟披露	推迟披露	深.1003
25	301	东方市场	关于对吴江丝绸股份有限公司及相关人员予以通报批评的决定	2005/9/6	2005	2004	2004/12/31	交易所通报批评	2004	虚假记载(误导性陈述),推迟披露,重大遗漏,其他	虚假记载(误导性陈述),推迟披露,重大遗漏,其他	深.763
26	400	许继电气	关于对成都宗申联益实业股份有限公司等21家公司予以内部通报批评的决定	2001/10/31	2001	2000	2000/12/31	内部批评	2000	推迟披露,违规担保	推迟披露,违规担保	深.1056
27	403	ST生化	关于对长春北方五环实业股份有限公司等十三家上市公司予以内部通报批评的决定	2002/5/31	2002	2001	2001/12/31	内部批评	2001	重大遗漏,其他	重大遗漏,其他	深.987
28	404	华意压缩	关于对广西康达（集团）股份有限公司等公司予以内部批评的决定	2001/7/3	2001	2000	2000/12/31	内部批评	2000	推迟披露,重大遗漏,占用公司资产,其他	推迟披露,重大遗漏,占用公司资产,其他	深.1113
29	407	胜利股份	关于对山东胜利股份有限公司及相关当事人给予处分的决定	2012/2/7	2012	2011	2011/12/31	交易所通报批评	2010	推迟披露	推迟披露	深.452
30	408	藏格控股	关于对成都宗申联益实业股份有限公司等21家公司予以内部通报批评的决定	2001/10/31	2001	2000	2000/12/31	内部批评	2001	推迟披露,违规担保	推迟披露,违规担保	深.1055
31	409	山东地矿	关于对泰复实业股份有限公司及相关当事人给予通报批评的决定	2010/12/7	2010	2009	2009/12/31	交易所通报批评	2009	推迟披露	推迟披露	深.513
32	410	*ST沈机	关于对中水集团远洋股份有限公司等十一家上市公司予以内部通报批评的决定	2002/7/17	2002	2001	2001/12/31	内部批评	2001	推迟披露	推迟披露	深.949
33	412	ST 五 环	关于对长春北方五环实业股份有限公司等十三家上市公司予以内部通报批评的决定	2002/5/31	2002	2001	2001/12/31	内部批评	1997	重大遗漏,其他	重大遗漏,其他	深.986
34	416	民生控股	关于对民生投资管理股份有限公司及相关当事人给予处分的决定	2009/8/4	2009	2008	2008/12/31	交易所通报批评	2008	推迟披露	推迟披露	深.582
35	418	小天鹅Ａ	关于对无锡小天鹅股份有限公司及相关当事人给予处分的决定	2006/9/19	2006	2005	2005/12/31	公开谴责	2005	推迟披露,重大遗漏,占用公司资产,其他	推迟披露,重大遗漏,占用公司资产,其他	深.710
36	420	吉林化纤	关于对长春北方五环实业股份有限公司等十三家上市公司予以内部通报批评的决定	2002/5/31	2002	2001	2001/12/31	内部批评	2000	重大遗漏,其他	重大遗漏,其他	深.985
37	421	南京公用	中国证监会行政处罚决定书（南京中北、郭试平等7名责任人员）	2010/3/19	2010	2009	2009/12/31		2003	虚假记载(误导性陈述),重大遗漏	虚假记载(误导性陈述),重大遗漏	证.683
38	422	湖北宜化	关于对湖北宜化化工股份有限公司予以内部通报批评的决定	2001/12/11	2001	2000	2000/12/31	内部批评	1996	推迟披露,重大遗漏	推迟披露,重大遗漏	深.1026
39	430	张家界	关于湖南省张家界旅游开发股份有限公司及肖碧文等人违反证券法规行为的处罚决定	2001/8/3	2001	2000	2000/12/31		1996	虚构利润	虚构利润	证.1035
40	498	山东路桥	中国证监会行政处罚决定书（丹化股份、梁健等12名责任人员）	2010/1/6	2010	2009	2009/12/31		2003	虚假记载(误导性陈述),推迟披露,其他	虚假记载(误导性陈述),推迟披露,其他	证.692
41	503	海虹控股	关于对四川美亚丝绸（集团）股份有限公司等二十三家上市公司予以内部通报批评的决定	2003/4/25	2003	2002	2002/12/31	内部批评	2002	推迟披露,其他	推迟披露,其他	深.893
42	504	南华生物	关于对北京赛迪传媒投资股份有限公司及相关当事人给予处分的决定	2014/2/11	2014	2013	2013/12/31	通报批评	2012	推迟披露,一般会计处理不当	推迟披露,一般会计处理不当	深.348
43	509	华塑控股	中国证监会行政处罚决定书（四川天歌及相关人员）	2005/6/8	2005	2004	2004/12/31		2000	虚构利润,虚假记载(误导性陈述),推迟披露,重大遗漏	虚构利润,虚假记载(误导性陈述),推迟披露,重大遗漏	证.904
44	510	金路集团	关于四川金路集团股份有限公司及有关人员违反证券法规行为的处罚决定	2001/11/9	2001	2000	2000/12/31		1997	虚构利润,重大遗漏	虚构利润,重大遗漏	证.1022
45	511	*ST烯碳	关于对银基烯碳新材料股份有限公司及相关当事人给予纪律处分的决定	2015/7/31	2015	2014	2014/12/31	通报批评	2009	虚假记载(误导性陈述),重大遗漏,其他	虚假记载(误导性陈述),重大遗漏,其他	深.265
46	514	渝开发	关于对重庆渝开发股份有限公司违反证券法律法规的处罚决定	2003/9/16	2003	2002	2002/12/31		1998	虚构利润,虚假记载(误导性陈述)	虚构利润,虚假记载(误导性陈述)	证.982
47	521	美菱电器	关于对通化金马药业集团股份有限公司等六家公司予以公开谴责的决定	2002/7/2	2002	2001	2001/12/31	公开谴责	1998	推迟披露,其他	推迟披露,其他	深.955
48	525	红 太 阳	关于对成都宗申联益实业股份有限公司等21家公司予以内部通报批评的决定	2001/10/31	2001	2000	2000/12/31	内部批评	2001	推迟披露,违规担保	推迟披露,违规担保	深.1053
49	526	*ST紫学	关于对成都宗申联益实业股份有限公司等21家公司予以内部通报批评的决定	2001/10/31	2001	2000	2000/12/31	内部批评	2001	推迟披露,违规担保	推迟披露,违规担保	深.1052
50	527	美的电器	关于对中水集团远洋股份有限公司等十一家上市公司予以内部通报批评的决定	2002/7/17	2002	2001	2001/12/31	内部批评	2001	推迟披露	推迟披露	深.948
51	529	广弘控股	中国证监会行政处罚决定书（广东美雅及冯国良等人）	2007/5/25	2007	2006	2006/12/31		2003	虚构利润	虚构利润	证.820
52	533	万 家 乐	关于对广东万家乐股份有限公司予以公开谴责的决定	2001/10/9	2001	2000	2000/12/31	公开谴责	1999	nonexist	违规担保	深.1063
53	535	*ST 猴王	关于对猴王股份有限公司予以公开谴责的决定	2000/6/16	2000	1999	1999/12/31	公开谴责	1994	重大遗漏,占用公司资产	重大遗漏,占用公司资产	深.1152
54	537	广宇发展	关于对四川美亚丝绸（集团）股份有限公司等二十三家上市公司予以内部通报批评的决定	2003/4/25	2003	2002	2002/12/31	内部批评	2001	推迟披露,其他	推迟披露,其他	深.891
55	541	佛山照明	关于对佛山电器照明股份有限公司及相关当事人给予处分的决定	2012/10/9	2012	2011	2011/12/31	通报批评	2009	推迟披露,重大遗漏,其他	推迟披露,重大遗漏,其他	深.419
56	542	TCL 通讯	关于对中水集团远洋股份有限公司等十一家上市公司予以内部通报批评的决定	2002/7/17	2002	2001	2001/12/31	内部批评	2001	推迟披露	推迟披露	深.946
57	546	金圆股份	深证上[2012]262-关于对吉林光华控股集团股份有限公司及相关当事人予以通报批评的决定	2012/8/8	2012	2011	2011/12/31	通报批评	2011	重大遗漏,其他	重大遗漏,其他	深.437
58	547	航天发展	关于对中水集团远洋股份有限公司等十一家上市公司予以内部通报批评的决定	2002/7/17	2002	2001	2001/12/31	内部批评	2001	推迟披露	推迟披露	深.945
59	549	S湘火炬(退市)	中国证监会行政处罚决定书（湘火炬及聂新勇、刘海南等相关人员）	2006/11/28	2006	2005	2005/12/31		1997	虚构利润,虚假记载(误导性陈述),重大遗漏,其他	虚构利润,虚假记载(误导性陈述),重大遗漏,其他	证.843
60	553	沙隆达Ａ	关于对成都宗申联益实业股份有限公司等21家公司予以内部通报批评的决定	2001/10/31	2001	2000	2000/12/31	内部批评	2001	推迟披露,违规担保	推迟披露,违规担保	深.1051
61	555	神州信息	关于对天津灯塔涂料股份有限公司等九家公司予以内部通报批评的决定	2003/3/5	2003	2002	2002/12/31	内部批评	2002	推迟披露,其他	推迟披露,其他	深.921
62	557	西部创业	中国证券监督管理委员会行政处罚决定书（银广夏）	2002/4/23	2002	2001	2001/12/31		1998	虚构利润,虚假记载(误导性陈述),重大遗漏,其他	虚构利润,虚假记载(误导性陈述),重大遗漏,其他	证.1008
63	559	万向钱潮	关于对万向钱潮股份有限公司予以内部通报批评的决定	2001/12/4	2001	2000	2000/12/31	内部批评	2001	重大遗漏	重大遗漏	深.1032
64	561	烽火电子	关于对长岭（集团）股份有限公司及相关人员予以处分的决定	2005/12/30	2005	2004	2004/12/31	公开谴责	2005	虚假记载(误导性陈述),推迟披露,其他	虚假记载(误导性陈述),推迟披露,其他	深.748
65	566	海南海药	关于对广西康达（集团）股份有限公司等公司予以内部批评的决定	2001/7/3	2001	2000	2000/12/31	内部批评	2000	推迟披露,重大遗漏,占用公司资产,其他	推迟披露,重大遗漏,占用公司资产,其他	深.1111
66	567	海德股份	关于对海南海德纺织实业股份有限公司予以内部批评的决定	2002/2/28	2002	2001	2001/12/31	内部批评	1998	推迟披露,重大遗漏	违规担保	深.1012
67	569	长城股份	关于对四川川投长城特殊钢股份有限公司及相关人员予以内部通报批评的决定	2004/7/13	2004	2003	2003/12/31	内部批评	2003	推迟披露,其他	推迟披露,其他	深.816
68	570	苏常柴Ａ	关于对成都宗申联益实业股份有限公司等21家公司予以内部通报批评的决定	2001/10/31	2001	2000	2000/12/31	内部批评	2001	推迟披露,违规担保	推迟披露,违规担保	深.1050
69	572	海马汽车	关于对海马汽车集团股份有限公司及相关当事人给予处分的决定	2012/9/7	2012	2011	2011/12/31	通报批评	2011	推迟披露	推迟披露	深.432
70	573	粤宏远Ａ	关于对东莞宏远工业区股份有限公司及相关人员进行公开谴责的决定	2001/9/13	2001	2000	2000/12/31	公开谴责	2000	虚假记载(误导性陈述),推迟披露,披露不实(其它)	虚假记载(误导性陈述),推迟披露,披露不实(其它)	深.1065
71	578	盐湖集团(退市)	中国证监会行政处罚决定书（青海数码网络投资（集团）股份有限公司、钟小剑、张德雷等7名责任人员）	2009/8/27	2009	2008	2008/12/31		2002	nonexist	违规担保	证.719
72	582	北部湾港	中国证监会行政处罚决定书（北海港、天津德利得、王学利等15名责任人员）	2011/1/10	2011	2010	2010/12/31		2005	推迟披露,重大遗漏,占用公司资产	推迟披露,重大遗漏,占用公司资产	证.638
73	583	S*ST托普	关于对成都宗申联益实业股份有限公司等21家公司予以内部通报批评的决定	2001/10/31	2001	2000	2000/12/31	内部批评	2001	推迟披露,违规担保	推迟披露,违规担保	深.1049
74	587	金洲慈航	关于对光明集团家具股份有限公司及有关人员予以公开谴责的决定	2003/8/20	2003	2002	2002/12/31	公开谴责	2002	nonexist	推迟披露	深.865
75	590	启迪古汉	关于对紫光古汉集团股份有限公司及相关当事人予以处分的决定	2013/7/24	2013	2012	2012/12/31	公开谴责	2004	nonexist	虚构利润	深.391
76	591	太阳能	关于对重庆桐君阁股份有限公司及相关人员予以通报批评的决定	2005/9/13	2005	2004	2004/12/31	内部批评	2004	推迟披露,其他	推迟披露,其他	深.759
77	594	国恒退	关于对天津宏峰实业股份有限公司及相关当事人给予通报批评处分的决定	2007/9/21	2007	2006	2006/12/31	交易所通报批评	2006	推迟披露,占用公司资产	推迟披露,占用公司资产	深.672
78	595	*ST宝实	关于对成都宗申联益实业股份有限公司等21家公司予以内部通报批评的决定	2001/10/31	2001	2000	2000/12/31	内部批评	1998	推迟披露,违规担保	推迟披露,违规担保	深.1048
79	597	东北制药	关于对东北制药集团股份有限公司予以内部批评的决定	2000/6/28	2000	1999	1999/12/31	交易所通报批评	1999	重大遗漏	重大遗漏	深.1147
80	602	金马退市	关于对广东金马旅游集团股份有限公司及有关人员予以公开谴责的决定	2001/5/17	2001	2000	2000/12/31	公开谴责	2000	推迟披露,其他	推迟披露,其他	深.1123
81	603	盛达矿业	中国证监会行政处罚决定书（ST威达及魏兴毅、杨志强等人）	2007/6/18	2007	2006	2006/12/31		2003	重大遗漏	重大遗漏	证.814
82	605	渤海股份	中国证监会行政处罚决定书（四环药业、陈军等12名责任人员）	2009/5/5	2009	2008	2008/12/31		2001	虚假记载(误导性陈述),推迟披露,重大遗漏	虚假记载(误导性陈述),推迟披露,重大遗漏	证.736
83	611	天首发展	关于对内蒙古时代科技股份有限公司及相关当事人给予处分的决定	2011/11/3	2011	2010	2010/12/31	交易所通报批评	2008	虚假记载(误导性陈述),推迟披露,占用公司资产	虚假记载(误导性陈述),推迟披露,占用公司资产	深.470
84	615	京汉股份	关于对湖北金环股份有限公司及相关当事人给予通报批评处分的决定	2015/11/24	2015	2014	2014/12/31	通报批评	2012	虚假记载(误导性陈述),其他	虚假记载(误导性陈述),其他	深.234
85	622	恒立实业	关于对石家庄炼油化工股份有限公司等四家公司予以内部通报批评的决定	2003/7/2	2003	2002	2002/12/31	内部批评	1998	重大遗漏	重大遗漏	深.877
86	630	铜陵有色	关于对安徽铜都铜业股份有限公司予以内部批评的决定	2001/12/26	2001	2000	2000/12/31	内部批评	2001	推迟披露,其他	推迟披露,其他	深.1021
87	631	顺发恒业	关于对兰宝科技信息股份有限公司及相关人员予以内部通报批评的决定	2004/7/20	2004	2003	2003/12/31	内部批评	2003	推迟披露,其他	推迟披露,其他	深.815
88	632	三木集团	关于对福建三木集团股份有限公司及相关当事人给予公开谴责处分的决定	2015/2/11	2015	2014	2014/12/31	公开谴责	2012	重大遗漏,其他	重大遗漏,其他	深.288
89	633	合金投资	中国证监会行政处罚决定书（沈阳合金投资及傅忠、杨志斌、王淑娟、唐忠诚、安体富、李馨）	2005/9/23	2005	2004	2004/12/31		2003	虚假记载(误导性陈述),推迟披露,重大遗漏	虚假记载(误导性陈述),推迟披露,重大遗漏	证.889
90	637	茂化实华	关于对茂名石化实华股份有限公司及相关当事人给予处分的决定	2014/8/11	2014	2013	2013/12/31	通报批评	2013	虚假记载(误导性陈述),推迟披露,其他	虚假记载(误导性陈述),推迟披露,其他	深.320
91	638	万方发展	关于对广西康达（集团）股份有限公司等公司予以内部批评的决定	2001/7/3	2001	2000	2000/12/31	内部批评	2000	推迟披露,重大遗漏,占用公司资产,其他	推迟披露,重大遗漏,占用公司资产,其他	深.1108
92	639	西王食品	关于对西王食品股份有限公司及相关当事人给予处分的决定	2013/3/7	2013	2012	2012/12/31	通报批评	2011	重大遗漏,占用公司资产,其他	重大遗漏,占用公司资产,其他	深.410
93	651	格力电器	关于对广西康达（集团）股份有限公司等公司予以内部批评的决定	2001/7/3	2001	2000	2000/12/31	内部批评	2000	推迟披露,重大遗漏,占用公司资产,其他	推迟披露,重大遗漏,占用公司资产,其他	深.1107
94	656	金科股份	关于对四川美亚丝绸（集团）股份有限公司等二十三家上市公司予以内部通报批评的决定	2003/4/25	2003	2002	2002/12/31	内部批评	2002	推迟披露,其他	推迟披露,其他	深.884
95	660	*ST南华(退市)	中国证券监督管理委员会行政处罚决定书（南华西及相关人员）	2003/4/21	2003	2002	2002/12/31		1997	推迟披露,重大遗漏,占用公司资产	推迟披露,重大遗漏,占用公司资产	证.994
96	661	长春高新	关于对长春高新技术产业（集团）股份有限公司及相关当事人给予处分的决定	2013/9/24	2013	2012	2012/12/31	通报批评	2003	重大遗漏,占用公司资产	重大遗漏,占用公司资产	深.372
97	668	荣丰控股	关于对荣丰控股集团股份有限公司和相关当事人给予纪律处分的决定	2016/7/8	2016	2015	2015/12/31	公开谴责	2013	重大遗漏,其他	重大遗漏,其他	深.182
98	670	盈方微	中国证券监督管理委员会行政处罚决定书（天发石油及相关人员）	2004/9/20	2004	2003	2003/12/31		2000	虚构利润,虚假记载(误导性陈述),推迟披露,占用公司资产	虚构利润,虚假记载(误导性陈述),推迟披露,占用公司资产	证.931
99	672	上峰水泥	中国证券监督管理委员会行政处罚决定书（铜城集团及相关人员）	2004/9/2	2004	2003	2003/12/31		2000	虚构利润,推迟披露	虚构利润,推迟披露	证.935
100	673	当代东方	关于对大同水泥股份有限公司及有关人员予以公开谴责的决定	2003/6/19	2003	2002	2002/12/31	公开谴责	1997	nonexist	违规担保	深.878
101	675	ST 银 山	关于对四川银山化工（集团）股份有限公司等予以内部通报批评的决定	2002/2/28	2002	2001	2001/12/31	内部批评	1998	nonexist	违规担保	深.1010
102	677	恒天海龙	关于对山东海龙股份有限公司及相关当事人给予处分的决定	2011/9/23	2011	2010	2010/12/31	交易所通报批评	2010	推迟披露,其他	推迟披露,其他	深.477
103	679	大连友谊	关于对大连友谊（集团）股份有限公司予以内部通报批评的决定	2001/12/4	2001	2000	2000/12/31	内部批评	2001	推迟披露,占用公司资产	推迟披露,占用公司资产	深.1029
104	683	远兴能源	关于对天津灯塔涂料股份有限公司等九家公司予以内部通报批评的决定	2003/3/5	2003	2002	2002/12/31	内部批评	1998	推迟披露,其他	推迟披露,其他	深.919
105	688	建新矿业	关于对成都宗申联益实业股份有限公司等21家公司予以内部通报批评的决定	2001/10/31	2001	2000	2000/12/31	内部批评	2001	推迟披露,违规担保	推迟披露,违规担保	深.1047
106	689	ST 宏 业	关于对汕头宏业（集团）股份有限公司予以内部批评的决定	2000/6/28	2000	1999	1999/12/31	内部批评	1999	推迟披露	推迟披露	深.1144
107	691	亚太实业	关于对成都宗申联益实业股份有限公司等21家公司予以内部通报批评的决定	2001/10/31	2001	2000	2000/12/31	内部批评	2001	推迟披露,违规担保	推迟披露,违规担保	深.1046
108	693	*ST华泽	中国证监会行政处罚决定书（聚友网络、陈健等10名责任人员）	2010/2/11	2010	2009	2009/12/31		2001	虚构利润,虚假记载(误导性陈述),推迟披露	虚构利润,虚假记载(误导性陈述),推迟披露	证.687
109	695	滨海能源	关于对天津灯塔涂料股份有限公司等九家公司予以内部通报批评的决定	2003/3/5	2003	2002	2002/12/31	内部批评	2000	推迟披露,其他	推迟披露,其他	深.918
110	699	S*ST佳纸	关于对佳木斯金地造纸股份有限公司及相关人员予以处分的决定	2005/6/1	2005	2004	2004/12/31	内部批评	2004	nonexist	推迟披露	深.776
111	703	恒逸石化	关于对世纪光华科技股份有限公司及相关人员予以通报批评的决定	2005/5/30	2005	2004	2004/12/31	内部批评	2004	推迟披露	推迟披露	深.778
112	707	双环科技	关于对湖北双环科技股份有限公司相关当事人给予处分的决定	2007/2/9	2007	2006	2006/12/31	交易所通报批评	2005	推迟披露,占用公司资产	推迟披露,占用公司资产	深.704
113	710	贝瑞基因	关于对成都天兴仪表股份有限公司及相关董事予以内部通报批评的决定	2004/6/10	2004	2003	2003/12/31	内部批评	2002	推迟披露,占用公司资产,其他	推迟披露,占用公司资产,其他	深.840
114	711	京蓝科技	关于对长春北方五环实业股份有限公司等十三家上市公司予以内部通报批评的决定	2002/5/31	2002	2001	2001/12/31	内部批评	2000	重大遗漏,其他	重大遗漏,其他	深.982
115	713	丰乐种业	中国证券监督管理委员会行政处罚决定书（丰乐种业及相关人员）	2004/12/21	2004	2003	2003/12/31		1997	nonexist	虚构利润	证.924
116	718	苏宁环球	关于对吉林纸业股份有限公司予以内部通报批评的决定	2002/12/30	2002	2001	2001/12/31	内部批评	2001	推迟披露,违规担保	推迟披露,违规担保	深.929
117	719	中原传媒	关于对神州学人集团股份有限公司等四家公司予以内部通报批评的决定	2003/10/9	2003	2002	2002/12/31	内部批评	2003	推迟披露	推迟披露	深.855
118	727	华东科技	关于对南京华东电子信息科技股份有限公司予以内部通报批评的决定	2004/7/1	2004	2003	2003/12/31	内部批评	2003	推迟披露,违规担保	推迟披露,违规担保	深.830
119	728	国元证券	关于对中水集团远洋股份有限公司等十一家上市公司予以内部通报批评的决定	2002/7/17	2002	2001	2001/12/31	内部批评	2001	推迟披露	推迟披露	深.944
120	730	*ST 环保	关于对沈阳特种环保设备制造股份有限公司及全体董事予以公开谴责的决定	2002/7/11	2002	2001	2001/12/31	公开谴责	1999	虚假记载(误导性陈述),推迟披露,其他	虚假记载(误导性陈述),推迟披露,其他	深.951
121	732	泰禾集团	关于对长春北方五环实业股份有限公司等十三家上市公司予以内部通报批评的决定	2002/5/31	2002	2001	2001/12/31	内部批评	1999	重大遗漏,其他	重大遗漏,其他	深.980
122	735	罗 牛 山	关于对海口农工贸（罗牛山）股份有限公司及相关当事人给予处分的决定	2009/1/17	2009	2008	2008/12/31	交易所通报批评	2001	虚假记载(误导性陈述),推迟披露	虚假记载(误导性陈述),推迟披露	深.610
123	736	中交地产	关于对重庆国际实业投资股份有限公司及相关人员予以公开谴责的决定	2004/7/7	2004	2003	2003/12/31	公开谴责	2004	虚假记载(误导性陈述),推迟披露,占用公司资产	虚假记载(误导性陈述),推迟披露,占用公司资产	深.819
124	750	国海证券	关于对桂林集琦药业股份有限公司及相关当事人给予处分的决定	2006/6/24	2006	2005	2005/12/31	公开谴责	2005	nonexist	违规担保	深.729
125	751	锌业股份	关于葫芦岛锌业股份有限公司及相关人员予以公开谴责的决定	2005/3/29	2005	2004	2004/12/31	公开谴责	2004	推迟披露,其他	推迟披露,其他	深.794
126	757	浩物股份	中国证监会行政处罚决定书（方向光电及穆昕、刘汝泉等相关人员）	2006/2/10	2006	2005	2005/12/31		2003	重大遗漏,占用公司资产	重大遗漏,占用公司资产	证.871
127	760	斯太尔	关于对湖北博盈投资股份有限公司及相关人员予以通报批评的决定	2005/9/27	2005	2004	2004/12/31	内部批评	2003	重大遗漏,占用公司资产	重大遗漏,占用公司资产	深.752
128	762	西藏矿业	关于对西藏矿业发展股份有限公司及相关当事人给予处分的决定	2008/9/24	2008	2007	2007/12/31	交易所通报批评	1998	推迟披露,违规担保	推迟披露,违规担保	深.623
129	765	*ST 华信	关于对石家庄炼油化工股份有限公司等四家公司予以内部通报批评的决定	2003/7/2	2003	2002	2002/12/31	内部批评	2002	重大遗漏	重大遗漏	深.876
130	766	通化金马	关于对通化金马药业集团股份有限公司等六家公司予以公开谴责的决定	2002/7/2	2002	2001	2001/12/31	公开谴责	2001	推迟披露,其他	推迟披露,其他	深.954
131	769	*ST大菲(退市)	中国证券监督管理委员会行政处罚决定书（菲菲农业及相关人员）	2004/10/14	2004	2003	2003/12/31		2001	虚构利润,虚列资产	虚构利润,虚列资产	证.929
132	770	武锅B退	关于对武汉锅炉股份有限公司及相关当事人给予处分的决定	2013/8/30	2013	2012	2012/12/31	通报批评	2012	重大遗漏,其他	重大遗漏,其他	深.383
133	779	三毛派神	关于对兰州三毛实业股份有限公司予以内部通报批评的决定	2002/2/5	2002	2001	2001/12/31	内部批评	2001	推迟披露,其他	推迟披露,其他	深.1015
134	780	*ST平能	关于对内蒙古草原兴发股份有限公司及相关当事人给予处分的决定	2007/3/9	2007	2006	2006/12/31	公开谴责	2002	推迟披露	推迟披露	深.703
135	783	长江证券	关于对石家庄炼油化工股份有限公司等四家公司予以内部通报批评的决定	2003/7/2	2003	2002	2002/12/31	内部批评	2002	重大遗漏	重大遗漏	深.875
136	787	*ST创智(退市)	中国证监会行政处罚决定书（创智科技、丁亮等10名责任人员）	2009/10/26	2009	2008	2008/12/31		2002	虚假记载(误导性陈述),推迟披露,重大遗漏	虚假记载(误导性陈述),推迟披露,重大遗漏	证.709
137	788	北大医药	中国证监会行政处罚决定书（北大医药股份有限公司、北京政泉控股有限公司、北大资源集团控股有限公司等8名责任人员）	2017/5/5	2017	2016	2016/12/31		2013	nonexist	重大遗漏	证.72
138	789	万年青	关于对天津灯塔涂料股份有限公司等九家公司予以内部通报批评的决定	2003/3/5	2003	2002	2002/12/31	内部批评	2002	推迟披露,其他	推迟披露,其他	深.916
139	795	英洛华	关于对太原双塔刚玉股份有限公司及当事人予以通报批评的决定	2008/10/10	2008	2007	2007/12/31	交易所通报批评	2007	推迟披露	推迟披露	深.618
140	798	中水渔业	关于对中水集团远洋股份有限公司等十一家上市公司予以内部通报批评的决定	2002/7/17	2002	2001	2001/12/31	内部批评	2001	推迟披露	推迟披露	深.943
141	799	酒鬼酒	关于对湖南酒鬼酒股份有限公司及相关人员予以公开谴责的决定	2003/8/11	2003	2002	2002/12/31	公开谴责	2002	nonexist	推迟披露	深.867
142	805	*ST炎黄	关于对江苏炎黄在线物流股份有限公司及相关人员予以公开谴责的决定	2004/6/14	2004	2003	2003/12/31	公开谴责	2002	推迟披露,重大遗漏,违规担保	推迟披露,重大遗漏,违规担保	深.838
143	806	银河生物	关于对北海银河高科技产业股份有限公司及相关当事人给予处分的决定	2006/6/24	2006	2005	2005/12/31	公开谴责	2002	nonexist	推迟披露	深.728
144	810	创维数字	关于对华润锦华股份有限公司予以内部通报批评的决定	2002/12/9	2002	2001	2001/12/31	内部批评	2002	推迟披露,其他	推迟披露,其他	深.932
145	813	德展健康	关于对广西康达（集团）股份有限公司等公司予以内部批评的决定	2001/7/3	2001	2000	2000/12/31	内部批评	2000	推迟披露,重大遗漏,占用公司资产,其他	推迟披露,重大遗漏,占用公司资产,其他	深.1103
146	816	智慧农业	关于对江苏江淮动力股份有限公司及相关人员予以通报批评的决定	2005/5/27	2005	2004	2004/12/31	内部批评	2004	推迟披露,其他	推迟披露,其他	深.779
147	817	辽油退市	关于对辽河金马油田股份有限公司等3家公司及有关人员予以公开批评的通报	2001/7/3	2001	2000	2000/12/31	内部批评	2000	虚假记载(误导性陈述),推迟披露,重大遗漏	虚假记载(误导性陈述),推迟披露,重大遗漏	深.1102
148	818	方大化工	关于对天津灯塔涂料股份有限公司等九家公司予以内部通报批评的决定	2003/3/5	2003	2002	2002/12/31	内部批评	2001	推迟披露,其他	推迟披露,其他	深.915
149	820	神雾节能	关于对金城造纸股份有限公司及相关当事人给予处分的决定	2011/9/5	2011	2010	2010/12/31	交易所通报批评	2001	推迟披露	推迟披露	深.479
150	832	*ST 龙涤	关于对黑龙江龙涤股份有限公司及相关人员予以公开谴责的决定	2004/4/29	2004	2003	2003/12/31	公开谴责	1999	推迟披露,重大遗漏,占用公司资产,其他	推迟披露,重大遗漏,占用公司资产,其他	深.843
151	839	中信国安	关于对成都宗申联益实业股份有限公司等21家公司予以内部通报批评的决定	2001/10/31	2001	2000	2000/12/31	内部批评	2001	推迟披露,违规担保	推迟披露,违规担保	深.1043
152	848	承德露露	关于对河北承德露露股份有限公司及相关当事人给予处分的决定	2011/8/3	2011	2010	2010/12/31	公开谴责	2006	重大遗漏,其他	重大遗漏,其他	深.490
153	858	五粮液	中国证监会行政处罚决定书（五粮液、唐桥等8名责任人员）	2011/4/29	2011	2010	2010/12/31		2007	虚假记载(误导性陈述),推迟披露,重大遗漏	虚假记载(误导性陈述),推迟披露,重大遗漏	证.624
154	859	国风塑业	关于对深圳市特发信息股份有限公司和安徽国风塑业股份有限公司予以内部通报批评的决定	2003/7/24	2003	2002	2002/12/31	内部批评	2001	推迟披露,其他	推迟披露,其他	深.869
155	862	银星能源	关于对吴忠仪表股份有限公司及相关人员予以惩戒的决定	2005/5/24	2005	2004	2004/12/31	内部批评	1998	虚假记载(误导性陈述),推迟披露,违规担保,其他	虚假记载(误导性陈述),推迟披露,违规担保,其他	深.788
156	863	三湘印象	关于对四川银山化工（集团）股份有限公司等予以内部通报批评的决定	2002/2/28	2002	2001	2001/12/31	内部批评	1998	nonexist	违规担保	深.1009
157	877	天山股份	中国证监会行政处罚决定书（天山股份及张丽荣、贺明华等相关人员）	2006/3/22	2006	2005	2005/12/31		1999	虚假记载(误导性陈述),推迟披露,重大遗漏	虚假记载(误导性陈述),推迟披露,重大遗漏	证.864
158	880	潍柴重机	关于对山东巨力股份有限公司及相关人员予以公开谴责的决定	2004/1/30	2004	2003	2003/12/31	公开谴责	2002	虚假记载(误导性陈述),推迟披露,其他	虚假记载(误导性陈述),推迟披露,其他	深.848
159	883	湖北能源	关于对中水集团远洋股份有限公司等十一家上市公司予以内部通报批评的决定	2002/7/17	2002	2001	2001/12/31	内部批评	2001	推迟披露	推迟披露	深.941
160	892	欢瑞世纪	中国证监会行政处罚决定书（长丰通信及覃辉等20名责任人员）	2008/11/19	2008	2007	2007/12/31		2003	nonexist	虚构利润	证.756
161	893	东凌国际	关于对长春北方五环实业股份有限公司等十三家上市公司予以内部通报批评的决定	2002/5/31	2002	2001	2001/12/31	内部批评	2000	重大遗漏,其他	重大遗漏,其他	深.979
162	900	现代投资	关于对广西康达（集团）股份有限公司等公司予以内部批评的决定	2001/7/3	2001	2000	2000/12/31	内部批评	2000	推迟披露,重大遗漏,占用公司资产,其他	推迟披露,重大遗漏,占用公司资产,其他	深.1101
163	902	新洋丰	关于对成都宗申联益实业股份有限公司等21家公司予以内部通报批评的决定	2001/10/31	2001	2000	2000/12/31	内部批评	2001	推迟披露,违规担保	推迟披露,违规担保	深.1042
164	905	厦门港务	关于对广西康达（集团）股份有限公司等公司予以内部批评的决定	2001/7/3	2001	2000	2000/12/31	内部批评	2000	推迟披露,重大遗漏,占用公司资产,其他	推迟披露,重大遗漏,占用公司资产,其他	深.1100
165	908	景峰医药	关于对湖南天一科技股份有限公司及相关人员予以公开谴责的决定	2005/8/29	2005	2004	2004/12/31	公开谴责	2002	虚构利润,推迟披露,占用公司资产,其他	虚构利润,推迟披露,占用公司资产,其他	深.766
166	909	数源科技	关于对长春北方五环实业股份有限公司等十三家上市公司予以内部通报批评的决定	2002/5/31	2002	2001	2001/12/31	内部批评	2001	重大遗漏,其他	重大遗漏,其他	深.978
167	912	*ST天化	关于对广西康达（集团）股份有限公司等公司予以内部批评的决定	2001/7/3	2001	2000	2000/12/31	内部批评	2000	推迟披露,重大遗漏,占用公司资产,其他	推迟披露,重大遗漏,占用公司资产,其他	深.1099
168	916	华北高速	关于对广西康达（集团）股份有限公司等公司予以内部批评的决定	2001/7/3	2001	2000	2000/12/31	内部批评	2000	推迟披露,重大遗漏,占用公司资产,其他	推迟披露,重大遗漏,占用公司资产,其他	深.1098
169	917	电广传媒	关于对湖南电广传媒股份有限公司予以内部通报批评的决定	2002/1/22	2002	2001	2001/12/31	内部批评	2000	nonexist	重大遗漏	深.1017
170	918	嘉凯城	中国证监会行政处罚决定书（亚华种业、邹定民等9名责任人员）	2008/4/8	2008	2007	2007/12/31		2003	虚列资产,推迟披露,重大遗漏,披露不实(其它),占用公司资产,其他	虚列资产,推迟披露,重大遗漏,披露不实(其它),占用公司资产,其他	证.780
171	919	金陵药业	关于对成都宗申联益实业股份有限公司等21家公司予以内部通报批评的决定	2001/10/31	2001	2000	2000/12/31	内部批评	2000	推迟披露,违规担保	推迟披露,违规担保	深.1041
172	921	海信科龙	中国证监会行政处罚决定书（中关村科技及段永基、袁振宇等相关人员）	2006/3/1	2006	2005	2005/12/31		2001	推迟披露,重大遗漏	推迟披露,重大遗漏	证.868
173	922	*ST佳电	中国证监会行政处罚决定书（阿城继、朱大萌等9名责任人员）	2008/7/2	2008	2007	2007/12/31		1999	虚假记载(误导性陈述),重大遗漏,占用公司资产	虚假记载(误导性陈述),重大遗漏,占用公司资产	证.770
174	925	众合科技	中国证监会行政处罚决定书（浙大海纳及薛卫国等人）	2007/4/24	2007	2006	2006/12/31		2003	虚假记载(误导性陈述),重大遗漏	虚假记载(误导性陈述),重大遗漏	证.823
175	928	中钢国际	关于对四川美亚丝绸（集团）股份有限公司等二十三家上市公司予以内部通报批评的决定	2003/4/25	2003	2002	2002/12/31	内部批评	2001	推迟披露,其他	违规担保	深.887
176	931	中 关 村	关于对广西康达（集团）股份有限公司等公司予以内部批评的决定	2001/7/3	2001	2000	2000/12/31	内部批评	2000	推迟披露,重大遗漏,占用公司资产,其他	推迟披露,重大遗漏,占用公司资产,其他	深.1096
177	936	华西股份	关于对广西康达（集团）股份有限公司等公司予以内部批评的决定	2001/7/3	2001	2000	2000/12/31	内部批评	2000	推迟披露,重大遗漏,占用公司资产,其他	推迟披露,重大遗漏,占用公司资产,其他	深.1095
178	950	*ST建峰	关于对重庆民丰农化股份有限公司及相关人员予以内部通报批评的决定	2004/7/8	2004	2003	2003/12/31	内部批评	2003	推迟披露,违规担保	推迟披露,违规担保	深.818
179	951	中国重汽	关于对通化金马药业集团股份有限公司等六家公司予以公开谴责的决定	2002/7/2	2002	2001	2001/12/31	公开谴责	2001	推迟披露,其他	推迟披露,其他	深.953
180	955	欣龙控股	关于对岳阳恒立冷气设备股份有限公司等予以内部通报批评的决定	2004/3/18	2004	2003	2003/12/31	内部批评	2002	推迟披露,重大遗漏	推迟披露,重大遗漏	深.846
181	958	东方能源	关于对石家庄东方热电股份有限公司及相关当事人给予处分的决定	2006/7/19	2006	2005	2005/12/31	交易所通报批评	2005	推迟披露,占用公司资产,其他	推迟披露,占用公司资产,其他	深.720
182	960	锡业股份	关于对长春北方五环实业股份有限公司等十三家上市公司予以内部通报批评的决定	2002/5/31	2002	2001	2001/12/31	内部批评	2001	重大遗漏,其他	重大遗漏,其他	深.977
183	963	华东医药	关于对长春北方五环实业股份有限公司等十三家上市公司予以内部通报批评的决定	2002/5/31	2002	2001	2001/12/31	内部批评	2001	重大遗漏,其他	重大遗漏,其他	深.976
184	966	长源电力	关于对广西康达（集团）股份有限公司等公司予以内部批评的决定	2001/7/3	2001	2000	2000/12/31	内部批评	2000	推迟披露,重大遗漏,占用公司资产,其他	推迟披露,重大遗漏,占用公司资产,其他	深.1094
185	968	蓝焰控股	关于对广西康达（集团）股份有限公司等公司予以内部批评的决定	2001/7/3	2001	2000	2000/12/31	内部批评	2000	推迟披露,重大遗漏,占用公司资产,其他	推迟披露,重大遗漏,占用公司资产,其他	深.1093
186	971	高升控股	中国证监会行政处罚决定书（湖北迈亚叶金堂等14名责任人员）	2010/2/11	2010	2009	2009/12/31		2000	虚假记载(误导性陈述),重大遗漏,占用公司资产	虚假记载(误导性陈述),重大遗漏,占用公司资产	证.688
187	972	*ST中基	关于对新疆中基实业股份有限公司及相关当事人给予处分的决定	2013/6/28	2013	2012	2012/12/31	公开谴责	2006	重大遗漏	虚假记载	深.398
188	977	浪潮信息	关于对浪潮电子信息产业股份有限公司及相关当事人给予处分的决定	2012/7/11	2012	2011	2011/12/31	交易所通报批评	2007	推迟披露,重大遗漏,其他	推迟披露,重大遗漏,其他	深.438
189	979	中弘股份	中国证监会行政处罚决定书（科苑集团、吴立平、周润南）	2010/4/6	2010	2009	2009/12/31		2001	虚假记载(误导性陈述),推迟披露,重大遗漏	虚假记载(误导性陈述),推迟披露,重大遗漏	证.679
190	980	众泰汽车	关于对通化金马药业集团股份有限公司等六家公司予以公开谴责的决定	2002/7/2	2002	2001	2001/12/31	公开谴责	2001	推迟披露,其他	推迟披露,其他	深.952
191	981	银亿股份	中国证监会行政处罚决定书（兰光科技路有志等16名责任人员）	2008/12/11	2008	2007	2007/12/31		2005	推迟披露,重大遗漏,占用公司资产	推迟披露,重大遗漏,占用公司资产	证.753
192	982	*ST 中绒	关于对广西康达（集团）股份有限公司等公司予以内部批评的决定	2001/7/3	2001	2000	2000/12/31	内部批评	2000	推迟披露,重大遗漏,占用公司资产,其他	推迟披露,重大遗漏,占用公司资产,其他	深.1091
193	992	中  鲁Ｂ	关于对山东省中鲁远洋渔业股份有限公司及相关人员予以公开谴责的决定	2003/2/25	2003	2002	2002/12/31	公开谴责	2001	推迟披露,其他	推迟披露,其他	深.925
194	993	闽东电力	关于对广西康达（集团）股份有限公司等公司予以内部批评的决定	2001/7/3	2001	2000	2000/12/31	内部批评	2000	推迟披露,重大遗漏,占用公司资产,其他	推迟披露,重大遗漏,占用公司资产,其他	深.1090
195	995	皇台酒业	关于对长春北方五环实业股份有限公司等十三家上市公司予以内部通报批评的决定	2002/5/31	2002	2001	2001/12/31	内部批评	2001	重大遗漏,其他	重大遗漏,其他	深.975
196	996	中国中期	关于对广西康达（集团）股份有限公司等公司予以内部批评的决定	2001/7/3	2001	2000	2000/12/31	内部批评	2000	推迟披露,重大遗漏,占用公司资产,其他	推迟披露,重大遗漏,占用公司资产,其他	深.1089
197	999	华润三九	中国证券监督管理委员会行政处罚决定书（三九医药及相关人员）	2002/7/4	2002	2001	2001/12/31		1999	虚假记载(误导性陈述),推迟披露,重大遗漏	虚假记载(误导性陈述),推迟披露,重大遗漏	证.1006
198	1696	宗申动力	关于对成都宗申联益实业股份有限公司等21家公司予以内部通报批评的决定	2001/10/30	2001	2000	2000/12/31	内部批评	2001	推迟披露,违规担保	推迟披露,违规担保	深.1059
199	2002	鸿达兴业	关于对江苏琼花高科技股份有限公司及相关当事人给予处分的决定	2009/2/17	2009	2008	2008/12/31	公开谴责	2006	违规担保	违规担保	深.608
200	2005	德豪润达	关于对广东德豪润达电气股份有限公司及相关当事人给予通报批评处分的决定	2006/8/14	2006	2005	2005/12/31	通报批评	2004	虚构利润	虚构利润	深.717
201	2015	霞客环保	关于对江苏霞客环保色纺股份公司及相关当事人给予公开谴责的决定	2007/4/26	2007	2006	2006/12/31	公开谴责	2004	nonexist	推迟披露	深.699
202	2021	中捷资源	中国证监会行政处罚决定书（中捷股份、蔡开坚、唐为斌）	2008/6/24	2008	2007	2007/12/31		2006	虚假记载(误导性陈述),重大遗漏,占用公司资产	虚假记载(误导性陈述),重大遗漏,占用公司资产	证.772
203	2052	同洲电子	关于对深圳市同洲电子股份有限公司及相关当事人给予通报批评处分的决定	2012/9/19	2012	2011	2011/12/31	通报批评	2008	虚假记载(误导性陈述)	虚构利润	深.427
204	2060	粤 水 电	关于对广东水电二局股份有限公司及相关当事人给予通报批评处分的决定	2012/5/29	2012	2011	2011/12/31	通报批评	2009	重大遗漏,其他	重大遗漏,其他	深.440
205	2072	凯瑞德	关于对山东德棉股份有限公司及相关当事人给予处分的决定	2007/6/20	2007	2006	2006/12/31	通报批评	2006	重大遗漏,违规担保	重大遗漏,违规担保	深.687
206	2078	太阳纸业	关于对山东太阳纸业股份有限公司及相关当事人给予处分的决定	2007/6/20	2007	2006	2006/12/31	通报批评	2007	nonexist	违规担保	深.686
207	2102	冠福股份	关于对福建冠福现代家用股份有限公司及相关当事人给予通报批评处分的决定	2016/7/14	2016	2015	2015/12/31	通报批评	2015	虚假记载(误导性陈述),推迟披露	虚假记载(误导性陈述),推迟披露	深.178
208	2109	兴化股份	关于对陕西兴化化学股份有限公司及相关当事人给予处分的决定	2008/2/18	2008	2007	2007/12/31	通报批评	2007	虚假记载(误导性陈述),推迟披露,重大遗漏	虚假记载(误导性陈述),推迟披露,重大遗漏	深.650
209	2118	紫鑫药业	中国证监会行政处罚决定书（紫鑫药业股份有限公司、郭春生、曹恩辉等9名责任人）	2014/2/13	2014	2013	2013/12/31		2010	重大遗漏	重大遗漏	证.431
210	2175	东方网络	关于对桂林广陆数字测控股份有限公司及相关当事人给予处分的决定	2010/12/13	2010	2009	2009/12/31	通报批评	2008	推迟披露	推迟披露	深.508
211	2181	粤 传 媒	关于对广东广州日报传媒股份有限公司及相关当事人给予通报批评纪律处分的决定	2018/1/16	2018	2017	2017/12/31	通报批评	2014	虚假记载(误导性陈述)	虚假记载(误导性陈述)	深.12
212	2183	怡 亚 通	关于对怡亚通及相关当事人通报批评的决定	2009/11/26	2009	2008	2008/12/31	通报批评	2007	nonexist	重大遗漏	深.567
213	2189	利达光电	关于对利达光电股份有限公司相关当事人给予通报批评处分的决定	2015/3/27	2015	2014	2014/12/31	通报批评	2013	推迟披露,占用公司资产	推迟披露,占用公司资产	深.284
214	2193	如意集团	关于对海通证券股份有限公司宋立民和王新给予处分的决定	2010/9/7	2010	2009	2009/12/31	通报批评	2009	nonexist	虚假记载	深.530
215	2199	东晶电子	关于对浙江东晶电子股份有限公司及相关当事人	2016/12/12	2016	2015	2015/12/31	通报批评	2012	nonexist	违规担保	深.124
216	2200	云投生态	关于对华泰联合证券有限责任公司李迅冬和黎海祥给予处分的决定	2010/7/12	2010	2009	2009/12/31	通报批评	2008	nonexist	虚假记载	深.537
217	2235	安妮股份	中国证监会行政处罚决定书（安妮股份、张杰等4名责任人员）	2011/9/9	2011	2010	2010/12/31		2008	虚构利润	虚构利润	证.603
218	2237	恒邦股份	关于对山东恒邦冶炼股份有限公司及相关当事人给予处分的决定	2016/8/18	2016	2015	2015/12/31	公开谴责	2013	推迟披露,重大遗漏,占用公司资产,一般会计处理不当	推迟披露,重大遗漏,占用公司资产,一般会计处理不当	深.168
219	2240	威华股份	关于对广东威华股份有限公司及相关当事人给予通报批评处分的决定	2013/7/25	2013	2012	2012/12/31	通报批评	2012	占用公司资产	占用公司资产	深.389
220	2260	德奥通航	关于对广东伊立浦电器股份有限公司及相关当事人给予通报批评处分的决定	2015/6/15	2015	2014	2014/12/31	通报批评	2014	推迟披露	推迟披露	深.275
221	2263	大 东 南	深证上[2009]043号-关于对浙江大东南包装股份有限公司及相关当事人通报批评的决定	2009/6/2	2009	2008	2008/12/31	通报批评	2008	重大遗漏,占用公司资产	重大遗漏,占用公司资产	深.589
222	2264	新 华 都	关于对新华都购物广场股份有限公司及相关当事人给予通报批评处分的决定	2016/9/9	2016	2015	2015/12/31	通报批评	2011	推迟披露,一般会计处理不当,其他	推迟披露,一般会计处理不当,其他	深.159
223	2306	*ST云网	中国证监会行政处罚决定书（中科云网科技集团股份有限公司、孟凯、詹毓倩等19名责任人员）	2015/12/2	2015	2014	2014/12/31		2012	nonexist	虚假记载	证.270
224	2316	键桥通讯	关于对深圳键桥通讯技术股份有限公司及相关当事人给予通报批评处分的决定	2015/9/7	2015	2014	2014/12/31	通报批评	2009	虚假记载(误导性陈述),推迟披露	虚假记载(误导性陈述),推迟披露	深.245
225	2323	雅百特	中国证监会行政处罚决定书（江苏雅百特科技股份有限公司、陆永、顾彤莉等21名责任人员）	2017/12/14	2017	2016	2016/12/31		2015	虚构利润,虚假记载(误导性陈述)	虚构利润,虚假记载(误导性陈述)	证.14
226	2330	得利斯	关于对大华会计师事务所（特殊普通合伙）注册会计师殷宪锋、徐利君给予通报批评处分的决定	2016/12/28	2016	2015	2015/12/31	公开谴责	2014	nonexist	占用公司资产	深.117
227	2336	人人乐	关于对人人乐连锁商业集团股份有限公司及相关当事人给予通报批评处分的决定	2015/9/14	2015	2014	2014/12/31	通报批评	2012	虚假记载(误导性陈述)	虚假记载(误导性陈述)	深.244
228	2362	汉王科技	中国证监会行政处罚决定书（汉王科技股份有限公司、刘迎建、张学军）	2013/12/12	2013	2012	2012/12/31		2009	nonexist	推迟披露	证.457
229	2388	新亚制程	关于对深圳市新亚电子制程股份有限公司及相关当事人给予通报批评处分的决定	2012/9/10	2012	2011	2011/12/31	通报批评	2010	nonexist	占用公司资产	深.429
230	2422	科伦药业	中国证监会行政处罚决定书（四川科伦药业股份有限公司、刘革新、程志鹏等12名责任人）	2014/5/21	2014	2013	2013/12/31		2010	虚假记载(误导性陈述),重大遗漏	虚假记载(误导性陈述),重大遗漏	证.402
231	2504	*ST弘高	关于对北京弘高创意建筑设计股份有限公司及相关当事人给予纪律处分的决定	2018/1/26	2018	2017	2017/12/31	公开谴责	2016	虚假记载(误导性陈述),推迟披露,其他	虚假记载(误导性陈述),推迟披露,其他	深.1
232	2506	协鑫集成	关于对上海超日太阳能科技股份有限公司及相关当事人给予纪律处分的决定	2016/2/4	2016	2015	2015/12/31	公开谴责	2011	虚构利润,重大遗漏,披露不实(其它),一般会计处理不当	虚构利润,重大遗漏,披露不实(其它),一般会计处理不当	深.215
233	2509	天广中茂	关于对天广中茂股份有限公司及相关当事人给予通报批评处分的决定	2017/8/24	2017	2016	2016/12/31	通报批评	2016	推迟披露,占用公司资产,其他	推迟披露,占用公司资产,其他	深.60
234	2565	顺灏股份	关于对上海顺灏新材料科技股份有限公司及相关当事人给予通报批评处分的决定	2017/1/5	2017	2016	2016/12/31	通报批评	2012	占用公司资产,推迟披露,重大遗漏	占用公司资产,推迟披露,重大遗漏	深.111
235	2569	步森股份	关于对浙江步森服饰股份有限公司及相关当事人给予通报批评处分的决定	2014/7/9	2014	2013	2013/12/31	通报批评	2013	推迟披露,占用公司资产	推迟披露,占用公司资产	深.326
236	2608	江苏国信	关于对江苏舜天船舶股份有限公司及相关当事人给予通报批评处分的决定	2016/1/19	2016	2015	2015/12/31	通报批评	2009	虚构利润	虚构利润	深.225
237	2617	露笑科技	关于对露笑科技股份有限公司及相关当事人给予公开谴责处分的决定	2015/6/18	2015	2014	2014/12/31	公开谴责	2012	推迟披露,擅自改变资金用途,占用公司资产	推迟披露,擅自改变资金用途,占用公司资产	深.273
238	2638	勤上股份	关于对东莞勤上光电股份有限公司及相关当事人给予处分的决定	2015/8/17	2015	2014	2014/12/31	公开谴责	2013	推迟披露,占用公司资产	推迟披露,占用公司资产	深.255
239	2647	民盛金科	关于对浙江宏磊铜业股份有限公司及相关当事人给予处分的决定	2013/6/6	2013	2012	2012/12/31	公开谴责	2012	重大遗漏,占用公司资产	重大遗漏,占用公司资产	深.400
240	2694	顾地科技	关于对顾地科技及相关当事人给予处分的决定	2015/6/19	2015	2014	2014/12/31	通报批评	2013	nonexist	占用公司资产	深.272
241	2715	登云股份	关于对怀集登云汽配股份有限公司及相关当事人给予处分的决定	2017/11/7	2017	2016	2016/12/31	公开谴责	2010	虚假记载(误导性陈述),重大遗漏,一般会计处理不当,其他	虚假记载(误导性陈述),重大遗漏,一般会计处理不当,其他	深.29
242	200041	*ST本实B(退市)	中国证监会行政处罚决定书（深本实及黄先锋、周家宸等人）	2007/9/29	2007	2006	2006/12/31		1996	重大遗漏	重大遗漏	证.805
243	200054	建车B	关于对广西康达（集团）股份有限公司等公司予以内部批评的决定	2001/7/3	2001	2000	2000/12/31	内部批评	2000	推迟披露,重大遗漏,占用公司资产,其他	推迟披露,重大遗漏,占用公司资产,其他	深.1116
244	300028	金亚科技	关于对金亚科技股份有限公司及相关当事人给予纪律处分的决定	2016/5/18	2016	2015	2015/12/31	公开谴责	2014	虚构利润,占用公司资产,其他	虚构利润,占用公司资产,其他	深.188
245	300029	天龙光电	关于对江苏华盛天龙光电设备股份有限公司及相关当事人给予公开谴责处分的决定	2016/5/9	2016	2015	2015/12/31	公开谴责	2015	占用公司资产	占用公司资产	深.197
246	300056	三维丝	关于对厦门三维丝环保股份有限公司及相关当事人给予纪律处分的决定	2017/11/16	2017	2016	2016/12/31	公开谴责	2016	一般会计处理不当,其他	一般会计处理不当,其他	深.27
247	300086	康芝药业	关于对海南康芝药业股份有限公司及相关当事人给予通报批评处分的决定	2014/8/18	2014	2013	2013/12/31	通报批评	2011	虚假记载(误导性陈述)	虚假记载(误导性陈述)	深.318
248	300090	盛运环保	关于对安徽盛运环保（集团）股份有限公司及相关当事人给予通报批评处分的决定	2016/11/3	2016	2015	2015/12/31	通报批评	2015	nonexist	推迟披露	深.140
249	300117	嘉寓股份	关于对北京嘉寓门窗幕墙股份有限公司及有关当事人给予纪律处分的决定	2017/10/25	2017	2016	2016/12/31	公开谴责	2010	nonexist	虚假记载	深.37
250	300158	振东制药	关于对山西振东制药股份有限公司及相关当事人给予处分的决定	2012/5/25	2012	2011	2011/12/31	通报批评	2011	占用公司资产	占用公司资产	深.442
251	300167	迪威迅	关于对深圳市迪威视讯股份有限公司及相关当事人给予通报批评的决定	2015/8/25	2015	2014	2014/12/31	通报批评	2010	虚假记载(误导性陈述)	虚假记载(误导性陈述)	深.253
252	300277	海联讯	关于对深圳海联讯科技股份有限公司及相关当事人给予公开谴责的决定	2014/10/20	2014	2013	2013/12/31	公开谴责	2010	虚假记载(误导性陈述),一般会计处理不当	虚假记载(误导性陈述),一般会计处理不当	深.306
253	300372	欣泰退	关于对丹东欣泰电气股份有限公司及相关当事人给予公开谴责处分的决定	2016/5/18	2016	2015	2015/12/31	公开谴责	2015	占用公司资产,其他	占用公司资产,其他	深.190
254	430010	ST现代	中国证监会行政处罚决定书（现代农装科技股份有限公司、李树君、张海等5名责任人员）	2016/11/8	2016	2015	2015/12/31		2013	nonexist	虚构利润	证.138
255	600005	武钢股份	关于给予武汉钢铁股份有限公司董事、原总经理彭辰等通报批评的决定	2013/7/19	2013	2012	2012/12/31	通报批评	2012	推迟披露	推迟披露	上.610
256	600006	东风汽车	关于对东风汽车股份有限公司和财务负责人危雯、董事会秘书张新峰予以通报批评的决定	2013/11/22	2013	2012	2012/12/31	通报批评	2012	推迟披露	推迟披露	上.593
257	600066	宇通客车	中国证券监督管理委员会行政处罚决定书（宇通公司及相关人员）	2002/10/10	2002	2001	2001/12/31		1999	虚列资产,虚假记载(误导性陈述)	虚列资产,虚假记载(误导性陈述)	证.1005
258	600069	银鸽投资	中国证券监督管理委员会行政处罚决定书（银鸽投资及相关人员）	2004/7/27	2004	2003	2003/12/31		1998	虚假记载(误导性陈述),出资违规,其他	虚假记载(误导性陈述),出资违规,其他	证.944
259	600070	浙江富润	关于对浙江富润股份有限公司及有关责任人予以监管关注的决定	2017/9/13	2017	2016	2016/12/31	监管关注	2016	nonexist	占用资金	上.89
260	600076	康欣新材	中国证监会行政处罚决定书（潍坊北大青鸟华光科技股份有限公司、周燕军、许振东等15名责任人）	2015/4/8	2015	2014	2014/12/31		2012	虚构利润,重大遗漏	虚构利润,重大遗漏	证.344
261	600090	同济堂	中国证券监督管理委员会行政处罚决定书（新疆啤酒花及相关人员）	2004/6/9	2004	2003	2003/12/31		2003	推迟披露	推迟披露	证.948
262	600093	禾嘉股份	关于对四川禾嘉股份有限公司和董事会秘书徐德智予以监管关注的决定	2016/7/1	2016	2015	2015/12/31	监管关注	2015	推迟披露,其他	推迟披露,其他	上.251
263	600095	哈高科	关于对哈尔滨高科技(集团)股份有限公司 和有关责任人予以监管关注的决定	2015/7/14	2015	2014	2014/12/31	监管关注	2013	nonexist	推迟披露	上.389
264	600101	明星电力	中国证监会行政处罚决定书（明星电力）	2007/9/24	2007	2006	2006/12/31		2004	推迟披露	推迟披露	证.809
265	600120	浙江东方	关于对浙江东方集团股份有限公司及有关责任人予以通报批评的决定	2016/11/3	2016	2015	2015/12/31	通报批评	2013	虚构利润,占用公司资产	虚构利润,占用公司资产	上.205
266	600127	金健米业	中国证券监督管理委员会行政处罚决定书（金健米业及相关人员）	2003/12/26	2003	2002	2002/12/31		1998	虚构利润,重大遗漏	虚构利润,重大遗漏	证.975
267	600129	太极集团	关于对重庆太极实业（集团）股份有限公司、太极集团有限公司和有关责任人予以监管关注的决定	2015/5/19	2015	2014	2014/12/31	监管关注	2014	nonexist	违规担保	上.410
268	600137	浪莎股份	中国证券监督管理委员会行政处罚决定书（四川长江包装及相关人员）	2004/1/21	2004	2003	2003/12/31		2000	推迟披露	推迟披露	证.965
269	600145	*ST新亿	中国证监会行政处罚决定书（四维控股、雷刚等11名责任人员）	2010/4/6	2010	2009	2009/12/31		2001	推迟披露	推迟披露	证.680
270	600146	商赢环球	中国证监会行政处罚决定书（宁夏大元化工股份有限公司、邓永新、洪金益等5名责任人员）	2015/7/14	2015	2014	2014/12/31		2012	nonexist	重大遗漏	证.331
271	600156	华升股份	关于对湖南华升股份有限公司及有关责任人予以监管关注的决定	2017/10/27	2017	2016	2016/12/31	监管关注	2016	占用公司资产	占用公司资产	上.70
272	600159	大龙地产	中国证监会行政处罚决定书（华夏建通、方林、尚智勇等11名责任人员）	2010/12/9	2010	2009	2009/12/31		2003	虚构利润,虚假记载(误导性陈述),推迟披露,重大遗漏	虚构利润,虚假记载(误导性陈述),推迟披露,重大遗漏	证.645
273	600170	上海建工	关于对上海建工集团股份有限公司和董事会秘书李胜予以监管关注的决定	2016/5/17	2016	2015	2015/12/31	监管关注	2015	推迟披露,其他	推迟披露,其他	上.271
274	600180	瑞茂通	中国证监会行政处罚决定书（九发股份、蒋少庆等8名责任人员）	2008/7/14	2008	2007	2007/12/31		2005	虚构利润,虚假记载(误导性陈述),重大遗漏	虚构利润,虚假记载(误导性陈述),重大遗漏	证.769
275	600186	莲花健康	中国证监会行政处罚决定书（河南莲花味精股份有限公司、郑献锋、高君等20名责任人）	2014/5/21	2014	2013	2013/12/31		2006	nonexist	虚构利润	证.404
276	600189	吉林森工	关于对吉林森林工业股份有限公司及有关责任人予以通报批评的决定	2015/11/10	2015	2014	2014/12/31	通报批评	2014	推迟披露	推迟披露	上.351
277	600198	大唐电信	中国证监会行政处罚决定书（大唐电信、周寰等20名责任人员）	2008/5/7	2008	2007	2007/12/31		2004	虚构利润,虚假记载(误导性陈述),重大遗漏	虚构利润,虚假记载(误导性陈述),重大遗漏	证.777
278	600238	海南椰岛	关于给予海南椰岛（集团）股份有限公司前董事长张春昌公开谴责的决定	2013/9/6	2013	2012	2012/12/31	公开谴责	2007	推迟披露,其他	推迟披露,其他	上.603
279	600247	*ST成城	关于给予吉林成城集团股份有限公司和时任董事长成卫文等有关责任人通报批评的决定	2013/9/5	2013	2012	2012/12/31	通报批评	2011	推迟披露,其他	推迟披露,其他	上.608
280	600249	两面针	中国证监会行政处罚决定书（两面针、梁英奇等9名责任人员）	2010/5/26	2010	2009	2009/12/31		2003	虚构利润	虚构利润	证.672
281	600250	南纺股份	中国证监会行政处罚决定书（南京纺织品进出口股份有限公司、单晓钟、丁杰等13名责任人）	2014/4/30	2014	2013	2013/12/31		2006	虚构利润	虚构利润	证.411
282	600268	国电南自	关于对国电南京自动化股份有限公司和控股股东国家电力公司南京电力自动化设备总厂及相关责任人予以监管关注的决定	2016/1/20	2016	2015	2015/12/31	监管关注	2013	其他	违规担保	上.312
283	600272	开开实业	中国证监会行政处罚决定书（上海开开实业及江玉森等人）	2007/3/6	2007	2006	2006/12/31		2003	推迟披露,重大遗漏	推迟披露,重大遗漏	证.827
284	600275	武昌鱼	关于对湖北武昌鱼股份有限公司及有关责任人予以监管关注的决定	2014/7/22	2014	2013	2013/12/31	监管关注	2012	推迟披露	推迟披露	上.503
285	600275	*ST昌鱼	中国证监会行政处罚决定书（ST昌鱼、翦英海、王晓东、吴迪真等10名责任人）	2012/2/3	2012	2011	2011/12/31		2006	推迟披露,重大遗漏	推迟披露,重大遗漏	证.582
286	600281	太化股份	关于对太原化工股份有限公司时任董事会秘书贾晓亮予以监管关注的决定	2017/12/14	2017	2016	2016/12/31	监管关注	2014	虚构利润,虚假记载(误导性陈述),其他	虚构利润,虚假记载(误导性陈述),其他	上.40
287	600287	江苏舜天	中国证监会行政处罚决定书（江苏舜天船舶股份有限公司、王军民、魏庆文等13名责任人员）	2016/10/24	2016	2015	2015/12/31		2013	虚构利润,虚假记载(误导性陈述),推迟披露,重大遗漏	虚构利润,虚假记载(误导性陈述),推迟披露,重大遗漏	证.140
288	600293	三峡新材	关于对湖北三峡新型建材股份有限公司及有关责任人予以公开谴责并公开认定不适合担任上市公司董事、监事和高级管理人员的决定	2014/8/7	2014	2013	2013/12/31	公开认定	2011	nonexist	虚构利润	上.486
289	600300	维维股份	关于对维维食品饮料股份有限公司及有关责任人予以通报批评的决定	2017/10/10	2017	2016	2016/12/31	通报批评	2016	推迟披露,重大遗漏	推迟披露,重大遗漏	上.81
290	600310	桂东电力	关于对广西桂东电力股份有限公司监事莫运忠、岑晓明予以监管关注的决定	2015/4/29	2015	2014	2014/12/31	监管关注	2010	重大遗漏,其他	重大遗漏,其他	上.415
291	600311	荣华实业	中国证监会行政处罚决定书（荣华实业、张严德等20名责任人员）	2009/9/10	2009	2008	2008/12/31		2005	虚假记载(误导性陈述),推迟披露,擅自改变资金用途	虚假记载(误导性陈述),推迟披露,擅自改变资金用途	证.715
292	600319	亚星化学	中国证监会行政处罚决定书（山东鲁北化工、冯久田、袁金亮等14名责任人员）	2012/4/26	2012	2011	2011/12/31		2007	虚假记载(误导性陈述),推迟披露,重大遗漏	虚假记载(误导性陈述),推迟披露,重大遗漏	证.576
293	600365	通葡股份	关于对通化葡萄酒股份有限公司及有关责任人予以通报批评的决定	2016/11/11	2016	2015	2015/12/31	通报批评	2015	重大遗漏,推迟披露,一般会计处理不当,其他	重大遗漏,推迟披露,一般会计处理不当,其他	上.196
294	600381	青海春天	中国证监会行政处罚决定书（贤成实业、黄贤优等9名责任人员）	2009/12/14	2009	2008	2008/12/31		2002	推迟披露,重大遗漏	推迟披露,重大遗漏	证.698
295	600385	山东金泰	关于对山东和信会计师事务所（特殊普通合伙）会计师刘守堂、张中峰予以通报批评的决定	2013/11/1	2013	2012	2012/12/31	通报批评	2003	nonexist	一般会计处理不当	上.595
296	600408	*ST安泰	关于对山西安泰集团股份有限公司独立董事李福林、白玉祥、张泽宇、罗滋、李挺和裴正予以监管关注的决定	2015/7/27	2015	2014	2014/12/31	监管关注	2014	重大遗漏,其他	重大遗漏,其他	上.381
297	600423	柳化股份	关于对柳州化工股份有限公司及其直接控股股东、间接控股股东和有关责任人予以通报批评的决定	2015/7/6	2015	2014	2014/12/31	通报批评	2014	其他	占用公司资产	上.401
298	600436	片仔癀	关于对漳州片仔癀药业股份有限公司和董事会秘书陈金城予以监管关注的决定	2017/7/18	2017	2016	2016/12/31	监管关注	2016	推迟披露,违规担保,其他	推迟披露,违规担保,其他	上.113
299	600446	金证股份	关于对深圳市金证科技股份有限公司董事长赵剑、董事杜宣及董事徐岷波予以监管关注的决定	2014/5/15	2014	2013	2013/12/31	监管关注	2008	推迟披露	推迟披露	上.548
300	600466	蓝光发展	中国证监会行政处罚决定书（迪康药业、曾雁鸣、孙继林）	2009/7/17	2009	2008	2008/12/31		2002	虚假记载(误导性陈述),重大遗漏,披露不实(其它),占用公司资产	虚假记载(误导性陈述),重大遗漏,披露不实(其它),占用公司资产	证.724
301	600503	华丽家族	中国证券监督管理委员会行政处罚决定书（宏智科技及相关人员）	2004/10/8	2004	2003	2003/12/31		2002	重大遗漏,一般会计处理不当	重大遗漏,一般会计处理不当	证.930
302	600505	西昌电力	中国证监会行政处罚决定书（西昌电力、冯德荣等12名责任人员）	2008/4/23	2008	2007	2007/12/31		2003	推迟披露,重大遗漏	推迟披露,重大遗漏	证.778
303	600528	中铁二局	关于对中铁二局股份有限公司和董事会秘书邓爱民予以监管关注的决定	2016/5/25	2016	2015	2015/12/31	监管关注	2015	推迟披露,其他	推迟披露,其他	上.267
304	600530	交大昂立	关于对上海交大昂立股份有限公司及有关责任人予以监管关注的决定	2018/1/26	2018	2017	2017/12/31	监管关注	2012	重大遗漏,其他	重大遗漏,其他	上.5
305	600546	山煤国际	关于对山煤国际能源集团股份有限公司及其有关责任人予以监管关注的决定	2015/5/27	2015	2014	2014/12/31	监管关注	2014	nonexist	违规担保	上.407
306	600551	时代出版	中国证监会行政处罚决定书（科大创新及陆晓明、陈宗海、张建生、张伟、田杰、苏俊、冯士芬、匡光力、潘忠孝、伍先达、马贤明）	2005/8/29	2005	2004	2004/12/31		2002	虚构利润,虚假记载(误导性陈述)	虚构利润,虚假记载(误导性陈述)	证.893
307	600556	ST慧球	中国证监会行政处罚决定书（广西北生药业股份有限公司、刘俊奕、姚全等6名责任人）	2014/11/15	2014	2013	2013/12/31		2004	虚构利润,虚假记载(误导性陈述),重大遗漏,占用公司资产,其他	虚构利润,虚假记载(误导性陈述),重大遗漏,占用公司资产,其他	证.358
308	600575	皖江物流	关于对安徽皖江物流（集团）股份有限公司和有关责任人予以纪律处分的决定	2015/11/19	2015	2014	2014/12/31	公开认定	2012	nonexist	虚构利润	上.346
309	600576	万家文化	关于对浙江万好万家文化股份有限公司及有关责任人予以通报批评的决定	2016/11/9	2016	2015	2015/12/31	通报批评	2015	披露不实(其它),重大遗漏,其他	披露不实(其它),重大遗漏,其他	上.203
310	600579	天华院	关于对青岛天华院化学工程股份有限公司及关联方和有关责任人予以通报批评的决定	2017/10/25	2017	2016	2016/12/31	通报批评	2016	推迟披露,擅自改变资金用途,占用公司资产	推迟披露,擅自改变资金用途,占用公司资产	上.73
311	600595	中孚实业	关于对河南中孚实业股份有限公司及有关责任人予以监管关注的决定	2015/8/24	2015	2014	2014/12/31	监管关注	2014	推迟披露,披露不实(其它)	推迟披露,披露不实(其它)	上.373
312	600598	北大荒	中国证监会行政处罚决定书（黑龙江北大荒农业股份有限公司、杨忠诚、白石等16名责任人员）	2016/8/18	2016	2015	2015/12/31		2011	虚构利润,虚假记载(误导性陈述)	虚构利润,虚假记载(误导性陈述)	证.154
313	600601	方正科技	中国证监会行政处罚决定书（北大方正集团有限公司、利德科技发展有限公司、西藏昭融投资有限公司等10名责任人员）	2017/5/5	2017	2016	2016/12/31		2001	nonexist	推迟披露	证.74
314	600608	ST沪科	中国证监会行政处罚决定书（上海科技、张杰等9名责任人员）	2010/4/6	2010	2009	2009/12/31		2004	虚假记载(误导性陈述),推迟披露,占用公司资产,违规担保,其他	虚假记载(误导性陈述),推迟披露,占用公司资产,违规担保,其他	证.681
315	600610	中毅达	关于对上海中毅达股份有限公司及其控股股东大申集团有限公司、股权受让方及有关责任人予以纪律处分的决定	2017/12/28	2017	2016	2016/12/31	通报批评	2016	虚假记载(误导性陈述),推迟披露,重大遗漏	虚假记载(误导性陈述),推迟披露,重大遗漏	上.30
316	600617	国新能源	关于对山西省国新能源股份有限公司和董事会秘书张帆予以监管关注的决定	2016/1/11	2016	2015	2015/12/31	监管关注	2014	推迟披露,其他	推迟披露,其他	上.319
317	600624	复旦复华	关于对上海复旦复华科技股份有限公司和董事兼总经理蒋国兴予以监管关注的决定	2015/4/13	2015	2014	2014/12/31	监管关注	2013	推迟披露,其他	推迟披露,其他	上.427
318	600634	富控互动	中国证监会行政处罚决定书（海鸟发展及唐海根等相关人员）	2006/9/19	2006	2005	2005/12/31		2004	虚假记载(误导性陈述),推迟披露	虚假记载(误导性陈述),推迟披露	证.850
319	600646	ST国嘉(退市)	中国证券监督管理委员会行政处罚决定书（国嘉实业及相关人员）	2003/12/1	2003	2002	2002/12/31		2000	nonexist	虚假记载	证.977
320	600648	外高桥	中国证监会行政处罚决定书（上海外高桥、史贤俊等6名责任人员）	2008/4/23	2008	2007	2007/12/31		2003	虚假记载(误导性陈述),违规买卖股票	虚假记载(误导性陈述),违规买卖股票	证.779
321	600656	退市博元(退市)	中国证监会行政处罚决定书（广东省珠海市博元投资股份有限公司、车学东、蒋根福等15名责任人员）	2017/6/29	2017	2016	2016/12/31		2011	nonexist	虚构利润	证.43
322	600659	*ST花雕(退市)	中国证券监督管理委员会行政处罚决定书（神龙发展及相关人员）	2004/9/16	2004	2003	2003/12/31		2001	虚构利润,虚假记载(误导性陈述),推迟披露,重大遗漏	虚构利润,虚假记载(误导性陈述),推迟披露,重大遗漏	证.933
323	600671	天目药业	中国证监会行政处罚决定书（天目药业、章鹏飞等11名责任人员）	2011/1/6	2011	2010	2010/12/31		2007	推迟披露,重大遗漏,占用公司资产	推迟披露,重大遗漏,占用公司资产	证.640
324	600678	四川金顶	中国证监会行政处罚决定书（四川金顶、陈建龙等4名责任人员）	2010/12/3	2010	2009	2009/12/31		2008	推迟披露,重大遗漏	推迟披露,重大遗漏	证.654
325	600700	*ST数码(退市)	中国证券监督管理委员会行政处罚决定书（数码测绘及相关人员）	2004/12/23	2004	2003	2003/12/31		2001	虚构利润,虚假记载(误导性陈述),重大遗漏,其他	虚构利润,虚假记载(误导性陈述),重大遗漏,其他	证.922
326	600705	中航资本	中国证监会行政处罚决定书（北亚实业刘桦等6名责任人员）	2009/4/7	2009	2008	2008/12/31		1998	虚构利润,虚列资产,虚假记载(误导性陈述),推迟披露,重大遗漏	虚构利润,虚列资产,虚假记载(误导性陈述),推迟披露,重大遗漏	证.741
327	600713	南京医药	关于对南京医药股份有限公司及董事会秘书李文骏予以监管关注的决定	2016/9/26	2016	2015	2015/12/31	监管关注	2014	推迟披露,其他	推迟披露,其他	上.214
328	600722	金牛化工	中国证监会行政处罚决定书（沧州化工、周振德等11名责任人）	2011/12/6	2011	2010	2010/12/31		2004	重大遗漏,违规担保	重大遗漏,违规担保	证.590
329	600726	华电能源	关于对华电能源股份有限公司和有关责任人予以监管关注的决定	2015/2/16	2015	2014	2014/12/31	监管关注	2013	占用公司资产	占用公司资产	上.437
330	600728	佳都科技	中国证券监督管理委员会行政处罚决定书（远洋渔业及相关人员）	2004/4/23	2004	2003	2003/12/31		2001	虚构利润,虚假记载(误导性陈述),推迟披露,重大遗漏	虚构利润,虚假记载(误导性陈述),推迟披露,重大遗漏	证.957
331	600730	中国高科	关于对中国高科集团股份有限公司及有关责任人予以纪律处分的决定	2018/1/3	2018	2017	2017/12/31	通报批评	2012	虚构利润,推迟披露,披露不实(其它),一般会计处理不当,其他	虚构利润,推迟披露,披露不实(其它),一般会计处理不当,其他	上.20
332	600747	大连控股	关于对大连大显控股股份有限公司有关责任人予以监管关注的决定	2015/4/28	2015	2014	2014/12/31	监管关注	2013	推迟披露,重大遗漏,其他	推迟披露,重大遗漏,其他	上.416
333	600751	天海投资	中国证监会行政处罚决定书（天海股份、李维艰、宋兴庭等9名责任人员）	2011/11/8	2011	2010	2010/12/31		2008	推迟披露,重大遗漏	推迟披露,重大遗漏	证.595
334	600760	中航黑豹	关于对中航黑豹股份有限公司和董事会秘书予以监管关注的决定	2014/5/8	2014	2013	2013/12/31	监管关注	2013	推迟披露	推迟披露	上.554
335	600762	S*ST金荔(退市)	中国证监会行政处罚决定书（金荔科技、刘作超等7名责任人员）	2008/5/7	2008	2007	2007/12/31		2002	虚构利润,虚列资产,虚假记载(误导性陈述),推迟披露,重大遗漏,占用公司资产,其他	虚构利润,虚列资产,虚假记载(误导性陈述),推迟披露,重大遗漏,占用公司资产,其他	证.776
336	600764	中国海防	中国证监会行政处罚决定书（中电广通、单昶等11名责任人员）	2009/3/30	2009	2008	2008/12/31		2003	虚假记载(误导性陈述),推迟披露,重大遗漏	虚假记载(误导性陈述),推迟披露,重大遗漏	证.742
337	600766	园城黄金	中国证券监督管理委员会行政处罚决定书（烟台发展及相关人员）	2004/11/15	2004	2003	2003/12/31		2000	虚构利润,虚假记载(误导性陈述),推迟披露,重大遗漏	虚构利润,虚假记载(误导性陈述),推迟披露,重大遗漏	证.926
338	600768	宁波富邦	中国证监会行政处罚决定书（宁波富邦、郑锦浩、华声康等7名责任人）	2012/6/27	2012	2011	2011/12/31		2010	推迟披露,重大遗漏	推迟披露,重大遗漏	证.557
339	600771	广誉远	中国证监会行政处罚决定书（东盛科技、郭家学等15名责任人员）	2010/4/13	2010	2009	2009/12/31		2002	推迟披露,重大遗漏	推迟披露,重大遗漏	证.677
340	600772	S*ST龙昌(退市)	中国证券监督管理委员会行政处罚决定书（石油龙昌及相关人员）	2003/12/5	2003	2002	2002/12/31		2000	nonexist	虚假记载	证.976
341	600781	辅仁药业	关于对辅仁药业集团实业股份有限公司董事长朱文臣予以监管关注的决定	2016/9/9	2016	2015	2015/12/31	监管关注	2015	推迟披露,其他	推迟披露,其他	上.222
342	600788	*ST达曼(退市)	中国证监会行政处罚决定书（西安达尔曼及相关人员）	2005/5/17	2005	2004	2004/12/31		2002	虚构利润,虚假记载(误导性陈述),推迟披露,重大遗漏	虚构利润,虚假记载(误导性陈述),推迟披露,重大遗漏	证.908
343	600800	天津磁卡	中国证券监督管理委员会行政处罚决定书（天津磁卡及相关人员）	2003/7/4	2003	2002	2002/12/31		2000	nonexist	虚构利润	证.992
344	600802	福建水泥	关于对福建水泥股份有限公司和董事会秘书蔡宣能予以监管关注的决定	2017/1/12	2017	2016	2016/12/31	监管关注	2014	nonexist	推迟披露	上.162
345	600810	神马股份	关于对神马实业股份有限公司及有关责任人予以纪律处分的决定	2017/4/17	2017	2016	2016/12/31	公开谴责	2014	推迟披露,披露不实(其它),其他	推迟披露,披露不实(其它),其他	上.139
346	600817	*ST宏盛	中国证监会行政处罚决定书（上海宏盛科技、龙长生、鞠淑芝、沈哲男）	2012/3/22	2012	2011	2011/12/31		2005	nonexist	虚假记载	证.580
347	600822	上海物贸	中国证券监督管理委员会行政处罚决定书（上海物贸中心及相关人员）	2003/4/8	2003	2002	2002/12/31		1997	重大遗漏	重大遗漏	证.996
348	600829	人民同泰	关于对哈药集团人民同泰股份有限公司及有关责任人予以通报批评的决定	2015/7/12	2015	2014	2014/12/31	通报批评	2014	推迟披露	推迟披露	上.391
349	600847	*ST万里	中国证券监督管理委员会行政处罚决定书（重庆万里蓄电池及相关人员）	2004/5/19	2004	2003	2003/12/31		2002	推迟披露,重大遗漏	推迟披露,重大遗漏	证.954
350	600848	上海临港	中国证券监督管理委员会行政处罚决定书（自仪股份及相关人员）	2003/4/21	2003	2002	2002/12/31		1999	推迟披露,重大遗漏	推迟披露,重大遗漏	证.995
351	600862	中航高科	中国证券监督管理委员会行政处罚决定书（纵横国际及相关人员）	2004/7/27	2004	2003	2003/12/31		2000	虚构利润,虚假记载(误导性陈述),重大遗漏	虚构利润,虚假记载(误导性陈述),重大遗漏	证.941
352	600872	中炬高新	中国证券监督管理委员会行政处罚决定书（中炬高新及相关人员）	2003/12/31	2003	2002	2002/12/31		1999	nonexist	虚假记载	证.969
353	600876	洛阳玻璃	关于对洛阳玻璃股份有限公司和有关责任人予以监管关注的决定	2017/1/19	2017	2016	2016/12/31	监管关注	2015	披露不实(其它)	披露不实(其它)	上.160
354	600877	中国嘉陵	关于对中国嘉陵工业股份有限公司(集团)和有关责任人予以监管关注的决定	2016/8/4	2016	2015	2015/12/31	监管关注	2015	推迟披露,其他	推迟披露,其他	上.237
355	600878	*ST北科(退市)	中国证券监督管理委员会行政处罚决定书（大连北大科技及相关人员）	2004/6/7	2004	2003	2003/12/31		2001	虚构利润,虚假记载(误导性陈述)	虚构利润,虚假记载(误导性陈述)	证.949
356	600891	秋林集团	关于对哈尔滨秋林集团股份有限公司及有关责任人予以监管关注的决定	2016/12/12	2016	2015	2015/12/31	监管关注	2015	推迟披露,其他	推迟披露,其他	上.173
357	600892	大晟文化	关于对大晟时代文化投资股份有限公司及有关责任人予以监管关注的决定	2018/1/15	2018	2017	2017/12/31	监管关注	2015	虚假记载(误导性陈述),一般会计处理不当,其他	虚假记载(误导性陈述),一般会计处理不当,其他	上.15
358	600898	国美通讯	中国证监会行政处罚决定书（三联商社、张继升等6名责任人员）	2008/4/8	2008	2007	2007/12/31		2004	重大遗漏,占用公司资产	重大遗漏,占用公司资产	证.781
359	600899	*ST信联(退市)	中国证监会行政处罚决定书（王宏建等8名信联股份责任人员）	2008/3/31	2008	2007	2007/12/31		2003	虚构利润,重大遗漏,披露不实(其它)	虚构利润,重大遗漏,披露不实(其它)	证.784
360	600966	博汇纸业	关于对山东博汇纸业股份有限公司、山东天源热电有限公司、江苏丰源热电有限公司及有关责任人予以纪律处分的决定	2014/12/1	2014	2013	2013/12/31	通报批评	2013	推迟披露,占用公司资产,其他	推迟披露,占用公司资产,其他	上.451
361	600971	恒源煤电	关于对安徽恒源煤电股份有限公司及其财务总监兼董事会秘书孙夕仁予以监管关注的决定	2016/12/19	2016	2015	2015/12/31	监管关注	2015	推迟披露,一般会计处理不当	推迟披露,一般会计处理不当	上.169
362	600986	科达股份	中国证监会行政处罚决定书（科达股份、刘双珉等13名责任人员）	2011/9/8	2011	2010	2010/12/31		2006	虚列资产,虚假记载(误导性陈述),推迟披露,重大遗漏	虚列资产,虚假记载(误导性陈述),推迟披露,重大遗漏	证.604
363	601003	柳钢股份	关于对柳州钢铁股份有限公司和董事会秘书班俊超予以监管关注的决定	2014/8/11	2014	2013	2013/12/31	监管关注	2013	推迟披露,其他	推迟披露,其他	上.485
364	601117	中国化学	关于对中国化学工程股份有限公司和有关责任人予以监管关注的决定	2015/8/24	2015	2014	2014/12/31	监管关注	2012	推迟披露,重大遗漏,违规担保	推迟披露,重大遗漏,违规担保	上.375
365	601519	*ST智慧	关于对上海大智慧股份有限公司及有关责任人予以公开谴责或通报批评的决定	2017/11/13	2017	2016	2016/12/31	通报批评	2013	nonexist	虚构利润	上.59
366	601558	*ST锐电	中国证监会行政处罚决定书（华锐风电科技（集团）股份有限公司、韩俊良、陶刚等15名责任人员）	2015/11/5	2015	2014	2014/12/31		2011	nonexist	虚假记载	证.284
367	601777	力帆股份	关于对力帆实业（集团）股份有限公司和有关责任人予以监管关注的决定	2016/7/1	2016	2015	2015/12/31	监管关注	2015	占用公司资产	占用公司资产	上.250
368	603003	龙宇燃油	关于对上海龙宇燃油股份有限公司及予以通报批评的决定	2017/9/21	2017	2016	2016/12/31	通报批评	2014	nonexist	虚构利润	上.87
369	603227	雪峰科技	关于对新疆雪峰科技（集团）股份有限公司总经理刘爱华予以监管关注的决定	2016/7/4	2016	2015	2015/12/31	监管关注	2015	nonexist	违规担保	上.246
370	603703	盛洋科技	关于对浙江盛洋科技股份有限公司和相关责任人予以监管关注的决定	2017/3/17	2017	2016	2016/12/31	监管关注	2015	推迟披露,占用公司资产	推迟披露,占用公司资产	上.145
371	831399	参仙源	中国证监会行政处罚决定书（参仙源参业股份有限公司、于成波、李殿文等7名责任人员）	2016/6/30	2016	2015	2015/12/31		2013	nonexist	虚构利润	证.174
372	900956	东贝B股	中国证监会行政处罚决定书（黄石东贝机电集团有限责任公司、杨百昌、朱金明等5名责任人）	2014/8/18	2014	2013	2013/12/31		2006	推迟披露,披露不实(其它)	推迟披露,披露不实(其它)	证.379
