7	2012/12/31	全新好	关于对深圳市零七股份有限公司及相关当事人给予处分的决定	2014/8/26	公开谴责	2012	重大遗漏,其他	虚假记载	深.315
9	2001/12/31	中国宝安	关于对中水集团远洋股份有限公司等十一家上市公司予以内部通报批评的决定	2002/7/17	内部批评	2001	推迟披露	推迟披露	深.950
10	2003/12/31	美丽生态	关于对深圳市华新股份有限公司及相关当事人给予通报批评的决定	2010/6/24	交易所通报批评	2003	虚假记载(误导性陈述),重大遗漏,占用公司资产	虚假记载(误导性陈述),重大遗漏,占用公司资产	深.543
12	2013/12/31	南  玻Ａ	关于对中国南玻集团股份有限公司及相关当事人给予处分的决定	2017/12/20	通报批评	2013	虚假记载(误导性陈述)	虚假记载(误导性陈述)	深.19
13	2000/12/31	*ST石化A	关于对广西康达（集团）股份有限公司等公司予以内部批评的决定	2001/7/3	内部批评	2000	推迟披露,重大遗漏,占用公司资产,其他	推迟披露,重大遗漏,占用公司资产,其他	深.1118
19	1999/12/31	深深宝Ａ	关于对深圳市深宝实业股份有限公司予以内部批评的决定	2000/6/28	内部批评	1999	推迟披露	推迟披露	深.1151
20	2000/12/31	深华发Ａ	关于对深圳华发电子股份有限公司及相关人员予以内部通报批评的决定	2004/6/10	内部批评	2000	虚构利润,推迟披露	虚构利润,推迟披露	深.839
21	2000/12/31	深科技	关于对深圳开发科技股份有限公司予以内部通报批评的决定	2001/12/19	内部批评	2000	推迟披露	推迟披露	深.1024
26	2001/12/31	飞亚达Ａ	关于对成都宗申联益实业股份有限公司等21家公司予以内部通报批评的决定	2001/10/31	内部批评	2001	推迟披露,违规担保	推迟披露,违规担保	深.1058
33	2011/12/31	新都退	关于对深圳新都酒店股份有限公司及相关当事人给予处分的决定	2014/8/26	公开谴责	2011	虚假记载(误导性陈述)	虚假记载(误导性陈述)	深.313
34	2003/12/31	神州数码	中国证监会行政处罚决定书（深信泰丰及肖水龙、王迎等人）	2007年8月30日		2003	虚假记载(误导性陈述),重大遗漏	虚假记载(误导性陈述),重大遗漏	证.811
35	2001/12/31	中国天楹	关于对中国科健股份有限公司及原董事会秘书董志刚予以公开谴责的决定	2002/4/5	公开谴责	2001	推迟披露,其他	推迟披露,其他	深.995
40	2006/12/31	东旭蓝天	中国证监会行政处罚决定书（宝安鸿基地产集团股份有限公司、邱瑞亨、任国强等15名责任人）	2012年12月17日		2006	nonexist	重大遗漏	证.534
41	2003/12/31	*ST本实B	关于对深圳本鲁克斯实业股份有限公司及相关董事予以内部通报批评的决定	2004/8/5	内部批评	2003	虚假记载(误导性陈述),推迟披露	虚假记载(误导性陈述),推迟披露	深.810
43	2001/12/31	中航地产	关于对成都宗申联益实业股份有限公司等21家公司予以内部通报批评的决定	2001/10/31	内部批评	2001	推迟披露,违规担保	推迟披露,违规担保	深.1057
55	2001/12/31	方大集团	中国证监会行政处罚决定书（方大集团及熊建明等相关人员）	2006年6月28日		2001	虚构利润,虚假记载(误导性陈述)	虚构利润,虚假记载(误导性陈述)	证.856
66	2000/12/31	中国长城	关于对中国长城计算机深圳股份有限公司予以内部通报批评的决定	2001/12/19	内部批评	2000	推迟披露	推迟披露	深.1023
68	2001/12/31	华控赛格	关于对通化金马药业集团股份有限公司等六家公司予以公开谴责的决定	2002/7/2	公开谴责	2001	推迟披露,其他	推迟披露,其他	深.957
70	2000/12/31	特发信息	关于对广西康达（集团）股份有限公司等公司予以内部批评的决定	2001/7/3	内部批评	2000	推迟披露,重大遗漏,占用公司资产,其他	推迟披露,重大遗漏,占用公司资产,其他	深.1087
78	2001/12/31	海王生物	关于对通化金马药业集团股份有限公司等六家公司予以公开谴责的决定	2002/7/2	公开谴责	2001	推迟披露,其他	推迟披露,其他	深.956
99	2000/12/31	中信海直	关于对广西康达（集团）股份有限公司等公司予以内部批评的决定	2001/7/3	内部批评	2000	推迟披露,重大遗漏,占用公司资产,其他	推迟披露,重大遗漏,占用公司资产,其他	深.1115
150	2004/12/31	宜华健康	关于对麦科特光电股份有限公司及相关人员予以公开谴责的决定	2006/3/1	公开谴责	2004	虚假记载(误导性陈述),推迟披露,擅自改变资金用途,其他	虚假记载(误导性陈述),推迟披露,擅自改变资金用途,其他	深.745
155	2000/12/31	川化股份	关于对广西康达（集团）股份有限公司等公司予以内部批评的决定	2001/7/3	内部批评	2000	推迟披露,重大遗漏,占用公司资产,其他	推迟披露,重大遗漏,占用公司资产,其他	深.1114
156	2000/12/31	华数传媒	关于对湖南安塑股份有限公司予以公开谴责的决定	2002/3/28	公开谴责	2000	推迟披露	推迟披露	深.1003
301	2004/12/31	东方市场	关于对吴江丝绸股份有限公司及相关人员予以通报批评的决定	2005/9/6	交易所通报批评	2004	虚假记载(误导性陈述),推迟披露,重大遗漏,其他	虚假记载(误导性陈述),推迟披露,重大遗漏,其他	深.763
400	2000/12/31	许继电气	关于对成都宗申联益实业股份有限公司等21家公司予以内部通报批评的决定	2001/10/31	内部批评	2000	推迟披露,违规担保	推迟披露,违规担保	深.1056
403	2001/12/31	ST生化	关于对长春北方五环实业股份有限公司等十三家上市公司予以内部通报批评的决定	2002/5/31	内部批评	2001	重大遗漏,其他	重大遗漏,其他	深.987
404	2000/12/31	华意压缩	关于对广西康达（集团）股份有限公司等公司予以内部批评的决定	2001/7/3	内部批评	2000	推迟披露,重大遗漏,占用公司资产,其他	推迟披露,重大遗漏,占用公司资产,其他	深.1113
407	2010/12/31	胜利股份	关于对山东胜利股份有限公司及相关当事人给予处分的决定	2012/2/7	交易所通报批评	2010	推迟披露	推迟披露	深.452
408	2001/12/31	藏格控股	关于对成都宗申联益实业股份有限公司等21家公司予以内部通报批评的决定	2001/10/31	内部批评	2001	推迟披露,违规担保	推迟披露,违规担保	深.1055
409	2009/12/31	山东地矿	关于对泰复实业股份有限公司及相关当事人给予通报批评的决定	2010/12/7	交易所通报批评	2009	推迟披露	推迟披露	深.513
410	2001/12/31	*ST沈机	关于对中水集团远洋股份有限公司等十一家上市公司予以内部通报批评的决定	2002/7/17	内部批评	2001	推迟披露	推迟披露	深.949
412	1997/12/31	ST 五 环	关于对长春北方五环实业股份有限公司等十三家上市公司予以内部通报批评的决定	2002/5/31	内部批评	1997	重大遗漏,其他	重大遗漏,其他	深.986
416	2008/12/31	民生控股	关于对民生投资管理股份有限公司及相关当事人给予处分的决定	2009/8/4	交易所通报批评	2008	推迟披露	推迟披露	深.582
418	2005/12/31	小天鹅Ａ	关于对无锡小天鹅股份有限公司及相关当事人给予处分的决定	2006/9/19	公开谴责	2005	推迟披露,重大遗漏,占用公司资产,其他	推迟披露,重大遗漏,占用公司资产,其他	深.710
420	2000/12/31	吉林化纤	关于对长春北方五环实业股份有限公司等十三家上市公司予以内部通报批评的决定	2002/5/31	内部批评	2000	重大遗漏,其他	重大遗漏,其他	深.985
421	2003/12/31	南京公用	中国证监会行政处罚决定书（南京中北、郭试平等7名责任人员）	2010年3月19日		2003	虚假记载(误导性陈述),重大遗漏	虚假记载(误导性陈述),重大遗漏	证.683
422	1996/12/31	湖北宜化	关于对湖北宜化化工股份有限公司予以内部通报批评的决定	2001/12/11	内部批评	1996	推迟披露,重大遗漏	推迟披露,重大遗漏	深.1026
430	1996/12/31	张家界	关于湖南省张家界旅游开发股份有限公司及肖碧文等人违反证券法规行为的处罚决定	2001年8月3日		1996	虚构利润	虚构利润	证.1035
498	2003/12/31	山东路桥	中国证监会行政处罚决定书（丹化股份、梁健等12名责任人员）	2010年1月6日		2003	虚假记载(误导性陈述),推迟披露,其他	虚假记载(误导性陈述),推迟披露,其他	证.692
503	2002/12/31	海虹控股	关于对四川美亚丝绸（集团）股份有限公司等二十三家上市公司予以内部通报批评的决定	2003/4/25	内部批评	2002	推迟披露,其他	推迟披露,其他	深.893
504	2012/12/31	南华生物	关于对北京赛迪传媒投资股份有限公司及相关当事人给予处分的决定	2014/2/11	通报批评	2012	推迟披露,一般会计处理不当	推迟披露,一般会计处理不当	深.348
509	2000/12/31	华塑控股	中国证监会行政处罚决定书（四川天歌及相关人员）	2005年6月8日		2000	虚构利润,虚假记载(误导性陈述),推迟披露,重大遗漏	虚构利润,虚假记载(误导性陈述),推迟披露,重大遗漏	证.904
510	1997/12/31	金路集团	关于四川金路集团股份有限公司及有关人员违反证券法规行为的处罚决定	2001年11月9日		1997	虚构利润,重大遗漏	虚构利润,重大遗漏	证.1022
511	2009/12/31	*ST烯碳	关于对银基烯碳新材料股份有限公司及相关当事人给予纪律处分的决定	2015/7/31	通报批评	2009	虚假记载(误导性陈述),重大遗漏,其他	虚假记载(误导性陈述),重大遗漏,其他	深.265
514	1998/12/31	渝开发	关于对重庆渝开发股份有限公司违反证券法律法规的处罚决定	2003年9月16日		1998	虚构利润,虚假记载(误导性陈述)	虚构利润,虚假记载(误导性陈述)	证.982
521	1998/12/31	美菱电器	关于对通化金马药业集团股份有限公司等六家公司予以公开谴责的决定	2002/7/2	公开谴责	1998	推迟披露,其他	推迟披露,其他	深.955
525	2001/12/31	红 太 阳	关于对成都宗申联益实业股份有限公司等21家公司予以内部通报批评的决定	2001/10/31	内部批评	2001	推迟披露,违规担保	推迟披露,违规担保	深.1053
526	2001/12/31	*ST紫学	关于对成都宗申联益实业股份有限公司等21家公司予以内部通报批评的决定	2001/10/31	内部批评	2001	推迟披露,违规担保	推迟披露,违规担保	深.1052
527	2001/12/31	美的电器	关于对中水集团远洋股份有限公司等十一家上市公司予以内部通报批评的决定	2002/7/17	内部批评	2001	推迟披露	推迟披露	深.948
529	2003/12/31	广弘控股	中国证监会行政处罚决定书（广东美雅及冯国良等人）	2007年5月25日		2003	虚构利润	虚构利润	证.820
533	1999/12/31	万 家 乐	关于对广东万家乐股份有限公司予以公开谴责的决定	2001/10/9	公开谴责	1999	nonexist	违规担保	深.1063
535	1994/12/31	*ST 猴王	关于对猴王股份有限公司予以公开谴责的决定	2000/6/16	公开谴责	1994	重大遗漏,占用公司资产	重大遗漏,占用公司资产	深.1152
537	2001/12/31	广宇发展	关于对四川美亚丝绸（集团）股份有限公司等二十三家上市公司予以内部通报批评的决定	2003/4/25	内部批评	2001	推迟披露,其他	推迟披露,其他	深.891
541	2009/12/31	佛山照明	关于对佛山电器照明股份有限公司及相关当事人给予处分的决定	2012/10/9	通报批评	2009	推迟披露,重大遗漏,其他	推迟披露,重大遗漏,其他	深.419
542	2001/12/31	TCL 通讯	关于对中水集团远洋股份有限公司等十一家上市公司予以内部通报批评的决定	2002/7/17	内部批评	2001	推迟披露	推迟披露	深.946
546	2011/12/31	金圆股份	深证上[2012]262-关于对吉林光华控股集团股份有限公司及相关当事人予以通报批评的决定	2012/8/8	通报批评	2011	重大遗漏,其他	重大遗漏,其他	深.437
547	2001/12/31	航天发展	关于对中水集团远洋股份有限公司等十一家上市公司予以内部通报批评的决定	2002/7/17	内部批评	2001	推迟披露	推迟披露	深.945
549	1997/12/31	S湘火炬(退市)	中国证监会行政处罚决定书（湘火炬及聂新勇、刘海南等相关人员）	2006年11月28日		1997	虚构利润,虚假记载(误导性陈述),重大遗漏,其他	虚构利润,虚假记载(误导性陈述),重大遗漏,其他	证.843
553	2001/12/31	沙隆达Ａ	关于对成都宗申联益实业股份有限公司等21家公司予以内部通报批评的决定	2001/10/31	内部批评	2001	推迟披露,违规担保	推迟披露,违规担保	深.1051
555	2002/12/31	神州信息	关于对天津灯塔涂料股份有限公司等九家公司予以内部通报批评的决定	2003/3/5	内部批评	2002	推迟披露,其他	推迟披露,其他	深.921
557	1998/12/31	西部创业	中国证券监督管理委员会行政处罚决定书（银广夏）	2002年4月23日		1998	虚构利润,虚假记载(误导性陈述),重大遗漏,其他	虚构利润,虚假记载(误导性陈述),重大遗漏,其他	证.1008
559	2001/12/31	万向钱潮	关于对万向钱潮股份有限公司予以内部通报批评的决定	2001/12/4	内部批评	2001	重大遗漏	重大遗漏	深.1032
561	2005/12/31	烽火电子	关于对长岭（集团）股份有限公司及相关人员予以处分的决定	2005/12/30	公开谴责	2005	虚假记载(误导性陈述),推迟披露,其他	虚假记载(误导性陈述),推迟披露,其他	深.748
566	2000/12/31	海南海药	关于对广西康达（集团）股份有限公司等公司予以内部批评的决定	2001/7/3	内部批评	2000	推迟披露,重大遗漏,占用公司资产,其他	推迟披露,重大遗漏,占用公司资产,其他	深.1111
567	1998/12/31	海德股份	关于对海南海德纺织实业股份有限公司予以内部批评的决定	2002/2/28	内部批评	1998	推迟披露,重大遗漏	违规担保	深.1012
569	2003/12/31	长城股份	关于对四川川投长城特殊钢股份有限公司及相关人员予以内部通报批评的决定	2004/7/13	内部批评	2003	推迟披露,其他	推迟披露,其他	深.816
570	2001/12/31	苏常柴Ａ	关于对成都宗申联益实业股份有限公司等21家公司予以内部通报批评的决定	2001/10/31	内部批评	2001	推迟披露,违规担保	推迟披露,违规担保	深.1050
572	2011/12/31	海马汽车	关于对海马汽车集团股份有限公司及相关当事人给予处分的决定	2012/9/7	通报批评	2011	推迟披露	推迟披露	深.432
573	2000/12/31	粤宏远Ａ	关于对东莞宏远工业区股份有限公司及相关人员进行公开谴责的决定	2001/9/13	公开谴责	2000	虚假记载(误导性陈述),推迟披露,披露不实(其它)	虚假记载(误导性陈述),推迟披露,披露不实(其它)	深.1065
578	2002/12/31	盐湖集团(退市)	中国证监会行政处罚决定书（青海数码网络投资（集团）股份有限公司、钟小剑、张德雷等7名责任人员）	2009年8月27日		2002	nonexist	违规担保	证.719
582	2005/12/31	北部湾港	中国证监会行政处罚决定书（北海港、天津德利得、王学利等15名责任人员）	2011年1月10日		2005	推迟披露,重大遗漏,占用公司资产	推迟披露,重大遗漏,占用公司资产	证.638
583	2001/12/31	S*ST托普	关于对成都宗申联益实业股份有限公司等21家公司予以内部通报批评的决定	2001/10/31	内部批评	2001	推迟披露,违规担保	推迟披露,违规担保	深.1049
587	2002/12/31	金洲慈航	关于对光明集团家具股份有限公司及有关人员予以公开谴责的决定	2003/8/20	公开谴责	2002	nonexist	推迟披露	深.865
590	2004/12/31	启迪古汉	关于对紫光古汉集团股份有限公司及相关当事人予以处分的决定	2013/7/24	公开谴责	2004	nonexist	虚构利润	深.391
591	2004/12/31	太阳能	关于对重庆桐君阁股份有限公司及相关人员予以通报批评的决定	2005/9/13	内部批评	2004	推迟披露,其他	推迟披露,其他	深.759
594	2006/12/31	国恒退	关于对天津宏峰实业股份有限公司及相关当事人给予通报批评处分的决定	2007/9/21	交易所通报批评	2006	推迟披露,占用公司资产	推迟披露,占用公司资产	深.672
595	1998/12/31	*ST宝实	关于对成都宗申联益实业股份有限公司等21家公司予以内部通报批评的决定	2001/10/31	内部批评	1998	推迟披露,违规担保	推迟披露,违规担保	深.1048
597	1999/12/31	东北制药	关于对东北制药集团股份有限公司予以内部批评的决定	2000/6/28	交易所通报批评	1999	重大遗漏	重大遗漏	深.1147
602	2000/12/31	金马退市	关于对广东金马旅游集团股份有限公司及有关人员予以公开谴责的决定	2001/5/17	公开谴责	2000	推迟披露,其他	推迟披露,其他	深.1123
603	2003/12/31	盛达矿业	中国证监会行政处罚决定书（ST威达及魏兴毅、杨志强等人）	2007年6月18日		2003	重大遗漏	重大遗漏	证.814
605	2001/12/31	渤海股份	中国证监会行政处罚决定书（四环药业、陈军等12名责任人员）	2009年5月5日		2001	虚假记载(误导性陈述),推迟披露,重大遗漏	虚假记载(误导性陈述),推迟披露,重大遗漏	证.736
611	2008/12/31	天首发展	关于对内蒙古时代科技股份有限公司及相关当事人给予处分的决定	2011/11/3	交易所通报批评	2008	虚假记载(误导性陈述),推迟披露,占用公司资产	虚假记载(误导性陈述),推迟披露,占用公司资产	深.470
615	2012/12/31	京汉股份	关于对湖北金环股份有限公司及相关当事人给予通报批评处分的决定	2015/11/24	通报批评	2012	虚假记载(误导性陈述),其他	虚假记载(误导性陈述),其他	深.234
622	1998/12/31	恒立实业	关于对石家庄炼油化工股份有限公司等四家公司予以内部通报批评的决定	2003/7/2	内部批评	1998	重大遗漏	重大遗漏	深.877
630	2001/12/31	铜陵有色	关于对安徽铜都铜业股份有限公司予以内部批评的决定	2001/12/26	内部批评	2001	推迟披露,其他	推迟披露,其他	深.1021
631	2003/12/31	顺发恒业	关于对兰宝科技信息股份有限公司及相关人员予以内部通报批评的决定	2004/7/20	内部批评	2003	推迟披露,其他	推迟披露,其他	深.815
632	2012/12/31	三木集团	关于对福建三木集团股份有限公司及相关当事人给予公开谴责处分的决定	2015/2/11	公开谴责	2012	重大遗漏,其他	重大遗漏,其他	深.288
633	2003/12/31	合金投资	中国证监会行政处罚决定书（沈阳合金投资及傅忠、杨志斌、王淑娟、唐忠诚、安体富、李馨）	2005年9月23日		2003	虚假记载(误导性陈述),推迟披露,重大遗漏	虚假记载(误导性陈述),推迟披露,重大遗漏	证.889
637	2013/12/31	茂化实华	关于对茂名石化实华股份有限公司及相关当事人给予处分的决定	2014/8/11	通报批评	2013	虚假记载(误导性陈述),推迟披露,其他	虚假记载(误导性陈述),推迟披露,其他	深.320
638	2000/12/31	万方发展	关于对广西康达（集团）股份有限公司等公司予以内部批评的决定	2001/7/3	内部批评	2000	推迟披露,重大遗漏,占用公司资产,其他	推迟披露,重大遗漏,占用公司资产,其他	深.1108
639	2011/12/31	西王食品	关于对西王食品股份有限公司及相关当事人给予处分的决定	2013/3/7	通报批评	2011	重大遗漏,占用公司资产,其他	重大遗漏,占用公司资产,其他	深.410
651	2000/12/31	格力电器	关于对广西康达（集团）股份有限公司等公司予以内部批评的决定	2001/7/3	内部批评	2000	推迟披露,重大遗漏,占用公司资产,其他	推迟披露,重大遗漏,占用公司资产,其他	深.1107
656	2002/12/31	金科股份	关于对四川美亚丝绸（集团）股份有限公司等二十三家上市公司予以内部通报批评的决定	2003/4/25	内部批评	2002	推迟披露,其他	推迟披露,其他	深.884
660	1997/12/31	*ST南华(退市)	中国证券监督管理委员会行政处罚决定书（南华西及相关人员）	2003年4月21日		1997	推迟披露,重大遗漏,占用公司资产	推迟披露,重大遗漏,占用公司资产	证.994
661	2003/12/31	长春高新	关于对长春高新技术产业（集团）股份有限公司及相关当事人给予处分的决定	2013/9/24	通报批评	2003	重大遗漏,占用公司资产	重大遗漏,占用公司资产	深.372
668	2013/12/31	荣丰控股	关于对荣丰控股集团股份有限公司和相关当事人给予纪律处分的决定	2016/7/8	公开谴责	2013	重大遗漏,其他	重大遗漏,其他	深.182
670	2000/12/31	盈方微	中国证券监督管理委员会行政处罚决定书（天发石油及相关人员）	2004年9月20日		2000	虚构利润,虚假记载(误导性陈述),推迟披露,占用公司资产	虚构利润,虚假记载(误导性陈述),推迟披露,占用公司资产	证.931
672	2000/12/31	上峰水泥	中国证券监督管理委员会行政处罚决定书（铜城集团及相关人员）	2004年9月2日		2000	虚构利润,推迟披露	虚构利润,推迟披露	证.935
673	1997/12/31	当代东方	关于对大同水泥股份有限公司及有关人员予以公开谴责的决定	2003/6/19	公开谴责	1997	nonexist	违规担保	深.878
675	1998/12/31	ST 银 山	关于对四川银山化工（集团）股份有限公司等予以内部通报批评的决定	2002/2/28	内部批评	1998	nonexist	违规担保	深.1010
677	2010/12/31	恒天海龙	关于对山东海龙股份有限公司及相关当事人给予处分的决定	2011/9/23	交易所通报批评	2010	推迟披露,其他	推迟披露,其他	深.477
679	2001/12/31	大连友谊	关于对大连友谊（集团）股份有限公司予以内部通报批评的决定	2001/12/4	内部批评	2001	推迟披露,占用公司资产	推迟披露,占用公司资产	深.1029
683	1998/12/31	远兴能源	关于对天津灯塔涂料股份有限公司等九家公司予以内部通报批评的决定	2003/3/5	内部批评	1998	推迟披露,其他	推迟披露,其他	深.919
688	2001/12/31	建新矿业	关于对成都宗申联益实业股份有限公司等21家公司予以内部通报批评的决定	2001/10/31	内部批评	2001	推迟披露,违规担保	推迟披露,违规担保	深.1047
689	1999/12/31	ST 宏 业	关于对汕头宏业（集团）股份有限公司予以内部批评的决定	2000/6/28	内部批评	1999	推迟披露	推迟披露	深.1144
691	2001/12/31	亚太实业	关于对成都宗申联益实业股份有限公司等21家公司予以内部通报批评的决定	2001/10/31	内部批评	2001	推迟披露,违规担保	推迟披露,违规担保	深.1046
693	2001/12/31	*ST华泽	中国证监会行政处罚决定书（聚友网络、陈健等10名责任人员）	2010年2月11日		2001	虚构利润,虚假记载(误导性陈述),推迟披露	虚构利润,虚假记载(误导性陈述),推迟披露	证.687
695	2000/12/31	滨海能源	关于对天津灯塔涂料股份有限公司等九家公司予以内部通报批评的决定	2003/3/5	内部批评	2000	推迟披露,其他	推迟披露,其他	深.918
699	2004/12/31	S*ST佳纸	关于对佳木斯金地造纸股份有限公司及相关人员予以处分的决定	2005/6/1	内部批评	2004	nonexist	推迟披露	深.776
703	2004/12/31	恒逸石化	关于对世纪光华科技股份有限公司及相关人员予以通报批评的决定	2005/5/30	内部批评	2004	推迟披露	推迟披露	深.778
707	2005/12/31	双环科技	关于对湖北双环科技股份有限公司相关当事人给予处分的决定	2007/2/9	交易所通报批评	2005	推迟披露,占用公司资产	推迟披露,占用公司资产	深.704
710	2002/12/31	贝瑞基因	关于对成都天兴仪表股份有限公司及相关董事予以内部通报批评的决定	2004/6/10	内部批评	2002	推迟披露,占用公司资产,其他	推迟披露,占用公司资产,其他	深.840
711	2000/12/31	京蓝科技	关于对长春北方五环实业股份有限公司等十三家上市公司予以内部通报批评的决定	2002/5/31	内部批评	2000	重大遗漏,其他	重大遗漏,其他	深.982
713	1997/12/31	丰乐种业	中国证券监督管理委员会行政处罚决定书（丰乐种业及相关人员）	2004年12月21日		1997	nonexist	虚构利润	证.924
718	2001/12/31	苏宁环球	关于对吉林纸业股份有限公司予以内部通报批评的决定	2002/12/30	内部批评	2001	推迟披露,违规担保	推迟披露,违规担保	深.929
719	2003/12/31	中原传媒	关于对神州学人集团股份有限公司等四家公司予以内部通报批评的决定	2003/10/9	内部批评	2003	推迟披露	推迟披露	深.855
727	2003/12/31	华东科技	关于对南京华东电子信息科技股份有限公司予以内部通报批评的决定	2004/7/1	内部批评	2003	推迟披露,违规担保	推迟披露,违规担保	深.830
728	2001/12/31	国元证券	关于对中水集团远洋股份有限公司等十一家上市公司予以内部通报批评的决定	2002/7/17	内部批评	2001	推迟披露	推迟披露	深.944
730	1999/12/31	*ST 环保	关于对沈阳特种环保设备制造股份有限公司及全体董事予以公开谴责的决定	2002/7/11	公开谴责	1999	虚假记载(误导性陈述),推迟披露,其他	虚假记载(误导性陈述),推迟披露,其他	深.951
732	1999/12/31	泰禾集团	关于对长春北方五环实业股份有限公司等十三家上市公司予以内部通报批评的决定	2002/5/31	内部批评	1999	重大遗漏,其他	重大遗漏,其他	深.980
735	2001/12/31	罗 牛 山	关于对海口农工贸（罗牛山）股份有限公司及相关当事人给予处分的决定	2009/1/17	交易所通报批评	2001	虚假记载(误导性陈述),推迟披露	虚假记载(误导性陈述),推迟披露	深.610
736	2004/12/31	中交地产	关于对重庆国际实业投资股份有限公司及相关人员予以公开谴责的决定	2004/7/7	公开谴责	2004	虚假记载(误导性陈述),推迟披露,占用公司资产	虚假记载(误导性陈述),推迟披露,占用公司资产	深.819
750	2005/12/31	国海证券	关于对桂林集琦药业股份有限公司及相关当事人给予处分的决定	2006/6/24	公开谴责	2005	nonexist	违规担保	深.729
751	2004/12/31	锌业股份	关于葫芦岛锌业股份有限公司及相关人员予以公开谴责的决定	2005/3/29	公开谴责	2004	推迟披露,其他	推迟披露,其他	深.794
757	2003/12/31	浩物股份	中国证监会行政处罚决定书（方向光电及穆昕、刘汝泉等相关人员）	2006年2月10日		2003	重大遗漏,占用公司资产	重大遗漏,占用公司资产	证.871
760	2003/12/31	斯太尔	关于对湖北博盈投资股份有限公司及相关人员予以通报批评的决定	2005/9/27	内部批评	2003	重大遗漏,占用公司资产	重大遗漏,占用公司资产	深.752
762	1998/12/31	西藏矿业	关于对西藏矿业发展股份有限公司及相关当事人给予处分的决定	2008/9/24	交易所通报批评	1998	推迟披露,违规担保	推迟披露,违规担保	深.623
765	2002/12/31	*ST 华信	关于对石家庄炼油化工股份有限公司等四家公司予以内部通报批评的决定	2003/7/2	内部批评	2002	重大遗漏	重大遗漏	深.876
766	2001/12/31	通化金马	关于对通化金马药业集团股份有限公司等六家公司予以公开谴责的决定	2002/7/2	公开谴责	2001	推迟披露,其他	推迟披露,其他	深.954
769	2001/12/31	*ST大菲(退市)	中国证券监督管理委员会行政处罚决定书（菲菲农业及相关人员）	2004年10月14日		2001	虚构利润,虚列资产	虚构利润,虚列资产	证.929
770	2012/12/31	武锅B退	关于对武汉锅炉股份有限公司及相关当事人给予处分的决定	2013/8/30	通报批评	2012	重大遗漏,其他	重大遗漏,其他	深.383
779	2001/12/31	三毛派神	关于对兰州三毛实业股份有限公司予以内部通报批评的决定	2002/2/5	内部批评	2001	推迟披露,其他	推迟披露,其他	深.1015
780	2002/12/31	*ST平能	关于对内蒙古草原兴发股份有限公司及相关当事人给予处分的决定	2007/3/9	公开谴责	2002	推迟披露	推迟披露	深.703
783	2002/12/31	长江证券	关于对石家庄炼油化工股份有限公司等四家公司予以内部通报批评的决定	2003/7/2	内部批评	2002	重大遗漏	重大遗漏	深.875
787	2002/12/31	*ST创智(退市)	中国证监会行政处罚决定书（创智科技、丁亮等10名责任人员）	2009年10月26日		2002	虚假记载(误导性陈述),推迟披露,重大遗漏	虚假记载(误导性陈述),推迟披露,重大遗漏	证.709
788	2013/12/31	北大医药	中国证监会行政处罚决定书（北大医药股份有限公司、北京政泉控股有限公司、北大资源集团控股有限公司等8名责任人员）	2017年5月5日		2013	nonexist	重大遗漏	证.72
789	2002/12/31	万年青	关于对天津灯塔涂料股份有限公司等九家公司予以内部通报批评的决定	2003/3/5	内部批评	2002	推迟披露,其他	推迟披露,其他	深.916
795	2007/12/31	英洛华	关于对太原双塔刚玉股份有限公司及当事人予以通报批评的决定	2008/10/10	交易所通报批评	2007	推迟披露	推迟披露	深.618
798	2001/12/31	中水渔业	关于对中水集团远洋股份有限公司等十一家上市公司予以内部通报批评的决定	2002/7/17	内部批评	2001	推迟披露	推迟披露	深.943
799	2002/12/31	酒鬼酒	关于对湖南酒鬼酒股份有限公司及相关人员予以公开谴责的决定	2003/8/11	公开谴责	2002	nonexist	推迟披露	深.867
805	2002/12/31	*ST炎黄	关于对江苏炎黄在线物流股份有限公司及相关人员予以公开谴责的决定	2004/6/14	公开谴责	2002	推迟披露,重大遗漏,违规担保	推迟披露,重大遗漏,违规担保	深.838
806	2002/12/31	银河生物	关于对北海银河高科技产业股份有限公司及相关当事人给予处分的决定	2006/6/24	公开谴责	2002	nonexist	推迟披露	深.728
810	2002/12/31	创维数字	关于对华润锦华股份有限公司予以内部通报批评的决定	2002/12/9	内部批评	2002	推迟披露,其他	推迟披露,其他	深.932
813	2000/12/31	德展健康	关于对广西康达（集团）股份有限公司等公司予以内部批评的决定	2001/7/3	内部批评	2000	推迟披露,重大遗漏,占用公司资产,其他	推迟披露,重大遗漏,占用公司资产,其他	深.1103
816	2004/12/31	智慧农业	关于对江苏江淮动力股份有限公司及相关人员予以通报批评的决定	2005/5/27	内部批评	2004	推迟披露,其他	推迟披露,其他	深.779
817	2000/12/31	辽油退市	关于对辽河金马油田股份有限公司等3家公司及有关人员予以公开批评的通报	2001/7/3	内部批评	2000	虚假记载(误导性陈述),推迟披露,重大遗漏	虚假记载(误导性陈述),推迟披露,重大遗漏	深.1102
818	2001/12/31	方大化工	关于对天津灯塔涂料股份有限公司等九家公司予以内部通报批评的决定	2003/3/5	内部批评	2001	推迟披露,其他	推迟披露,其他	深.915
820	2001/12/31	神雾节能	关于对金城造纸股份有限公司及相关当事人给予处分的决定	2011/9/5	交易所通报批评	2001	推迟披露	推迟披露	深.479
832	1999/12/31	*ST 龙涤	关于对黑龙江龙涤股份有限公司及相关人员予以公开谴责的决定	2004/4/29	公开谴责	1999	推迟披露,重大遗漏,占用公司资产,其他	推迟披露,重大遗漏,占用公司资产,其他	深.843
839	2001/12/31	中信国安	关于对成都宗申联益实业股份有限公司等21家公司予以内部通报批评的决定	2001/10/31	内部批评	2001	推迟披露,违规担保	推迟披露,违规担保	深.1043
848	2006/12/31	承德露露	关于对河北承德露露股份有限公司及相关当事人给予处分的决定	2011/8/3	公开谴责	2006	重大遗漏,其他	重大遗漏,其他	深.490
858	2007/12/31	五粮液	中国证监会行政处罚决定书（五粮液、唐桥等8名责任人员）	2011年4月29日		2007	虚假记载(误导性陈述),推迟披露,重大遗漏	虚假记载(误导性陈述),推迟披露,重大遗漏	证.624
859	2001/12/31	国风塑业	关于对深圳市特发信息股份有限公司和安徽国风塑业股份有限公司予以内部通报批评的决定	2003/7/24	内部批评	2001	推迟披露,其他	推迟披露,其他	深.869
862	1998/12/31	银星能源	关于对吴忠仪表股份有限公司及相关人员予以惩戒的决定	2005/5/24	内部批评	1998	虚假记载(误导性陈述),推迟披露,违规担保,其他	虚假记载(误导性陈述),推迟披露,违规担保,其他	深.788
863	1998/12/31	三湘印象	关于对四川银山化工（集团）股份有限公司等予以内部通报批评的决定	2002/2/28	内部批评	1998	nonexist	违规担保	深.1009
877	1999/12/31	天山股份	中国证监会行政处罚决定书（天山股份及张丽荣、贺明华等相关人员）	2006年3月22日		1999	虚假记载(误导性陈述),推迟披露,重大遗漏	虚假记载(误导性陈述),推迟披露,重大遗漏	证.864
880	2002/12/31	潍柴重机	关于对山东巨力股份有限公司及相关人员予以公开谴责的决定	2004/1/30	公开谴责	2002	虚假记载(误导性陈述),推迟披露,其他	虚假记载(误导性陈述),推迟披露,其他	深.848
883	2001/12/31	湖北能源	关于对中水集团远洋股份有限公司等十一家上市公司予以内部通报批评的决定	2002/7/17	内部批评	2001	推迟披露	推迟披露	深.941
892	2003/12/31	欢瑞世纪	中国证监会行政处罚决定书（长丰通信及覃辉等20名责任人员）	2008年11月19日		2003	nonexist	虚构利润	证.756
893	2000/12/31	东凌国际	关于对长春北方五环实业股份有限公司等十三家上市公司予以内部通报批评的决定	2002/5/31	内部批评	2000	重大遗漏,其他	重大遗漏,其他	深.979
900	2000/12/31	现代投资	关于对广西康达（集团）股份有限公司等公司予以内部批评的决定	2001/7/3	内部批评	2000	推迟披露,重大遗漏,占用公司资产,其他	推迟披露,重大遗漏,占用公司资产,其他	深.1101
902	2001/12/31	新洋丰	关于对成都宗申联益实业股份有限公司等21家公司予以内部通报批评的决定	2001/10/31	内部批评	2001	推迟披露,违规担保	推迟披露,违规担保	深.1042
905	2000/12/31	厦门港务	关于对广西康达（集团）股份有限公司等公司予以内部批评的决定	2001/7/3	内部批评	2000	推迟披露,重大遗漏,占用公司资产,其他	推迟披露,重大遗漏,占用公司资产,其他	深.1100
908	2002/12/31	景峰医药	关于对湖南天一科技股份有限公司及相关人员予以公开谴责的决定	2005/8/29	公开谴责	2002	虚构利润,推迟披露,占用公司资产,其他	虚构利润,推迟披露,占用公司资产,其他	深.766
909	2001/12/31	数源科技	关于对长春北方五环实业股份有限公司等十三家上市公司予以内部通报批评的决定	2002/5/31	内部批评	2001	重大遗漏,其他	重大遗漏,其他	深.978
912	2000/12/31	*ST天化	关于对广西康达（集团）股份有限公司等公司予以内部批评的决定	2001/7/3	内部批评	2000	推迟披露,重大遗漏,占用公司资产,其他	推迟披露,重大遗漏,占用公司资产,其他	深.1099
916	2000/12/31	华北高速	关于对广西康达（集团）股份有限公司等公司予以内部批评的决定	2001/7/3	内部批评	2000	推迟披露,重大遗漏,占用公司资产,其他	推迟披露,重大遗漏,占用公司资产,其他	深.1098
917	2000/12/31	电广传媒	关于对湖南电广传媒股份有限公司予以内部通报批评的决定	2002/1/22	内部批评	2000	nonexist	重大遗漏	深.1017
918	2003/12/31	嘉凯城	中国证监会行政处罚决定书（亚华种业、邹定民等9名责任人员）	2008年4月8日		2003	虚列资产,推迟披露,重大遗漏,披露不实(其它),占用公司资产,其他	虚列资产,推迟披露,重大遗漏,披露不实(其它),占用公司资产,其他	证.780
919	2000/12/31	金陵药业	关于对成都宗申联益实业股份有限公司等21家公司予以内部通报批评的决定	2001/10/31	内部批评	2000	推迟披露,违规担保	推迟披露,违规担保	深.1041
921	2001/12/31	海信科龙	中国证监会行政处罚决定书（中关村科技及段永基、袁振宇等相关人员）	2006年3月1日		2001	推迟披露,重大遗漏	推迟披露,重大遗漏	证.868
922	1999/12/31	*ST佳电	中国证监会行政处罚决定书（阿城继、朱大萌等9名责任人员）	2008年7月2日		1999	虚假记载(误导性陈述),重大遗漏,占用公司资产	虚假记载(误导性陈述),重大遗漏,占用公司资产	证.770
925	2003/12/31	众合科技	中国证监会行政处罚决定书（浙大海纳及薛卫国等人）	2007年4月24日		2003	虚假记载(误导性陈述),重大遗漏	虚假记载(误导性陈述),重大遗漏	证.823
928	2001/12/31	中钢国际	关于对四川美亚丝绸（集团）股份有限公司等二十三家上市公司予以内部通报批评的决定	2003/4/25	内部批评	2001	推迟披露,其他	违规担保	深.887
931	2000/12/31	中 关 村	关于对广西康达（集团）股份有限公司等公司予以内部批评的决定	2001/7/3	内部批评	2000	推迟披露,重大遗漏,占用公司资产,其他	推迟披露,重大遗漏,占用公司资产,其他	深.1096
936	2000/12/31	华西股份	关于对广西康达（集团）股份有限公司等公司予以内部批评的决定	2001/7/3	内部批评	2000	推迟披露,重大遗漏,占用公司资产,其他	推迟披露,重大遗漏,占用公司资产,其他	深.1095
950	2003/12/31	*ST建峰	关于对重庆民丰农化股份有限公司及相关人员予以内部通报批评的决定	2004/7/8	内部批评	2003	推迟披露,违规担保	推迟披露,违规担保	深.818
951	2001/12/31	中国重汽	关于对通化金马药业集团股份有限公司等六家公司予以公开谴责的决定	2002/7/2	公开谴责	2001	推迟披露,其他	推迟披露,其他	深.953
955	2002/12/31	欣龙控股	关于对岳阳恒立冷气设备股份有限公司等予以内部通报批评的决定	2004/3/18	内部批评	2002	推迟披露,重大遗漏	推迟披露,重大遗漏	深.846
958	2005/12/31	东方能源	关于对石家庄东方热电股份有限公司及相关当事人给予处分的决定	2006/7/19	交易所通报批评	2005	推迟披露,占用公司资产,其他	推迟披露,占用公司资产,其他	深.720
960	2001/12/31	锡业股份	关于对长春北方五环实业股份有限公司等十三家上市公司予以内部通报批评的决定	2002/5/31	内部批评	2001	重大遗漏,其他	重大遗漏,其他	深.977
963	2001/12/31	华东医药	关于对长春北方五环实业股份有限公司等十三家上市公司予以内部通报批评的决定	2002/5/31	内部批评	2001	重大遗漏,其他	重大遗漏,其他	深.976
966	2000/12/31	长源电力	关于对广西康达（集团）股份有限公司等公司予以内部批评的决定	2001/7/3	内部批评	2000	推迟披露,重大遗漏,占用公司资产,其他	推迟披露,重大遗漏,占用公司资产,其他	深.1094
968	2000/12/31	蓝焰控股	关于对广西康达（集团）股份有限公司等公司予以内部批评的决定	2001/7/3	内部批评	2000	推迟披露,重大遗漏,占用公司资产,其他	推迟披露,重大遗漏,占用公司资产,其他	深.1093
971	2000/12/31	高升控股	中国证监会行政处罚决定书（湖北迈亚叶金堂等14名责任人员）	2010年2月11日		2000	虚假记载(误导性陈述),重大遗漏,占用公司资产	虚假记载(误导性陈述),重大遗漏,占用公司资产	证.688
972	2006/12/31	*ST中基	关于对新疆中基实业股份有限公司及相关当事人给予处分的决定	2013/6/28	公开谴责	2006	重大遗漏	虚假记载	深.398
977	2007/12/31	浪潮信息	关于对浪潮电子信息产业股份有限公司及相关当事人给予处分的决定	2012/7/11	交易所通报批评	2007	推迟披露,重大遗漏,其他	推迟披露,重大遗漏,其他	深.438
979	2001/12/31	中弘股份	中国证监会行政处罚决定书（科苑集团、吴立平、周润南）	2010年4月6日		2001	虚假记载(误导性陈述),推迟披露,重大遗漏	虚假记载(误导性陈述),推迟披露,重大遗漏	证.679
980	2001/12/31	众泰汽车	关于对通化金马药业集团股份有限公司等六家公司予以公开谴责的决定	2002/7/2	公开谴责	2001	推迟披露,其他	推迟披露,其他	深.952
981	2005/12/31	银亿股份	中国证监会行政处罚决定书（兰光科技路有志等16名责任人员）	2008年12月11日		2005	推迟披露,重大遗漏,占用公司资产	推迟披露,重大遗漏,占用公司资产	证.753
982	2000/12/31	*ST 中绒	关于对广西康达（集团）股份有限公司等公司予以内部批评的决定	2001/7/3	内部批评	2000	推迟披露,重大遗漏,占用公司资产,其他	推迟披露,重大遗漏,占用公司资产,其他	深.1091
992	2001/12/31	中  鲁Ｂ	关于对山东省中鲁远洋渔业股份有限公司及相关人员予以公开谴责的决定	2003/2/25	公开谴责	2001	推迟披露,其他	推迟披露,其他	深.925
993	2000/12/31	闽东电力	关于对广西康达（集团）股份有限公司等公司予以内部批评的决定	2001/7/3	内部批评	2000	推迟披露,重大遗漏,占用公司资产,其他	推迟披露,重大遗漏,占用公司资产,其他	深.1090
995	2001/12/31	皇台酒业	关于对长春北方五环实业股份有限公司等十三家上市公司予以内部通报批评的决定	2002/5/31	内部批评	2001	重大遗漏,其他	重大遗漏,其他	深.975
996	2000/12/31	中国中期	关于对广西康达（集团）股份有限公司等公司予以内部批评的决定	2001/7/3	内部批评	2000	推迟披露,重大遗漏,占用公司资产,其他	推迟披露,重大遗漏,占用公司资产,其他	深.1089
999	1999/12/31	华润三九	中国证券监督管理委员会行政处罚决定书（三九医药及相关人员）	2002年7月4日		1999	虚假记载(误导性陈述),推迟披露,重大遗漏	虚假记载(误导性陈述),推迟披露,重大遗漏	证.1006
1696	2001/12/31	宗申动力	关于对成都宗申联益实业股份有限公司等21家公司予以内部通报批评的决定	2001/10/30	内部批评	2001	推迟披露,违规担保	推迟披露,违规担保	深.1059
2002	2006/12/31	鸿达兴业	关于对江苏琼花高科技股份有限公司及相关当事人给予处分的决定	2009/2/17	公开谴责	2006	违规担保	违规担保	深.608
2005	2004/12/31	德豪润达	关于对广东德豪润达电气股份有限公司及相关当事人给予通报批评处分的决定	2006/8/14	通报批评	2004	虚构利润	虚构利润	深.717
2015	2004/12/31	霞客环保	关于对江苏霞客环保色纺股份公司及相关当事人给予公开谴责的决定	2007/4/26	公开谴责	2004	nonexist	推迟披露	深.699
2021	2006/12/31	中捷资源	中国证监会行政处罚决定书（中捷股份、蔡开坚、唐为斌）	2008年6月24日		2006	虚假记载(误导性陈述),重大遗漏,占用公司资产	虚假记载(误导性陈述),重大遗漏,占用公司资产	证.772
2052	2008/12/31	同洲电子	关于对深圳市同洲电子股份有限公司及相关当事人给予通报批评处分的决定	2012/9/19	通报批评	2008	虚假记载(误导性陈述)	虚构利润	深.427
2060	2009/12/31	粤 水 电	关于对广东水电二局股份有限公司及相关当事人给予通报批评处分的决定	2012/5/29	通报批评	2009	重大遗漏,其他	重大遗漏,其他	深.440
2072	2006/12/31	凯瑞德	关于对山东德棉股份有限公司及相关当事人给予处分的决定	2007/6/20	通报批评	2006	重大遗漏,违规担保	重大遗漏,违规担保	深.687
2078	2007/12/31	太阳纸业	关于对山东太阳纸业股份有限公司及相关当事人给予处分的决定	2007/6/20	通报批评	2007	nonexist	违规担保	深.686
2102	2015/12/31	冠福股份	关于对福建冠福现代家用股份有限公司及相关当事人给予通报批评处分的决定	2016/7/14	通报批评	2015	虚假记载(误导性陈述),推迟披露	虚假记载(误导性陈述),推迟披露	深.178
2109	2007/12/31	兴化股份	关于对陕西兴化化学股份有限公司及相关当事人给予处分的决定	2008/2/18	通报批评	2007	虚假记载(误导性陈述),推迟披露,重大遗漏	虚假记载(误导性陈述),推迟披露,重大遗漏	深.650
2118	2010/12/31	紫鑫药业	中国证监会行政处罚决定书（紫鑫药业股份有限公司、郭春生、曹恩辉等9名责任人）	2014年2月13日		2010	重大遗漏	重大遗漏	证.431
2175	2008/12/31	东方网络	关于对桂林广陆数字测控股份有限公司及相关当事人给予处分的决定	2010/12/13	通报批评	2008	推迟披露	推迟披露	深.508
2181	2014/12/31	粤 传 媒	关于对广东广州日报传媒股份有限公司及相关当事人给予通报批评纪律处分的决定	2018/1/16	通报批评	2014	虚假记载(误导性陈述)	虚假记载(误导性陈述)	深.12
2183	2007/12/31	怡 亚 通	关于对怡亚通及相关当事人通报批评的决定	2009/11/26	通报批评	2007	nonexist	重大遗漏	深.567
2189	2013/12/31	利达光电	关于对利达光电股份有限公司相关当事人给予通报批评处分的决定	2015/3/27	通报批评	2013	推迟披露,占用公司资产	推迟披露,占用公司资产	深.284
2193	2009/12/31	如意集团	关于对海通证券股份有限公司宋立民和王新给予处分的决定	2010/9/7	通报批评	2009	nonexist	虚假记载	深.530
2199	2012/12/31	东晶电子	关于对浙江东晶电子股份有限公司及相关当事人	2016/12/12	通报批评	2012	nonexist	违规担保	深.124
2200	2008/12/31	云投生态	关于对华泰联合证券有限责任公司李迅冬和黎海祥给予处分的决定	2010/7/12	通报批评	2008	nonexist	虚假记载	深.537
2235	2008/12/31	安妮股份	中国证监会行政处罚决定书（安妮股份、张杰等4名责任人员）	2011年9月9日		2008	虚构利润	虚构利润	证.603
2237	2013/12/31	恒邦股份	关于对山东恒邦冶炼股份有限公司及相关当事人给予处分的决定	2016/8/18	公开谴责	2013	推迟披露,重大遗漏,占用公司资产,一般会计处理不当	推迟披露,重大遗漏,占用公司资产,一般会计处理不当	深.168
2240	2012/12/31	威华股份	关于对广东威华股份有限公司及相关当事人给予通报批评处分的决定	2013/7/25	通报批评	2012	占用公司资产	占用公司资产	深.389
2260	2014/12/31	德奥通航	关于对广东伊立浦电器股份有限公司及相关当事人给予通报批评处分的决定	2015/6/15	通报批评	2014	推迟披露	推迟披露	深.275
2263	2008/12/31	大 东 南	深证上[2009]043号-关于对浙江大东南包装股份有限公司及相关当事人通报批评的决定	2009/6/2	通报批评	2008	重大遗漏,占用公司资产	重大遗漏,占用公司资产	深.589
2264	2011/12/31	新 华 都	关于对新华都购物广场股份有限公司及相关当事人给予通报批评处分的决定	2016/9/9	通报批评	2011	推迟披露,一般会计处理不当,其他	推迟披露,一般会计处理不当,其他	深.159
2306	2012/12/31	*ST云网	中国证监会行政处罚决定书（中科云网科技集团股份有限公司、孟凯、詹毓倩等19名责任人员）	2015年12月2日		2012	nonexist	虚假记载	证.270
2316	2009/12/31	键桥通讯	关于对深圳键桥通讯技术股份有限公司及相关当事人给予通报批评处分的决定	2015/9/7	通报批评	2009	虚假记载(误导性陈述),推迟披露	虚假记载(误导性陈述),推迟披露	深.245
2323	2015/12/31	雅百特	中国证监会行政处罚决定书（江苏雅百特科技股份有限公司、陆永、顾彤莉等21名责任人员）	2017年12月14日		2015	虚构利润,虚假记载(误导性陈述)	虚构利润,虚假记载(误导性陈述)	证.14
2330	2014/12/31	得利斯	关于对大华会计师事务所（特殊普通合伙）注册会计师殷宪锋、徐利君给予通报批评处分的决定	2016/12/28	公开谴责	2014	nonexist	占用公司资产	深.117
2336	2012/12/31	人人乐	关于对人人乐连锁商业集团股份有限公司及相关当事人给予通报批评处分的决定	2015/9/14	通报批评	2012	虚假记载(误导性陈述)	虚假记载(误导性陈述)	深.244
2362	2009/12/31	汉王科技	中国证监会行政处罚决定书（汉王科技股份有限公司、刘迎建、张学军）	2013年12月12日		2009	nonexist	推迟披露	证.457
2388	2010/12/31	新亚制程	关于对深圳市新亚电子制程股份有限公司及相关当事人给予通报批评处分的决定	2012/9/10	通报批评	2010	nonexist	占用公司资产	深.429
2422	2010/12/31	科伦药业	中国证监会行政处罚决定书（四川科伦药业股份有限公司、刘革新、程志鹏等12名责任人）	2014年5月21日		2010	虚假记载(误导性陈述),重大遗漏	虚假记载(误导性陈述),重大遗漏	证.402
2504	2016/12/31	*ST弘高	关于对北京弘高创意建筑设计股份有限公司及相关当事人给予纪律处分的决定	2018/1/26	公开谴责	2016	虚假记载(误导性陈述),推迟披露,其他	虚假记载(误导性陈述),推迟披露,其他	深.1
2506	2011/12/31	协鑫集成	关于对上海超日太阳能科技股份有限公司及相关当事人给予纪律处分的决定	2016/2/4	公开谴责	2011	虚构利润,重大遗漏,披露不实(其它),一般会计处理不当	虚构利润,重大遗漏,披露不实(其它),一般会计处理不当	深.215
2509	2016/12/31	天广中茂	关于对天广中茂股份有限公司及相关当事人给予通报批评处分的决定	2017/8/24	通报批评	2016	推迟披露,占用公司资产,其他	推迟披露,占用公司资产,其他	深.60
2565	2012/12/31	顺灏股份	关于对上海顺灏新材料科技股份有限公司及相关当事人给予通报批评处分的决定	2017/1/5	通报批评	2012	占用公司资产,推迟披露,重大遗漏	占用公司资产,推迟披露,重大遗漏	深.111
2569	2013/12/31	步森股份	关于对浙江步森服饰股份有限公司及相关当事人给予通报批评处分的决定	2014/7/9	通报批评	2013	推迟披露,占用公司资产	推迟披露,占用公司资产	深.326
2608	2009/12/31	江苏国信	关于对江苏舜天船舶股份有限公司及相关当事人给予通报批评处分的决定	2016/1/19	通报批评	2009	虚构利润	虚构利润	深.225
2617	2012/12/31	露笑科技	关于对露笑科技股份有限公司及相关当事人给予公开谴责处分的决定	2015/6/18	公开谴责	2012	推迟披露,擅自改变资金用途,占用公司资产	推迟披露,擅自改变资金用途,占用公司资产	深.273
2638	2013/12/31	勤上股份	关于对东莞勤上光电股份有限公司及相关当事人给予处分的决定	2015/8/17	公开谴责	2013	推迟披露,占用公司资产	推迟披露,占用公司资产	深.255
2647	2012/12/31	民盛金科	关于对浙江宏磊铜业股份有限公司及相关当事人给予处分的决定	2013/6/6	公开谴责	2012	重大遗漏,占用公司资产	重大遗漏,占用公司资产	深.400
2694	2013/12/31	顾地科技	关于对顾地科技及相关当事人给予处分的决定	2015/6/19	通报批评	2013	nonexist	占用公司资产	深.272
2715	2010/12/31	登云股份	关于对怀集登云汽配股份有限公司及相关当事人给予处分的决定	2017/11/7	公开谴责	2010	虚假记载(误导性陈述),重大遗漏,一般会计处理不当,其他	虚假记载(误导性陈述),重大遗漏,一般会计处理不当,其他	深.29
200041	1996/12/31	*ST本实B(退市)	中国证监会行政处罚决定书（深本实及黄先锋、周家宸等人）	2007年9月29日		1996	重大遗漏	重大遗漏	证.805
200054	2000/12/31	建车B	关于对广西康达（集团）股份有限公司等公司予以内部批评的决定	2001/7/3	内部批评	2000	推迟披露,重大遗漏,占用公司资产,其他	推迟披露,重大遗漏,占用公司资产,其他	深.1116
300028	2014/12/31	金亚科技	关于对金亚科技股份有限公司及相关当事人给予纪律处分的决定	2016/5/18	公开谴责	2014	虚构利润,占用公司资产,其他	虚构利润,占用公司资产,其他	深.188
300029	2015/12/31	天龙光电	关于对江苏华盛天龙光电设备股份有限公司及相关当事人给予公开谴责处分的决定	2016/5/9	公开谴责	2015	占用公司资产	占用公司资产	深.197
300056	2016/12/31	三维丝	关于对厦门三维丝环保股份有限公司及相关当事人给予纪律处分的决定	2017/11/16	公开谴责	2016	一般会计处理不当,其他	一般会计处理不当,其他	深.27
300086	2011/12/31	康芝药业	关于对海南康芝药业股份有限公司及相关当事人给予通报批评处分的决定	2014/8/18	通报批评	2011	虚假记载(误导性陈述)	虚假记载(误导性陈述)	深.318
300090	2015/12/31	盛运环保	关于对安徽盛运环保（集团）股份有限公司及相关当事人给予通报批评处分的决定	2016/11/3	通报批评	2015	nonexist	推迟披露	深.140
300117	2010/12/31	嘉寓股份	关于对北京嘉寓门窗幕墙股份有限公司及有关当事人给予纪律处分的决定	2017/10/25	公开谴责	2010	nonexist	虚假记载	深.37
300158	2011/12/31	振东制药	关于对山西振东制药股份有限公司及相关当事人给予处分的决定	2012/5/25	通报批评	2011	占用公司资产	占用公司资产	深.442
300167	2010/12/31	迪威迅	关于对深圳市迪威视讯股份有限公司及相关当事人给予通报批评的决定	2015/8/25	通报批评	2010	虚假记载(误导性陈述)	虚假记载(误导性陈述)	深.253
300277	2010/12/31	海联讯	关于对深圳海联讯科技股份有限公司及相关当事人给予公开谴责的决定	2014/10/20	公开谴责	2010	虚假记载(误导性陈述),一般会计处理不当	虚假记载(误导性陈述),一般会计处理不当	深.306
300372	2015/12/31	欣泰退	关于对丹东欣泰电气股份有限公司及相关当事人给予公开谴责处分的决定	2016/5/18	公开谴责	2015	占用公司资产,其他	占用公司资产,其他	深.190
430010	2013/12/31	ST现代	中国证监会行政处罚决定书（现代农装科技股份有限公司、李树君、张海等5名责任人员）	2016年11月8日		2013	nonexist	虚构利润	证.138
600005	2012/12/31	武钢股份	关于给予武汉钢铁股份有限公司董事、原总经理彭辰等通报批评的决定	2013/7/19 15:59	通报批评	2012	推迟披露	推迟披露	上.610
600006	2012/12/31	东风汽车	关于对东风汽车股份有限公司和财务负责人危雯、董事会秘书张新峰予以通报批评的决定	2013/11/22 13:45	通报批评	2012	推迟披露	推迟披露	上.593
600066	1999/12/31	宇通客车	中国证券监督管理委员会行政处罚决定书（宇通公司及相关人员）	2002年10月10日		1999	虚列资产,虚假记载(误导性陈述)	虚列资产,虚假记载(误导性陈述)	证.1005
600069	1998/12/31	银鸽投资	中国证券监督管理委员会行政处罚决定书（银鸽投资及相关人员）	2004年7月27日		1998	虚假记载(误导性陈述),出资违规,其他	虚假记载(误导性陈述),出资违规,其他	证.944
600070	2016/12/31	浙江富润	关于对浙江富润股份有限公司及有关责任人予以监管关注的决定	2017/9/13 0:00	监管关注	2016	nonexist	占用资金	上.89
600076	2012/12/31	康欣新材	中国证监会行政处罚决定书（潍坊北大青鸟华光科技股份有限公司、周燕军、许振东等15名责任人）	2015年4月8日		2012	虚构利润,重大遗漏	虚构利润,重大遗漏	证.344
600090	2003/12/31	同济堂	中国证券监督管理委员会行政处罚决定书（新疆啤酒花及相关人员）	2004年6月9日		2003	推迟披露	推迟披露	证.948
600093	2015/12/31	禾嘉股份	关于对四川禾嘉股份有限公司和董事会秘书徐德智予以监管关注的决定	2016/7/1 17:01	监管关注	2015	推迟披露,其他	推迟披露,其他	上.251
600095	2013/12/31	哈高科	关于对哈尔滨高科技(集团)股份有限公司 和有关责任人予以监管关注的决定	2015/7/14 14:19	监管关注	2013	nonexist	推迟披露	上.389
600101	2004/12/31	明星电力	中国证监会行政处罚决定书（明星电力）	2007年9月24日		2004	推迟披露	推迟披露	证.809
600120	2013/12/31	浙江东方	关于对浙江东方集团股份有限公司及有关责任人予以通报批评的决定	2016/11/3 9:06	通报批评	2013	虚构利润,占用公司资产	虚构利润,占用公司资产	上.205
600127	1998/12/31	金健米业	中国证券监督管理委员会行政处罚决定书（金健米业及相关人员）	2003年12月26日		1998	虚构利润,重大遗漏	虚构利润,重大遗漏	证.975
600129	2014/12/31	太极集团	关于对重庆太极实业（集团）股份有限公司、太极集团有限公司和有关责任人予以监管关注的决定	2015/5/19 8:52	监管关注	2014	nonexist	违规担保	上.410
600137	2000/12/31	浪莎股份	中国证券监督管理委员会行政处罚决定书（四川长江包装及相关人员）	2004年1月21日		2000	推迟披露	推迟披露	证.965
600145	2001/12/31	*ST新亿	中国证监会行政处罚决定书（四维控股、雷刚等11名责任人员）	2010年4月6日		2001	推迟披露	推迟披露	证.680
600146	2012/12/31	商赢环球	中国证监会行政处罚决定书（宁夏大元化工股份有限公司、邓永新、洪金益等5名责任人员）	2015年7月14日		2012	nonexist	重大遗漏	证.331
600156	2016/12/31	华升股份	关于对湖南华升股份有限公司及有关责任人予以监管关注的决定	2017/10/27 0:00	监管关注	2016	占用公司资产	占用公司资产	上.70
600159	2003/12/31	大龙地产	中国证监会行政处罚决定书（华夏建通、方林、尚智勇等11名责任人员）	2010年12月9日		2003	虚构利润,虚假记载(误导性陈述),推迟披露,重大遗漏	虚构利润,虚假记载(误导性陈述),推迟披露,重大遗漏	证.645
600170	2015/12/31	上海建工	关于对上海建工集团股份有限公司和董事会秘书李胜予以监管关注的决定	2016/5/17 9:31	监管关注	2015	推迟披露,其他	推迟披露,其他	上.271
600180	2005/12/31	瑞茂通	中国证监会行政处罚决定书（九发股份、蒋少庆等8名责任人员）	2008年7月14日		2005	虚构利润,虚假记载(误导性陈述),重大遗漏	虚构利润,虚假记载(误导性陈述),重大遗漏	证.769
600186	2006/12/31	莲花健康	中国证监会行政处罚决定书（河南莲花味精股份有限公司、郑献锋、高君等20名责任人）	2014年5月21日		2006	nonexist	虚构利润	证.404
600189	2014/12/31	吉林森工	关于对吉林森林工业股份有限公司及有关责任人予以通报批评的决定	2015/11/10 15:50	通报批评	2014	推迟披露	推迟披露	上.351
600198	2004/12/31	大唐电信	中国证监会行政处罚决定书（大唐电信、周寰等20名责任人员）	2008年5月7日		2004	虚构利润,虚假记载(误导性陈述),重大遗漏	虚构利润,虚假记载(误导性陈述),重大遗漏	证.777
600238	2007/12/31	海南椰岛	关于给予海南椰岛（集团）股份有限公司前董事长张春昌公开谴责的决定	2013/9/6 16:37	公开谴责	2007	推迟披露,其他	推迟披露,其他	上.603
600247	2011/12/31	*ST成城	关于给予吉林成城集团股份有限公司和时任董事长成卫文等有关责任人通报批评的决定	2013/9/5 15:06	通报批评	2011	推迟披露,其他	推迟披露,其他	上.608
600249	2003/12/31	两面针	中国证监会行政处罚决定书（两面针、梁英奇等9名责任人员）	2010年5月26日		2003	虚构利润	虚构利润	证.672
600250	2006/12/31	南纺股份	中国证监会行政处罚决定书（南京纺织品进出口股份有限公司、单晓钟、丁杰等13名责任人）	2014年4月30日		2006	虚构利润	虚构利润	证.411
600268	2013/12/31	国电南自	关于对国电南京自动化股份有限公司和控股股东国家电力公司南京电力自动化设备总厂及相关责任人予以监管关注的决定	2016/1/20 14:50	监管关注	2013	其他	违规担保	上.312
600272	2003/12/31	开开实业	中国证监会行政处罚决定书（上海开开实业及江玉森等人）	2007年3月6日		2003	推迟披露,重大遗漏	推迟披露,重大遗漏	证.827
600275	2012/12/31	武昌鱼	关于对湖北武昌鱼股份有限公司及有关责任人予以监管关注的决定	2014/7/22 9:10	监管关注	2012	推迟披露	推迟披露	上.503
600275	2006/12/31	*ST昌鱼	中国证监会行政处罚决定书（ST昌鱼、翦英海、王晓东、吴迪真等10名责任人）	2012年2月3日		2006	推迟披露,重大遗漏	推迟披露,重大遗漏	证.582
600281	2014/12/31	太化股份	关于对太原化工股份有限公司时任董事会秘书贾晓亮予以监管关注的决定	2017/12/14 17:01	监管关注	2014	虚构利润,虚假记载(误导性陈述),其他	虚构利润,虚假记载(误导性陈述),其他	上.40
600287	2013/12/31	江苏舜天	中国证监会行政处罚决定书（江苏舜天船舶股份有限公司、王军民、魏庆文等13名责任人员）	2016年10月24日		2013	虚构利润,虚假记载(误导性陈述),推迟披露,重大遗漏	虚构利润,虚假记载(误导性陈述),推迟披露,重大遗漏	证.140
600293	2011/12/31	三峡新材	关于对湖北三峡新型建材股份有限公司及有关责任人予以公开谴责并公开认定不适合担任上市公司董事、监事和高级管理人员的决定	2014/8/7 13:58	公开认定	2011	nonexist	虚构利润	上.486
600300	2016/12/31	维维股份	关于对维维食品饮料股份有限公司及有关责任人予以通报批评的决定	2017/10/10 0:00	通报批评	2016	推迟披露,重大遗漏	推迟披露,重大遗漏	上.81
600310	2010/12/31	桂东电力	关于对广西桂东电力股份有限公司监事莫运忠、岑晓明予以监管关注的决定	2015/4/29 8:51	监管关注	2010	重大遗漏,其他	重大遗漏,其他	上.415
600311	2005/12/31	荣华实业	中国证监会行政处罚决定书（荣华实业、张严德等20名责任人员）	2009年9月10日		2005	虚假记载(误导性陈述),推迟披露,擅自改变资金用途	虚假记载(误导性陈述),推迟披露,擅自改变资金用途	证.715
600319	2007/12/31	亚星化学	中国证监会行政处罚决定书（山东鲁北化工、冯久田、袁金亮等14名责任人员）	2012年4月26日		2007	虚假记载(误导性陈述),推迟披露,重大遗漏	虚假记载(误导性陈述),推迟披露,重大遗漏	证.576
600365	2015/12/31	通葡股份	关于对通化葡萄酒股份有限公司及有关责任人予以通报批评的决定	2016/11/11 14:49	通报批评	2015	重大遗漏,推迟披露,一般会计处理不当,其他	重大遗漏,推迟披露,一般会计处理不当,其他	上.196
600381	2002/12/31	青海春天	中国证监会行政处罚决定书（贤成实业、黄贤优等9名责任人员）	2009年12月14日		2002	推迟披露,重大遗漏	推迟披露,重大遗漏	证.698
600385	2003/12/31	山东金泰	关于对山东和信会计师事务所（特殊普通合伙）会计师刘守堂、张中峰予以通报批评的决定	2013/11/1 14:08	通报批评	2003	nonexist	一般会计处理不当	上.595
600408	2014/12/31	*ST安泰	关于对山西安泰集团股份有限公司独立董事李福林、白玉祥、张泽宇、罗滋、李挺和裴正予以监管关注的决定	2015/7/27 17:02	监管关注	2014	重大遗漏,其他	重大遗漏,其他	上.381
600423	2014/12/31	柳化股份	关于对柳州化工股份有限公司及其直接控股股东、间接控股股东和有关责任人予以通报批评的决定	2015/7/6 12:04	通报批评	2014	其他	占用公司资产	上.401
600436	2016/12/31	片仔癀	关于对漳州片仔癀药业股份有限公司和董事会秘书陈金城予以监管关注的决定	2017/7/18 0:00	监管关注	2016	推迟披露,违规担保,其他	推迟披露,违规担保,其他	上.113
600446	2008/12/31	金证股份	关于对深圳市金证科技股份有限公司董事长赵剑、董事杜宣及董事徐岷波予以监管关注的决定	2014/5/15 13:10	监管关注	2008	推迟披露	推迟披露	上.548
600466	2002/12/31	蓝光发展	中国证监会行政处罚决定书（迪康药业、曾雁鸣、孙继林）	2009年7月17日		2002	虚假记载(误导性陈述),重大遗漏,披露不实(其它),占用公司资产	虚假记载(误导性陈述),重大遗漏,披露不实(其它),占用公司资产	证.724
600503	2002/12/31	华丽家族	中国证券监督管理委员会行政处罚决定书（宏智科技及相关人员）	2004年10月8日		2002	重大遗漏,一般会计处理不当	重大遗漏,一般会计处理不当	证.930
600505	2003/12/31	西昌电力	中国证监会行政处罚决定书（西昌电力、冯德荣等12名责任人员）	2008年4月23日		2003	推迟披露,重大遗漏	推迟披露,重大遗漏	证.778
600528	2015/12/31	中铁二局	关于对中铁二局股份有限公司和董事会秘书邓爱民予以监管关注的决定	2016/5/25 9:34	监管关注	2015	推迟披露,其他	推迟披露,其他	上.267
600530	2012/12/31	交大昂立	关于对上海交大昂立股份有限公司及有关责任人予以监管关注的决定	2018/1/26 17:01	监管关注	2012	重大遗漏,其他	重大遗漏,其他	上.5
600546	2014/12/31	山煤国际	关于对山煤国际能源集团股份有限公司及其有关责任人予以监管关注的决定	2015/5/27 10:28	监管关注	2014	nonexist	违规担保	上.407
600551	2002/12/31	时代出版	中国证监会行政处罚决定书（科大创新及陆晓明、陈宗海、张建生、张伟、田杰、苏俊、冯士芬、匡光力、潘忠孝、伍先达、马贤明）	2005年8月29日		2002	虚构利润,虚假记载(误导性陈述)	虚构利润,虚假记载(误导性陈述)	证.893
600556	2004/12/31	ST慧球	中国证监会行政处罚决定书（广西北生药业股份有限公司、刘俊奕、姚全等6名责任人）	2014年11月15日		2004	虚构利润,虚假记载(误导性陈述),重大遗漏,占用公司资产,其他	虚构利润,虚假记载(误导性陈述),重大遗漏,占用公司资产,其他	证.358
600575	2012/12/31	皖江物流	关于对安徽皖江物流（集团）股份有限公司和有关责任人予以纪律处分的决定	2015/11/19 10:29	公开认定	2012	nonexist	虚构利润	上.346
600576	2015/12/31	万家文化	关于对浙江万好万家文化股份有限公司及有关责任人予以通报批评的决定	2016/11/9 17:04	通报批评	2015	披露不实(其它),重大遗漏,其他	披露不实(其它),重大遗漏,其他	上.203
600579	2016/12/31	天华院	关于对青岛天华院化学工程股份有限公司及关联方和有关责任人予以通报批评的决定	2017/10/25 0:00	通报批评	2016	推迟披露,擅自改变资金用途,占用公司资产	推迟披露,擅自改变资金用途,占用公司资产	上.73
600595	2014/12/31	中孚实业	关于对河南中孚实业股份有限公司及有关责任人予以监管关注的决定	2015/8/24 11:07	监管关注	2014	推迟披露,披露不实(其它)	推迟披露,披露不实(其它)	上.373
600598	2011/12/31	北大荒	中国证监会行政处罚决定书（黑龙江北大荒农业股份有限公司、杨忠诚、白石等16名责任人员）	2016年8月18日		2011	虚构利润,虚假记载(误导性陈述)	虚构利润,虚假记载(误导性陈述)	证.154
600601	2001/12/31	方正科技	中国证监会行政处罚决定书（北大方正集团有限公司、利德科技发展有限公司、西藏昭融投资有限公司等10名责任人员）	2017年5月5日		2001	nonexist	推迟披露	证.74
600608	2004/12/31	ST沪科	中国证监会行政处罚决定书（上海科技、张杰等9名责任人员）	2010年4月6日		2004	虚假记载(误导性陈述),推迟披露,占用公司资产,违规担保,其他	虚假记载(误导性陈述),推迟披露,占用公司资产,违规担保,其他	证.681
600610	2016/12/31	中毅达	关于对上海中毅达股份有限公司及其控股股东大申集团有限公司、股权受让方及有关责任人予以纪律处分的决定	2017/12/28 19:00	通报批评	2016	虚假记载(误导性陈述),推迟披露,重大遗漏	虚假记载(误导性陈述),推迟披露,重大遗漏	上.30
600617	2014/12/31	国新能源	关于对山西省国新能源股份有限公司和董事会秘书张帆予以监管关注的决定	2016/1/11 16:30	监管关注	2014	推迟披露,其他	推迟披露,其他	上.319
600624	2013/12/31	复旦复华	关于对上海复旦复华科技股份有限公司和董事兼总经理蒋国兴予以监管关注的决定	2015/4/13 8:45	监管关注	2013	推迟披露,其他	推迟披露,其他	上.427
600634	2004/12/31	富控互动	中国证监会行政处罚决定书（海鸟发展及唐海根等相关人员）	2006年9月19日		2004	虚假记载(误导性陈述),推迟披露	虚假记载(误导性陈述),推迟披露	证.850
600646	2000/12/31	ST国嘉(退市)	中国证券监督管理委员会行政处罚决定书（国嘉实业及相关人员）	2003年12月1日		2000	nonexist	虚假记载	证.977
600648	2003/12/31	外高桥	中国证监会行政处罚决定书（上海外高桥、史贤俊等6名责任人员）	2008年4月23日		2003	虚假记载(误导性陈述),违规买卖股票	虚假记载(误导性陈述),违规买卖股票	证.779
600656	2011/12/31	退市博元(退市)	中国证监会行政处罚决定书（广东省珠海市博元投资股份有限公司、车学东、蒋根福等15名责任人员）	2017年6月29日		2011	nonexist	虚构利润	证.43
600659	2001/12/31	*ST花雕(退市)	中国证券监督管理委员会行政处罚决定书（神龙发展及相关人员）	2004年9月16日		2001	虚构利润,虚假记载(误导性陈述),推迟披露,重大遗漏	虚构利润,虚假记载(误导性陈述),推迟披露,重大遗漏	证.933
600671	2007/12/31	天目药业	中国证监会行政处罚决定书（天目药业、章鹏飞等11名责任人员）	2011年1月6日		2007	推迟披露,重大遗漏,占用公司资产	推迟披露,重大遗漏,占用公司资产	证.640
600678	2008/12/31	四川金顶	中国证监会行政处罚决定书（四川金顶、陈建龙等4名责任人员）	2010年12月3日		2008	推迟披露,重大遗漏	推迟披露,重大遗漏	证.654
600700	2001/12/31	*ST数码(退市)	中国证券监督管理委员会行政处罚决定书（数码测绘及相关人员）	2004年12月23日		2001	虚构利润,虚假记载(误导性陈述),重大遗漏,其他	虚构利润,虚假记载(误导性陈述),重大遗漏,其他	证.922
600705	1998/12/31	中航资本	中国证监会行政处罚决定书（北亚实业刘桦等6名责任人员）	2009年4月7日		1998	虚构利润,虚列资产,虚假记载(误导性陈述),推迟披露,重大遗漏	虚构利润,虚列资产,虚假记载(误导性陈述),推迟披露,重大遗漏	证.741
600713	2014/12/31	南京医药	关于对南京医药股份有限公司及董事会秘书李文骏予以监管关注的决定	2016/9/26 13:48	监管关注	2014	推迟披露,其他	推迟披露,其他	上.214
600722	2004/12/31	金牛化工	中国证监会行政处罚决定书（沧州化工、周振德等11名责任人）	2011年12月6日		2004	重大遗漏,违规担保	重大遗漏,违规担保	证.590
600726	2013/12/31	华电能源	关于对华电能源股份有限公司和有关责任人予以监管关注的决定	2015/2/16 9:01	监管关注	2013	占用公司资产	占用公司资产	上.437
600728	2001/12/31	佳都科技	中国证券监督管理委员会行政处罚决定书（远洋渔业及相关人员）	2004年4月23日		2001	虚构利润,虚假记载(误导性陈述),推迟披露,重大遗漏	虚构利润,虚假记载(误导性陈述),推迟披露,重大遗漏	证.957
600730	2012/12/31	中国高科	关于对中国高科集团股份有限公司及有关责任人予以纪律处分的决定	2018/1/3 17:01	通报批评	2012	虚构利润,推迟披露,披露不实(其它),一般会计处理不当,其他	虚构利润,推迟披露,披露不实(其它),一般会计处理不当,其他	上.20
600747	2013/12/31	大连控股	关于对大连大显控股股份有限公司有关责任人予以监管关注的决定	2015/4/28 18:06	监管关注	2013	推迟披露,重大遗漏,其他	推迟披露,重大遗漏,其他	上.416
600751	2008/12/31	天海投资	中国证监会行政处罚决定书（天海股份、李维艰、宋兴庭等9名责任人员）	2011年11月8日		2008	推迟披露,重大遗漏	推迟披露,重大遗漏	证.595
600760	2013/12/31	中航黑豹	关于对中航黑豹股份有限公司和董事会秘书予以监管关注的决定	2014/5/8 10:57	监管关注	2013	推迟披露	推迟披露	上.554
600762	2002/12/31	S*ST金荔(退市)	中国证监会行政处罚决定书（金荔科技、刘作超等7名责任人员）	2008年5月7日		2002	虚构利润,虚列资产,虚假记载(误导性陈述),推迟披露,重大遗漏,占用公司资产,其他	虚构利润,虚列资产,虚假记载(误导性陈述),推迟披露,重大遗漏,占用公司资产,其他	证.776
600764	2003/12/31	中国海防	中国证监会行政处罚决定书（中电广通、单昶等11名责任人员）	2009年3月30日		2003	虚假记载(误导性陈述),推迟披露,重大遗漏	虚假记载(误导性陈述),推迟披露,重大遗漏	证.742
600766	2000/12/31	园城黄金	中国证券监督管理委员会行政处罚决定书（烟台发展及相关人员）	2004年11月15日		2000	虚构利润,虚假记载(误导性陈述),推迟披露,重大遗漏	虚构利润,虚假记载(误导性陈述),推迟披露,重大遗漏	证.926
600768	2010/12/31	宁波富邦	中国证监会行政处罚决定书（宁波富邦、郑锦浩、华声康等7名责任人）	2012年6月27日		2010	推迟披露,重大遗漏	推迟披露,重大遗漏	证.557
600771	2002/12/31	广誉远	中国证监会行政处罚决定书（东盛科技、郭家学等15名责任人员）	2010年4月13日		2002	推迟披露,重大遗漏	推迟披露,重大遗漏	证.677
600772	2000/12/31	S*ST龙昌(退市)	中国证券监督管理委员会行政处罚决定书（石油龙昌及相关人员）	2003年12月5日		2000	nonexist	虚假记载	证.976
600781	2015/12/31	辅仁药业	关于对辅仁药业集团实业股份有限公司董事长朱文臣予以监管关注的决定	2016/9/9 14:00	监管关注	2015	推迟披露,其他	推迟披露,其他	上.222
600788	2002/12/31	*ST达曼(退市)	中国证监会行政处罚决定书（西安达尔曼及相关人员）	2005年5月17日		2002	虚构利润,虚假记载(误导性陈述),推迟披露,重大遗漏	虚构利润,虚假记载(误导性陈述),推迟披露,重大遗漏	证.908
600800	2000/12/31	天津磁卡	中国证券监督管理委员会行政处罚决定书（天津磁卡及相关人员）	2003年7月4日		2000	nonexist	虚构利润	证.992
600802	2014/12/31	福建水泥	关于对福建水泥股份有限公司和董事会秘书蔡宣能予以监管关注的决定	2017/1/12 0:00	监管关注	2014	nonexist	推迟披露	上.162
600810	2014/12/31	神马股份	关于对神马实业股份有限公司及有关责任人予以纪律处分的决定	2017/4/17 0:00	公开谴责	2014	推迟披露,披露不实(其它),其他	推迟披露,披露不实(其它),其他	上.139
600817	2005/12/31	*ST宏盛	中国证监会行政处罚决定书（上海宏盛科技、龙长生、鞠淑芝、沈哲男）	2012年3月22日		2005	nonexist	虚假记载	证.580
600822	1997/12/31	上海物贸	中国证券监督管理委员会行政处罚决定书（上海物贸中心及相关人员）	2003年4月8日		1997	重大遗漏	重大遗漏	证.996
600829	2014/12/31	人民同泰	关于对哈药集团人民同泰股份有限公司及有关责任人予以通报批评的决定	2015/7/12 14:00	通报批评	2014	推迟披露	推迟披露	上.391
600847	2002/12/31	*ST万里	中国证券监督管理委员会行政处罚决定书（重庆万里蓄电池及相关人员）	2004年5月19日		2002	推迟披露,重大遗漏	推迟披露,重大遗漏	证.954
600848	1999/12/31	上海临港	中国证券监督管理委员会行政处罚决定书（自仪股份及相关人员）	2003年4月21日		1999	推迟披露,重大遗漏	推迟披露,重大遗漏	证.995
600862	2000/12/31	中航高科	中国证券监督管理委员会行政处罚决定书（纵横国际及相关人员）	2004年7月27日		2000	虚构利润,虚假记载(误导性陈述),重大遗漏	虚构利润,虚假记载(误导性陈述),重大遗漏	证.941
600872	1999/12/31	中炬高新	中国证券监督管理委员会行政处罚决定书（中炬高新及相关人员）	2003年12月31日		1999	nonexist	虚假记载	证.969
600876	2015/12/31	洛阳玻璃	关于对洛阳玻璃股份有限公司和有关责任人予以监管关注的决定	2017/1/19 10:30	监管关注	2015	披露不实(其它)	披露不实(其它)	上.160
600877	2015/12/31	中国嘉陵	关于对中国嘉陵工业股份有限公司(集团)和有关责任人予以监管关注的决定	2016/8/4 16:43	监管关注	2015	推迟披露,其他	推迟披露,其他	上.237
600878	2001/12/31	*ST北科(退市)	中国证券监督管理委员会行政处罚决定书（大连北大科技及相关人员）	2004年6月7日		2001	虚构利润,虚假记载(误导性陈述)	虚构利润,虚假记载(误导性陈述)	证.949
600891	2015/12/31	秋林集团	关于对哈尔滨秋林集团股份有限公司及有关责任人予以监管关注的决定	2016/12/12 10:40	监管关注	2015	推迟披露,其他	推迟披露,其他	上.173
600892	2015/12/31	大晟文化	关于对大晟时代文化投资股份有限公司及有关责任人予以监管关注的决定	2018/1/15 17:01	监管关注	2015	虚假记载(误导性陈述),一般会计处理不当,其他	虚假记载(误导性陈述),一般会计处理不当,其他	上.15
600898	2004/12/31	国美通讯	中国证监会行政处罚决定书（三联商社、张继升等6名责任人员）	2008年4月8日		2004	重大遗漏,占用公司资产	重大遗漏,占用公司资产	证.781
600899	2003/12/31	*ST信联(退市)	中国证监会行政处罚决定书（王宏建等8名信联股份责任人员）	2008年3月31日		2003	虚构利润,重大遗漏,披露不实(其它)	虚构利润,重大遗漏,披露不实(其它)	证.784
600966	2013/12/31	博汇纸业	关于对山东博汇纸业股份有限公司、山东天源热电有限公司、江苏丰源热电有限公司及有关责任人予以纪律处分的决定	2014/12/1 8:59	通报批评	2013	推迟披露,占用公司资产,其他	推迟披露,占用公司资产,其他	上.451
600971	2015/12/31	恒源煤电	关于对安徽恒源煤电股份有限公司及其财务总监兼董事会秘书孙夕仁予以监管关注的决定	2016/12/19 16:29	监管关注	2015	推迟披露,一般会计处理不当	推迟披露,一般会计处理不当	上.169
600986	2006/12/31	科达股份	中国证监会行政处罚决定书（科达股份、刘双珉等13名责任人员）	2011年9月8日		2006	虚列资产,虚假记载(误导性陈述),推迟披露,重大遗漏	虚列资产,虚假记载(误导性陈述),推迟披露,重大遗漏	证.604
601003	2013/12/31	柳钢股份	关于对柳州钢铁股份有限公司和董事会秘书班俊超予以监管关注的决定	2014/8/11 9:04	监管关注	2013	推迟披露,其他	推迟披露,其他	上.485
601117	2012/12/31	中国化学	关于对中国化学工程股份有限公司和有关责任人予以监管关注的决定	2015/8/24 10:59	监管关注	2012	推迟披露,重大遗漏,违规担保	推迟披露,重大遗漏,违规担保	上.375
601519	2013/12/31	*ST智慧	关于对上海大智慧股份有限公司及有关责任人予以公开谴责或通报批评的决定	2017/11/13 18:10	通报批评	2013	nonexist	虚构利润	上.59
601558	2011/12/31	*ST锐电	中国证监会行政处罚决定书（华锐风电科技（集团）股份有限公司、韩俊良、陶刚等15名责任人员）	2015年11月5日		2011	nonexist	虚假记载	证.284
601777	2015/12/31	力帆股份	关于对力帆实业（集团）股份有限公司和有关责任人予以监管关注的决定	2016/7/1 17:19	监管关注	2015	占用公司资产	占用公司资产	上.250
603003	2014/12/31	龙宇燃油	关于对上海龙宇燃油股份有限公司及予以通报批评的决定	2017/9/21 0:00	通报批评	2014	nonexist	虚构利润	上.87
603227	2015/12/31	雪峰科技	关于对新疆雪峰科技（集团）股份有限公司总经理刘爱华予以监管关注的决定	2016/7/4 11:27	监管关注	2015	nonexist	违规担保	上.246
603703	2015/12/31	盛洋科技	关于对浙江盛洋科技股份有限公司和相关责任人予以监管关注的决定	2017/3/17 9:00	监管关注	2015	推迟披露,占用公司资产	推迟披露,占用公司资产	上.145
831399	2013/12/31	参仙源	中国证监会行政处罚决定书（参仙源参业股份有限公司、于成波、李殿文等7名责任人员）	2016年6月30日		2013	nonexist	虚构利润	证.174
900956	2006/12/31	东贝B股	中国证监会行政处罚决定书（黄石东贝机电集团有限责任公司、杨百昌、朱金明等5名责任人）	2014年8月18日		2006	推迟披露,披露不实(其它)	推迟披露,披露不实(其它)	证.379
									
									
									
									
									
									
									
									
									
									
									
									
									
									
									
									
									
									
									
									
									
									
									
									
									
									
									
									
									
									
									
									
									
									
									
									
									
									
									
									
									
									
									
									
									
									
									
									
									
									
									
									
									
									
									
									
									
									
									
									
									
									
									
									
									
									
									
									
									
									
									
									
									
									
									
									
									
									
									
									
									
									
									
									
									
									
									
									
									
									
									
									
									
									
									
									
									
									
									
									
									
									
									
									
									
									
									
									
									
									
									
									
									
									
									
									
									
									
									
									
									
									
									
									
									
									
									
									
									
									
									
									
									
									
									
									
									
									
									
									
									
									
									
									
									
									
									
									
									
									
									
									
									
									
									
									
									
									
									
									
									
									
									
									
									
									
									
									
									
									
									
									
									
									
									
									
									
									
									
									
									
									
									
									
									
									
									
									
									
									
									
									
									
									
									
									
									
									
									
									
									
									
									
									
									
									
									
									
									
									
									
									
									
									
									
									
									
									
									
									
									
									
									
									
									
									
									
									
									
									
									
									
									
									
									
									
									
									
									
