Con,Stkcd,StkName,Accper,Annodt,Audittyp,Auditor,Dadtunit,DocID,FileName,DisposalDate,Activity,VioDate,Violation1,Violation2
41639_瑞华会计师事务所(特殊普通合伙),7,全新好,2013/12/31,2014/4/24,标准无保留意见,"李泽浩,易永健",瑞华会计师事务所(特殊普通合伙),深.315,关于对深圳市零七股份有限公司及相关当事人给予处分的决定,2014/8/26,公开谴责,2012,"重大遗漏,其他",虚假记载
37256_深圳鹏城会计师事务所,9,中国宝安,2001/12/31,2002/4/7,标准无保留意见,"梁烽,李光道",深圳鹏城会计师事务所,深.950,关于对中水集团远洋股份有限公司等十一家上市公司予以内部通报批评的决定,2002/7/17,内部批评,2001,推迟披露,推迟披露
40178_深圳市鹏城会计师事务所有限公司,10,美丽生态,2009/12/31,2010/4/19,保留意见加事项段,"杨平高,杨盛巧",深圳市鹏城会计师事务所有限公司,深.543,关于对深圳市华新股份有限公司及相关当事人给予通报批评的决定,2010/6/24,交易所通报批评,2003,"虚假记载(误导性陈述),重大遗漏,占用公司资产","虚假记载(误导性陈述),重大遗漏,占用公司资产"
42735_普华永道中天会计师事务所(特殊普通合伙),12,南  玻Ａ,2016/12/31,2017/4/27,标准无保留意见,"姚文平,韩旭",普华永道中天会计师事务所(特殊普通合伙),深.19,关于对中国南玻集团股份有限公司及相关当事人给予处分的决定,2017/12/20,通报批评,2013,虚假记载(误导性陈述),虚假记载(误导性陈述)
36891_中天勤会计师事务所,13,*ST石化A,2000/12/31,2001/4/2,无保留意见加说明段,"刘加荣,徐林文",中天勤会计师事务所,深.1118,关于对广西康达（集团）股份有限公司等公司予以内部批评的决定,2001/7/3,内部批评,2000,"推迟披露,重大遗漏,占用公司资产,其他","推迟披露,重大遗漏,占用公司资产,其他"
36525_深圳中天会计师事务所,19,深深宝Ａ,1999/12/31,2000/4/12,无保留意见加说明段,,深圳中天会计师事务所,深.1151,关于对深圳市深宝实业股份有限公司予以内部批评的决定,2000/6/28,内部批评,1999,推迟披露,推迟披露
37986_深圳南方民和会计师事务所有限责任公司,20,深华发Ａ,2003/12/31,2004/4/9,标准无保留意见,"钟平,杨涟",深圳南方民和会计师事务所有限责任公司,深.839,关于对深圳华发电子股份有限公司及相关人员予以内部通报批评的决定,2004/6/10,内部批评,2000,"虚构利润,推迟披露","虚构利润,推迟披露"
36891_中天勤会计师事务所,21,深科技,2000/12/31,2001/2/28,标准无保留意见,"祝小兰,蒋贤山",中天勤会计师事务所,深.1024,关于对深圳开发科技股份有限公司予以内部通报批评的决定,2001/12/19,内部批评,2000,推迟披露,推迟披露
36891_中天勤会计师事务所,26,飞亚达Ａ,2000/12/31,2001/4/23,标准无保留意见,"许丽周,李莉",中天勤会计师事务所,深.1058,关于对成都宗申联益实业股份有限公司等21家公司予以内部通报批评的决定,2001/10/31,内部批评,2001,"推迟披露,违规担保","推迟披露,违规担保"
41639_立信会计师事务所(特殊普通合伙),33,新都退,2013/12/31,2014/4/28,无法发表意见,"高敏,朱风娣",立信会计师事务所(特殊普通合伙),深.313,关于对深圳新都酒店股份有限公司及相关当事人给予处分的决定,2014/8/26,公开谴责,2011,虚假记载(误导性陈述),虚假记载(误导性陈述)
39082_深圳南方民和会计师事务所有限责任公司,34,神州数码,2006/12/31,2007/4/26,无保留意见加事项段,"李巧仪,李花",深圳南方民和会计师事务所有限责任公司,证.811,中国证监会行政处罚决定书（深信泰丰及肖水龙、王迎等人）,2007/8/30,,2003,"虚假记载(误导性陈述),重大遗漏","虚假记载(误导性陈述),重大遗漏"
37256_深圳天健信德会计师事务所,35,中国天楹,2001/12/31,2002/4/24,无保留意见加说明段,"干长如,龙湖川",深圳天健信德会计师事务所,深.995,关于对中国科健股份有限公司及原董事会秘书董志刚予以公开谴责的决定,2002/4/5,公开谴责,2001,"推迟披露,其他","推迟披露,其他"
40908_深圳市鹏城会计师事务所有限公司,40,东旭蓝天,2011/12/31,2012/4/5,标准无保留意见,"侯立勋,薛海明",深圳市鹏城会计师事务所有限公司,证.534,中国证监会行政处罚决定书（宝安鸿基地产集团股份有限公司、邱瑞亨、任国强等15名责任人）,2012/12/17,,2006,nonexist,重大遗漏
36891_深圳大华天诚会计师事务所,43,中航地产,2000/12/31,2001/3/25,标准无保留意见,"邬建辉,高德惠",深圳大华天诚会计师事务所,深.1057,关于对成都宗申联益实业股份有限公司等21家公司予以内部通报批评的决定,2001/10/31,内部批评,2001,"推迟披露,违规担保","推迟披露,违规担保"
38717_厦门天健华天有限责任会计师事务所,55,方大集团,2005/12/31,2006/4/20,标准无保留意见,"徐珊,王肖健",厦门天健华天有限责任会计师事务所,证.856,中国证监会行政处罚决定书（方大集团及熊建明等相关人员）,2006/6/28,,2001,"虚构利润,虚假记载(误导性陈述)","虚构利润,虚假记载(误导性陈述)"
36891_中天勤会计师事务所,66,中国长城,2000/12/31,2001/3/30,标准无保留意见,"刘加荣,徐林文",中天勤会计师事务所,深.1023,关于对中国长城计算机深圳股份有限公司予以内部通报批评的决定,2001/12/19,内部批评,2000,推迟披露,推迟披露
37256_北京中天华正会计师事务所有限公司,68,华控赛格,2001/12/31,2002/2/10,无保留意见加说明段,"梁春,王曙晖",北京中天华正会计师事务所有限公司,深.957,关于对通化金马药业集团股份有限公司等六家公司予以公开谴责的决定,2002/7/2,公开谴责,2001,"推迟披露,其他","推迟披露,其他"
36891_安达信・华强会计师事务所,70,特发信息,2000/12/31,2001/2/16,标准无保留意见,"卢旭蕾,陈勤慧",安达信・华强会计师事务所,深.1087,关于对广西康达（集团）股份有限公司等公司予以内部批评的决定,2001/7/3,内部批评,2000,"推迟披露,重大遗漏,占用公司资产,其他","推迟披露,重大遗漏,占用公司资产,其他"
37256_深圳大华天诚会计师事务所,78,海王生物,2001/12/31,2002/4/21,无保留意见加说明段,"胡元春,李秉心",深圳大华天诚会计师事务所,深.956,关于对通化金马药业集团股份有限公司等六家公司予以公开谴责的决定,2002/7/2,公开谴责,2001,"推迟披露,其他","推迟披露,其他"
36891_深圳同人会计师事务所,99,中信海直,2000/12/31,2001/2/27,标准无保留意见,,深圳同人会计师事务所,深.1115,关于对广西康达（集团）股份有限公司等公司予以内部批评的决定,2001/7/3,内部批评,2000,"推迟披露,重大遗漏,占用公司资产,其他","推迟披露,重大遗漏,占用公司资产,其他"
38717_广东羊城会计师事务所有限公司,150,宜华健康,2005/12/31,2006/3/3,标准无保留意见,"刘佩莲,王建民",广东羊城会计师事务所有限公司,深.745,关于对麦科特光电股份有限公司及相关人员予以公开谴责的决定,2006/3/1,公开谴责,2004,"虚假记载(误导性陈述),推迟披露,擅自改变资金用途,其他","虚假记载(误导性陈述),推迟披露,擅自改变资金用途,其他"
36891_中天信会计师事务所有限责任公司,155,川化股份,2000/12/31,2001/2/23,标准无保留意见,"孟德荣,程建",中天信会计师事务所有限责任公司,深.1114,关于对广西康达（集团）股份有限公司等公司予以内部批评的决定,2001/7/3,内部批评,2000,"推迟披露,重大遗漏,占用公司资产,其他","推迟披露,重大遗漏,占用公司资产,其他"
37256_天职孜信会计师事务所有限公司,156,华数传媒,2001/12/31,2002/3/13,标准无保留意见,"隆余粮,汪再彦",天职孜信会计师事务所有限公司,深.1003,关于对湖南安塑股份有限公司予以公开谴责的决定,2002/3/28,公开谴责,2000,推迟披露,推迟披露
38352_江苏天衡会计师事务所有限公司,301,东方市场,2004/12/31,2005/4/26,保留意见加事项段,"骆竞,游世秋",江苏天衡会计师事务所有限公司,深.763,关于对吴江丝绸股份有限公司及相关人员予以通报批评的决定,2005/9/6,交易所通报批评,2004,"虚假记载(误导性陈述),推迟披露,重大遗漏,其他","虚假记载(误导性陈述),推迟披露,重大遗漏,其他"
36891_北京天华会计师事务所,400,许继电气,2000/12/31,2001/3/5,标准无保留意见,"王全洲,吴亦忻",北京天华会计师事务所,深.1056,关于对成都宗申联益实业股份有限公司等21家公司予以内部通报批评的决定,2001/10/31,内部批评,2000,"推迟披露,违规担保","推迟披露,违规担保"
37256_上海立信长江会计师事务所有限公司,403,ST生化,2001/12/31,2002/4/1,标准无保留意见,"戴定毅,黄晔",上海立信长江会计师事务所有限公司,深.987,关于对长春北方五环实业股份有限公司等十三家上市公司予以内部通报批评的决定,2002/5/31,内部批评,2001,"重大遗漏,其他","重大遗漏,其他"
36891_广东恒信德律会计师事务所有限公司,404,华意压缩,2000/12/31,2001/4/11,保留意见加说明段,"王继文,李文智",广东恒信德律会计师事务所有限公司,深.1113,关于对广西康达（集团）股份有限公司等公司予以内部批评的决定,2001/7/3,内部批评,2000,"推迟披露,重大遗漏,占用公司资产,其他","推迟披露,重大遗漏,占用公司资产,其他"
40908_大信会计师事务有限公司,407,胜利股份,2011/12/31,2012/4/19,标准无保留意见,"何政,刘永强",大信会计师事务有限公司,深.452,关于对山东胜利股份有限公司及相关当事人给予处分的决定,2012/2/7,交易所通报批评,2010,推迟披露,推迟披露
36891_北京天华会计师事务所,408,藏格控股,2000/12/31,2001/3/16,标准无保留意见,"张福建,夏执东",北京天华会计师事务所,深.1055,关于对成都宗申联益实业股份有限公司等21家公司予以内部通报批评的决定,2001/10/31,内部批评,2001,"推迟披露,违规担保","推迟披露,违规担保"
40178_立信大华会计师事务所有限公司,409,山东地矿,2009/12/31,2010/4/26,无保留意见加事项段,"刘高科,刘耀辉",立信大华会计师事务所有限公司,深.513,关于对泰复实业股份有限公司及相关当事人给予通报批评的决定,2010/12/7,交易所通报批评,2009,推迟披露,推迟披露
37256_利安达信隆会计师事务所有限责任公司,410,*ST沈机,2001/12/31,2002/4/26,保留意见加说明段,"李耀堂,黄锦辉",利安达信隆会计师事务所有限责任公司,深.949,关于对中水集团远洋股份有限公司等十一家上市公司予以内部通报批评的决定,2002/7/17,内部批评,2001,推迟披露,推迟披露
37256_深圳鹏城会计师事务所,412,ST 五 环,2001/12/31,2002/4/18,保留意见加说明段,"梁烽,刘仁芝",深圳鹏城会计师事务所,深.986,关于对长春北方五环实业股份有限公司等十三家上市公司予以内部通报批评的决定,2002/5/31,内部批评,1997,"重大遗漏,其他","重大遗漏,其他"
39813_山东汇德会计师事务所有限公司,416,民生控股,2008/12/31,2009/4/24,标准无保留意见,"吕建幕,卢雷",山东汇德会计师事务所有限公司,深.582,关于对民生投资管理股份有限公司及相关当事人给予处分的决定,2009/8/4,交易所通报批评,2008,推迟披露,推迟披露
38717_上海立信长江会计师事务所有限公司,418,小天鹅Ａ,2005/12/31,2006/4/8,标准无保留意见,"周琪,林伟",上海立信长江会计师事务所有限公司,深.710,关于对无锡小天鹅股份有限公司及相关当事人给予处分的决定,2006/9/19,公开谴责,2005,"推迟披露,重大遗漏,占用公司资产,其他","推迟披露,重大遗漏,占用公司资产,其他"
37256_中鸿信建元会计师事务所有限责任公司,420,吉林化纤,2001/12/31,2002/1/15,标准无保留意见,"高源,韩波",中鸿信建元会计师事务所有限责任公司,深.985,关于对长春北方五环实业股份有限公司等十三家上市公司予以内部通报批评的决定,2002/5/31,内部批评,2000,"重大遗漏,其他","重大遗漏,其他"
40178_江苏天衡会计师事务所有限公司,421,南京公用,2009/12/31,2010/4/2,标准无保留意见,"梁锋,朱丽军",江苏天衡会计师事务所有限公司,证.683,中国证监会行政处罚决定书（南京中北、郭试平等7名责任人员）,2010/3/19,,2003,"虚假记载(误导性陈述),重大遗漏","虚假记载(误导性陈述),重大遗漏"
36891_湖北大信发展会计师事务所,422,湖北宜化,2000/12/31,2001/2/2,标准无保留意见,"张丹凤,汪巧琳",湖北大信发展会计师事务所,深.1026,关于对湖北宜化化工股份有限公司予以内部通报批评的决定,2001/12/11,内部批评,1996,"推迟披露,重大遗漏","推迟披露,重大遗漏"
36891_湖南开元有限责任会计师事务所,430,张家界,2000/12/31,2001/4/20,标准无保留意见,"杨迪航,王卫华",湖南开元有限责任会计师事务所,证.1035,关于湖南省张家界旅游开发股份有限公司及肖碧文等人违反证券法规行为的处罚决定,2001/8/3,,1996,虚构利润,虚构利润
40178_立信大华会计师事务所有限公司,498,山东路桥,2009/12/31,2010/4/25,无保留意见加事项段,,立信大华会计师事务所有限公司,证.692,中国证监会行政处罚决定书（丹化股份、梁健等12名责任人员）,2010/1/6,,2003,"虚假记载(误导性陈述),推迟披露,其他","虚假记载(误导性陈述),推迟披露,其他"
37621_天津五洲联合合伙会计师事务所,503,海虹控股,2002/12/31,2003/2/10,标准无保留意见,"王祖平,吴建成",天津五洲联合合伙会计师事务所,深.893,关于对四川美亚丝绸（集团）股份有限公司等二十三家上市公司予以内部通报批评的决定,2003/4/25,内部批评,2002,"推迟披露,其他","推迟披露,其他"
41639_利安达会计师事务所(特殊普通合伙),504,南华生物,2013/12/31,2014/7/11,无保留意见加事项段,"汪应华,许长英",利安达会计师事务所(特殊普通合伙),深.348,关于对北京赛迪传媒投资股份有限公司及相关当事人给予处分的决定,2014/2/11,通报批评,2012,"推迟披露,一般会计处理不当","推迟披露,一般会计处理不当"
38352_四川君和会计师事务所有限责任公司,509,华塑控股,2004/12/31,2005/4/20,保留意见加事项段,"王文春,何勇",四川君和会计师事务所有限责任公司,证.904,中国证监会行政处罚决定书（四川天歌及相关人员）,2005/6/8,,2000,"虚构利润,虚假记载(误导性陈述),推迟披露,重大遗漏","虚构利润,虚假记载(误导性陈述),推迟披露,重大遗漏"
36891_四川君和会计师事务所有限责任公司,510,金路集团,2000/12/31,2001/3/11,标准无保留意见,"庄瑞兰,阳林",四川君和会计师事务所有限责任公司,证.1022,关于四川金路集团股份有限公司及有关人员违反证券法规行为的处罚决定,2001/11/9,,1997,"虚构利润,重大遗漏","虚构利润,重大遗漏"
42004_大信会计师事务所(特殊普通合伙),511,*ST烯碳,2014/12/31,2015/4/28,标准无保留意见,"王进,黄艺锋",大信会计师事务所(特殊普通合伙),深.265,关于对银基烯碳新材料股份有限公司及相关当事人给予纪律处分的决定,2015/7/31,通报批评,2009,"虚假记载(误导性陈述),重大遗漏,其他","虚假记载(误导性陈述),重大遗漏,其他"
37621_重庆天健会计师事务所有限责任公司,514,渝开发,2002/12/31,2003/1/28,标准无保留意见,"龙文虎,刘权",重庆天健会计师事务所有限责任公司,证.982,关于对重庆渝开发股份有限公司违反证券法律法规的处罚决定,2003/9/16,,1998,"虚构利润,虚假记载(误导性陈述)","虚构利润,虚假记载(误导性陈述)"
37256_华证会计师事务所有限公司,521,美菱电器,2001/12/31,2002/4/15,标准无保留意见,"马章松,谭汝建,马静",华证会计师事务所有限公司,深.955,关于对通化金马药业集团股份有限公司等六家公司予以公开谴责的决定,2002/7/2,公开谴责,1998,"推迟披露,其他","推迟披露,其他"
36891_南京永华会计师事务所有限公司,525,红 太 阳,2000/12/31,2001/4/8,标准无保留意见,,南京永华会计师事务所有限公司,深.1053,关于对成都宗申联益实业股份有限公司等21家公司予以内部通报批评的决定,2001/10/31,内部批评,2001,"推迟披露,违规担保","推迟披露,违规担保"
36891_中天勤会计师事务所,526,*ST紫学,2000/12/31,2001/4/12,标准无保留意见,"刘加荣,徐林文",中天勤会计师事务所,深.1052,关于对成都宗申联益实业股份有限公司等21家公司予以内部通报批评的决定,2001/10/31,内部批评,2001,"推迟披露,违规担保","推迟披露,违规担保"
37256_华证会计师事务所有限公司,527,美的电器,2001/12/31,2002/3/25,标准无保留意见,,华证会计师事务所有限公司,深.948,关于对中水集团远洋股份有限公司等十一家上市公司予以内部通报批评的决定,2002/7/17,内部批评,2001,推迟披露,推迟披露
39082_深圳鹏城会计师事务所,529,广弘控股,2006/12/31,2007/4/25,无保留意见加事项段,"杨克晶,侯立勋",深圳鹏城会计师事务所,证.820,中国证监会行政处罚决定书（广东美雅及冯国良等人）,2007/5/25,,2003,虚构利润,虚构利润
36891_深圳同人会计师事务所,533,万 家 乐,2000/12/31,2001/4/6,无保留意见加说明段,"朱厚佳,周荣铭",深圳同人会计师事务所,深.1063,关于对广东万家乐股份有限公司予以公开谴责的决定,2001/10/9,公开谴责,1999,nonexist,违规担保
36525_深圳同人会计师事务所,535,*ST 猴王,1999/12/31,2000/4/2,无保留意见加说明段,"易永健,朱文岳",深圳同人会计师事务所,深.1152,关于对猴王股份有限公司予以公开谴责的决定,2000/6/16,公开谴责,1994,"重大遗漏,占用公司资产","重大遗漏,占用公司资产"
37621_天津五洲联合合伙会计师事务所,537,广宇发展,2002/12/31,2003/3/18,无保留意见加说明段,"王福才,侯杏倩",天津五洲联合合伙会计师事务所,深.891,关于对四川美亚丝绸（集团）股份有限公司等二十三家上市公司予以内部通报批评的决定,2003/4/25,内部批评,2001,"推迟披露,其他","推迟披露,其他"
40908_广东正中珠江会计师事务所,541,佛山照明,2011/12/31,2012/4/23,标准无保留意见,"王韶华,陈丹燕",广东正中珠江会计师事务所,深.419,关于对佛山电器照明股份有限公司及相关当事人给予处分的决定,2012/10/9,通报批评,2009,"推迟披露,重大遗漏,其他","推迟披露,重大遗漏,其他"
37256_安达信・华强会计师事务所,542,TCL 通讯,2001/12/31,2002/4/25,标准无保留意见,"孙宜,卢旭蕾",安达信・华强会计师事务所,深.946,关于对中水集团远洋股份有限公司等十一家上市公司予以内部通报批评的决定,2002/7/17,内部批评,2001,推迟披露,推迟披露
40908_立信会计师事务所,546,金圆股份,2011/12/31,2012/4/19,标准无保留意见,"潘永祥,夏利忠",立信会计师事务所,深.437,深证上[2012]262-关于对吉林光华控股集团股份有限公司及相关当事人予以通报批评的决定,2012/8/8,通报批评,2011,"重大遗漏,其他","重大遗漏,其他"
37256_福州闽都有限责任会计师事务所,547,航天发展,2001/12/31,2002/4/9,标准无保留意见,"谢炜春,陈玉萍",福州闽都有限责任会计师事务所,深.945,关于对中水集团远洋股份有限公司等十一家上市公司予以内部通报批评的决定,2002/7/17,内部批评,2001,推迟披露,推迟披露
38717_湖南开元有限责任会计师事务所,549,S湘火炬(退市),2005/12/31,2006/3/27,标准无保留意见,"李弟扩,刘钢跃",湖南开元有限责任会计师事务所,证.843,中国证监会行政处罚决定书（湘火炬及聂新勇、刘海南等相关人员）,2006/11/28,,1997,"虚构利润,虚假记载(误导性陈述),重大遗漏,其他","虚构利润,虚假记载(误导性陈述),重大遗漏,其他"
36891_中天信会计师事务所,553,沙隆达Ａ,2000/12/31,,标准无保留意见,,中天信会计师事务所,深.1051,关于对成都宗申联益实业股份有限公司等21家公司予以内部通报批评的决定,2001/10/31,内部批评,2001,"推迟披露,违规担保","推迟披露,违规担保"
37621_深圳大华天诚会计师事务所,555,神州信息,2002/12/31,2003/4/15,无保留意见加说明段,"何凌峰,范荣",深圳大华天诚会计师事务所,深.921,关于对天津灯塔涂料股份有限公司等九家公司予以内部通报批评的决定,2003/3/5,内部批评,2002,"推迟披露,其他","推迟披露,其他"
37256_上海上会会计师事务所有限公司,557,西部创业,2001/12/31,,保留意见加说明段,"张国文,耿磊",上海上会会计师事务所有限公司,证.1008,中国证券监督管理委员会行政处罚决定书（银广夏）,2002/4/23,,1998,"虚构利润,虚假记载(误导性陈述),重大遗漏,其他","虚构利润,虚假记载(误导性陈述),重大遗漏,其他"
36891_浙江天健会计师事务所有限责任公司,559,万向钱潮,2000/12/31,2001/2/28,标准无保留意见,"傅芳芳,李德勇",浙江天健会计师事务所有限责任公司,深.1032,关于对万向钱潮股份有限公司予以内部通报批评的决定,2001/12/4,内部批评,2001,重大遗漏,重大遗漏
38352_深圳大华天诚会计师事务所,561,烽火电子,2004/12/31,2005/4/11,无保留意见加事项段,"李秉心,刘耀辉",深圳大华天诚会计师事务所,深.748,关于对长岭（集团）股份有限公司及相关人员予以处分的决定,2005/12/30,公开谴责,2005,"虚假记载(误导性陈述),推迟披露,其他","虚假记载(误导性陈述),推迟披露,其他"
36891_五洲联合会计师事务所,566,海南海药,2000/12/31,2001/4/20,无保留意见加说明段,"王翠仙,吴建成",五洲联合会计师事务所,深.1111,关于对广西康达（集团）股份有限公司等公司予以内部批评的决定,2001/7/3,内部批评,2000,"推迟披露,重大遗漏,占用公司资产,其他","推迟披露,重大遗漏,占用公司资产,其他"
37256_中鸿信建元会计师事务所有限责任公司,567,海德股份,2001/12/31,2002/4/5,保留意见加说明段,"徐运生,毕焱",中鸿信建元会计师事务所有限责任公司,深.1012,关于对海南海德纺织实业股份有限公司予以内部批评的决定,2002/2/28,内部批评,1998,"推迟披露,重大遗漏",违规担保
37986_四川君和会计师事务所有限责任公司,569,长城股份,2003/12/31,2004/3/18,标准无保留意见,"贺军,王辉",四川君和会计师事务所有限责任公司,深.816,关于对四川川投长城特殊钢股份有限公司及相关人员予以内部通报批评的决定,2004/7/13,内部批评,2003,"推迟披露,其他","推迟披露,其他"
36891_安达信・华强会计师事务所,570,苏常柴Ａ,2000/12/31,2001/4/8,标准无保留意见,"何影帆,张向际",安达信・华强会计师事务所,深.1050,关于对成都宗申联益实业股份有限公司等21家公司予以内部通报批评的决定,2001/10/31,内部批评,2001,"推迟披露,违规担保","推迟披露,违规担保"
40908_立信会计师事务所,572,海马汽车,2011/12/31,2012/4/13,标准无保留意见,"朱建清,何萍",立信会计师事务所,深.432,关于对海马汽车集团股份有限公司及相关当事人给予处分的决定,2012/9/7,通报批评,2011,推迟披露,推迟披露
36891_广东正中珠江会计师事务所有限公司,573,粤宏远Ａ,2000/12/31,2001/4/12,无保留意见加说明段,"熊永忠,杨文蔚",广东正中珠江会计师事务所有限公司,深.1065,关于对东莞宏远工业区股份有限公司及相关人员进行公开谴责的决定,2001/9/13,公开谴责,2000,"虚假记载(误导性陈述),推迟披露,披露不实(其它)","虚假记载(误导性陈述),推迟披露,披露不实(其它)"
39813_北京五联方圆会计师事务所有限公司,578,盐湖集团(退市),2008/12/31,2009/3/24,标准无保留意见,"闫立社,张富国",北京五联方圆会计师事务所有限公司,证.719,中国证监会行政处罚决定书（青海数码网络投资（集团）股份有限公司、钟小剑、张德雷等7名责任人员）,2009/8/27,,2002,nonexist,违规担保
40543_上海东华会计师事务所有限公司,582,北部湾港,2010/12/31,2011/4/7,标准无保留意见,"岑敬,廖元珍",上海东华会计师事务所有限公司,证.638,中国证监会行政处罚决定书（北海港、天津德利得、王学利等15名责任人员）,2011/1/10,,2005,"推迟披露,重大遗漏,占用公司资产","推迟披露,重大遗漏,占用公司资产"
36891_四川君和会计师事务所有限责任公司,583,S*ST托普,2000/12/31,2001/1/13,标准无保留意见,"赵书阳,邰寿铨",四川君和会计师事务所有限责任公司,深.1049,关于对成都宗申联益实业股份有限公司等21家公司予以内部通报批评的决定,2001/10/31,内部批评,2001,"推迟披露,违规担保","推迟披露,违规担保"
37621_利安达信隆会计师事务所有限责任公司,587,金洲慈航,2002/12/31,2003/4/3,标准无保留意见,"王颖,王日宇",利安达信隆会计师事务所有限责任公司,深.865,关于对光明集团家具股份有限公司及有关人员予以公开谴责的决定,2003/8/20,公开谴责,2002,nonexist,推迟披露
41274_天职国际会计师事务所(特殊普通合伙),590,启迪古汉,2012/12/31,2013/4/8,标准无保留意见,"刘宇科,陈志红",天职国际会计师事务所(特殊普通合伙),深.391,关于对紫光古汉集团股份有限公司及相关当事人予以处分的决定,2013/7/24,公开谴责,2004,nonexist,虚构利润
38352_重庆天健会计师事务所有限责任公司,591,太阳能,2004/12/31,2005/3/9,标准无保留意见,"龙文虎,梁正勇",重庆天健会计师事务所有限责任公司,深.759,关于对重庆桐君阁股份有限公司及相关人员予以通报批评的决定,2005/9/13,内部批评,2004,"推迟披露,其他","推迟披露,其他"
39082_中磊会计师事务所,594,国恒退,2006/12/31,2007/4/18,标准无保留意见,"熊靖,吴新民",中磊会计师事务所,深.672,关于对天津宏峰实业股份有限公司及相关当事人给予通报批评处分的决定,2007/9/21,交易所通报批评,2006,"推迟披露,占用公司资产","推迟披露,占用公司资产"
36891_五联联合会计师事务所有限公司,595,*ST宝实,2000/12/31,2001/2/12,标准无保留意见,,五联联合会计师事务所有限公司,深.1048,关于对成都宗申联益实业股份有限公司等21家公司予以内部通报批评的决定,2001/10/31,内部批评,1998,"推迟披露,违规担保","推迟披露,违规担保"
36525_沈阳华伦会计师事务所,597,东北制药,1999/12/31,2000/4/18,保留意见加说明段,"胡颖,苗沈愿",沈阳华伦会计师事务所,深.1147,关于对东北制药集团股份有限公司予以内部批评的决定,2000/6/28,交易所通报批评,1999,重大遗漏,重大遗漏
36891_广东正中珠江会计师事务所有限公司,602,金马退市,2000/12/31,2001/5/24,无保留意见加说明段,"黄晓霞,陈昭",广东正中珠江会计师事务所有限公司,深.1123,关于对广东金马旅游集团股份有限公司及有关人员予以公开谴责的决定,2001/5/17,公开谴责,2000,"推迟披露,其他","推迟披露,其他"
39082_深圳市鹏城会计师事务所有限公司,603,盛达矿业,2006/12/31,2007/4/27,无法发表意见,"张兵舫,李泽浩",深圳市鹏城会计师事务所有限公司,证.814,中国证监会行政处罚决定书（ST威达及魏兴毅、杨志强等人）,2007/6/18,,2003,重大遗漏,重大遗漏
39813_中兴华会计师事务所有限责任公司,605,渤海股份,2008/12/31,2009/4/17,无保留意见加事项段,"赵志强,田曼华",中兴华会计师事务所有限责任公司,证.736,中国证监会行政处罚决定书（四环药业、陈军等12名责任人员）,2009/5/5,,2001,"虚假记载(误导性陈述),推迟披露,重大遗漏","虚假记载(误导性陈述),推迟披露,重大遗漏"
40543_中喜会计师事务所有限责任公司,611,天首发展,2010/12/31,2011/3/31,标准无保留意见,"李力,陈翔",中喜会计师事务所有限责任公司,深.470,关于对内蒙古时代科技股份有限公司及相关当事人给予处分的决定,2011/11/3,交易所通报批评,2008,"虚假记载(误导性陈述),推迟披露,占用公司资产","虚假记载(误导性陈述),推迟披露,占用公司资产"
42004_众环海华会计师事务所(特殊普通合伙),615,京汉股份,2014/12/31,2015/4/22,标准无保留意见,"王明璀,汪燕",众环海华会计师事务所(特殊普通合伙),深.234,关于对湖北金环股份有限公司及相关当事人给予通报批评处分的决定,2015/11/24,通报批评,2012,"虚假记载(误导性陈述),其他","虚假记载(误导性陈述),其他"
37621_深圳南方民和会计师事务所有限责任公司,622,恒立实业,2002/12/31,2003/4/23,保留意见加说明段,,深圳南方民和会计师事务所有限责任公司,深.877,关于对石家庄炼油化工股份有限公司等四家公司予以内部通报批评的决定,2003/7/2,内部批评,1998,重大遗漏,重大遗漏
36891_安徽华普会计师事务所,630,铜陵有色,2000/12/31,,标准无保留意见,"汪群,李友菊",安徽华普会计师事务所,深.1021,关于对安徽铜都铜业股份有限公司予以内部批评的决定,2001/12/26,内部批评,2001,"推迟披露,其他","推迟披露,其他"
37986_中磊会计师事务所有限责任公司,631,顺发恒业,2003/12/31,2004/4/26,标准无保留意见,,中磊会计师事务所有限责任公司,深.815,关于对兰宝科技信息股份有限公司及相关人员予以内部通报批评的决定,2004/7/20,内部批评,2003,"推迟披露,其他","推迟披露,其他"
42004_福建华兴会计师事务所(特殊普通合伙),632,三木集团,2014/12/31,2015/4/19,标准无保留意见,"刘延东,王永平",福建华兴会计师事务所(特殊普通合伙),深.288,关于对福建三木集团股份有限公司及相关当事人给予公开谴责处分的决定,2015/2/11,公开谴责,2012,"重大遗漏,其他","重大遗漏,其他"
38352_利安达信隆会计师事务所有限责任公司,633,合金投资,2004/12/31,2005/4/25,保留意见,"姜波,王君",利安达信隆会计师事务所有限责任公司,证.889,中国证监会行政处罚决定书（沈阳合金投资及傅忠、杨志斌、王淑娟、唐忠诚、安体富、李馨）,2005/9/23,,2003,"虚假记载(误导性陈述),推迟披露,重大遗漏","虚假记载(误导性陈述),推迟披露,重大遗漏"
41639_大华会计师事务所(特殊普通合伙),637,茂化实华,2013/12/31,2014/4/23,标准无保留意见,"霍万魁,康会云",大华会计师事务所(特殊普通合伙),深.320,关于对茂名石化实华股份有限公司及相关当事人给予处分的决定,2014/8/11,通报批评,2013,"虚假记载(误导性陈述),推迟披露,其他","虚假记载(误导性陈述),推迟披露,其他"
36891_华伦会计师事务所,638,万方发展,2000/12/31,2001/3/10,保留意见,"胡颖,刘衍祥",华伦会计师事务所,深.1108,关于对广西康达（集团）股份有限公司等公司予以内部批评的决定,2001/7/3,内部批评,2000,"推迟披露,重大遗漏,占用公司资产,其他","推迟披露,重大遗漏,占用公司资产,其他"
41274_天健会计师事务所(特殊普通合伙),639,西王食品,2012/12/31,2013/4/17,标准无保留意见,"刘钢跃,彭奇志",天健会计师事务所(特殊普通合伙),深.410,关于对西王食品股份有限公司及相关当事人给予处分的决定,2013/3/7,通报批评,2011,"重大遗漏,占用公司资产,其他","重大遗漏,占用公司资产,其他"
36891_中天勤会计师事务所,651,格力电器,2000/12/31,2001/3/8,标准无保留意见,"卜功桃,张王月",中天勤会计师事务所,深.1107,关于对广西康达（集团）股份有限公司等公司予以内部批评的决定,2001/7/3,内部批评,2000,"推迟披露,重大遗漏,占用公司资产,其他","推迟披露,重大遗漏,占用公司资产,其他"
37621_重庆天健会计师事务所有限责任公司,656,金科股份,2002/12/31,2003/4/18,无保留意见加说明段,,重庆天健会计师事务所有限责任公司,深.884,关于对四川美亚丝绸（集团）股份有限公司等二十三家上市公司予以内部通报批评的决定,2003/4/25,内部批评,2002,"推迟披露,其他","推迟披露,其他"
37621_广州羊城会计师事务所有限公司,660,*ST南华(退市),2002/12/31,2003/4/27,拒绝发表意见,"黄伟成,蚁旭升",广州羊城会计师事务所有限公司,证.994,中国证券监督管理委员会行政处罚决定书（南华西及相关人员）,2003/4/21,,1997,"推迟披露,重大遗漏,占用公司资产","推迟披露,重大遗漏,占用公司资产"
41274_中磊会计师事务所有限责任公司,661,长春高新,2012/12/31,2013/4/16,标准无保留意见,"赵丽萍,王树奇",中磊会计师事务所有限责任公司,深.372,关于对长春高新技术产业（集团）股份有限公司及相关当事人给予处分的决定,2013/9/24,通报批评,2003,"重大遗漏,占用公司资产","重大遗漏,占用公司资产"
42369_中审众环会计师事务所(特殊普通合伙),668,荣丰控股,2015/12/31,2016/4/26,标准无保留意见,"王郁,肖文涛",中审众环会计师事务所(特殊普通合伙),深.182,关于对荣丰控股集团股份有限公司和相关当事人给予纪律处分的决定,2016/7/8,公开谴责,2013,"重大遗漏,其他","重大遗漏,其他"
37986_华寅会计师事务所有限责任公司,670,盈方微,2003/12/31,2004/3/20,标准无保留意见,"谢泽敏,刘文俊",华寅会计师事务所有限责任公司,证.931,中国证券监督管理委员会行政处罚决定书（天发石油及相关人员）,2004/9/20,,2000,"虚构利润,虚假记载(误导性陈述),推迟披露,占用公司资产","虚构利润,虚假记载(误导性陈述),推迟披露,占用公司资产"
37986_五联联合会计师事务所有限公司,672,上峰水泥,2003/12/31,2004/3/19,标准无保留意见,"秦宝,韩旺",五联联合会计师事务所有限公司,证.935,中国证券监督管理委员会行政处罚决定书（铜城集团及相关人员）,2004/9/2,,2000,"虚构利润,推迟披露","虚构利润,推迟披露"
37621_山西天元会计师事务所(有限公司),673,当代东方,2002/12/31,2003/3/12,标准无保留意见,"李建勋,李喜民",山西天元会计师事务所(有限公司),深.878,关于对大同水泥股份有限公司及有关人员予以公开谴责的决定,2003/6/19,公开谴责,1997,nonexist,违规担保
37256_四川君和会计师事务所有限责任公司,675,ST 银 山,2001/12/31,2002/4/12,无保留意见加说明段,"刘宇,何勇",四川君和会计师事务所有限责任公司,深.1010,关于对四川银山化工（集团）股份有限公司等予以内部通报批评的决定,2002/2/28,内部批评,1998,nonexist,违规担保
40543_大信会计师事务有限公司,677,恒天海龙,2010/12/31,2011/4/28,标准无保留意见,"陆军,杨春强",大信会计师事务有限公司,深.477,关于对山东海龙股份有限公司及相关当事人给予处分的决定,2011/9/23,交易所通报批评,2010,"推迟披露,其他","推迟披露,其他"
36891_大连华连会计师事务所有限公司,679,大连友谊,2000/12/31,2001/3/6,标准无保留意见,"张耀麟,朱平君",大连华连会计师事务所有限公司,深.1029,关于对大连友谊（集团）股份有限公司予以内部通报批评的决定,2001/12/4,内部批评,2001,"推迟披露,占用公司资产","推迟披露,占用公司资产"
37621_利安达信隆会计师事务所有限责任公司,683,远兴能源,2002/12/31,2003/3/9,标准无保留意见,"李耀堂,韩勇",利安达信隆会计师事务所有限责任公司,深.919,关于对天津灯塔涂料股份有限公司等九家公司予以内部通报批评的决定,2003/3/5,内部批评,1998,"推迟披露,其他","推迟披露,其他"
36891_四川君和会计师事务所有限责任公司,688,建新矿业,2000/12/31,2001/3/15,标准无保留意见,,四川君和会计师事务所有限责任公司,深.1047,关于对成都宗申联益实业股份有限公司等21家公司予以内部通报批评的决定,2001/10/31,内部批评,2001,"推迟披露,违规担保","推迟披露,违规担保"
36525_深圳华鹏会计师事务所,689,ST 宏 业,1999/12/31,2000/2/28,保留意见加说明段,,深圳华鹏会计师事务所,深.1144,关于对汕头宏业（集团）股份有限公司予以内部批评的决定,2000/6/28,内部批评,1999,推迟披露,推迟披露
36891_海南从信会计师事务所,691,亚太实业,2000/12/31,2001/2/9,标准无保留意见,"刘泽波,潘承均",海南从信会计师事务所,深.1046,关于对成都宗申联益实业股份有限公司等21家公司予以内部通报批评的决定,2001/10/31,内部批评,2001,"推迟披露,违规担保","推迟披露,违规担保"
40178_深圳鹏城会计师事务所,693,*ST华泽,2009/12/31,2010/3/12,无保留意见加事项段,"李泽浩,廖福澍",深圳鹏城会计师事务所,证.687,中国证监会行政处罚决定书（聚友网络、陈健等10名责任人员）,2010/2/11,,2001,"虚构利润,虚假记载(误导性陈述),推迟披露","虚构利润,虚假记载(误导性陈述),推迟披露"
37621_天津五洲联合合伙会计师事务所,695,滨海能源,2002/12/31,2003/1/17,标准无保留意见,"尹琳,郭宪明",天津五洲联合合伙会计师事务所,深.918,关于对天津灯塔涂料股份有限公司等九家公司予以内部通报批评的决定,2003/3/5,内部批评,2000,"推迟披露,其他","推迟披露,其他"
38352_中喜会计师事务所有限责任公司,699,S*ST佳纸,2004/12/31,2005/4/26,无保留意见加事项段,,中喜会计师事务所有限责任公司,深.776,关于对佳木斯金地造纸股份有限公司及相关人员予以处分的决定,2005/6/1,内部批评,2004,nonexist,推迟披露
38352_厦门天健华天有限责任会计师事务所,703,恒逸石化,2004/12/31,2005/4/11,标准无保留意见,"涂振连,陆翔",厦门天健华天有限责任会计师事务所,深.778,关于对世纪光华科技股份有限公司及相关人员予以通报批评的决定,2005/5/30,内部批评,2004,推迟披露,推迟披露
39082_大信会计师事务有限公司,707,双环科技,2006/12/31,2007/4/17,标准无保留意见,"索保国,伍志超",大信会计师事务有限公司,深.704,关于对湖北双环科技股份有限公司相关当事人给予处分的决定,2007/2/9,交易所通报批评,2005,"推迟披露,占用公司资产","推迟披露,占用公司资产"
37986_中兴宇会计师事务所有限责任公司,710,贝瑞基因,2003/12/31,2004/3/19,标准无保留意见,"王勇,树新",中兴宇会计师事务所有限责任公司,深.840,关于对成都天兴仪表股份有限公司及相关董事予以内部通报批评的决定,2004/6/10,内部批评,2002,"推迟披露,占用公司资产,其他","推迟披露,占用公司资产,其他"
37256_大华会计师事务所有限公司,711,京蓝科技,2001/12/31,2002/1/20,无保留意见加说明段,"吕秋萍,吴蓉",大华会计师事务所有限公司,深.982,关于对长春北方五环实业股份有限公司等十三家上市公司予以内部通报批评的决定,2002/5/31,内部批评,2000,"重大遗漏,其他","重大遗漏,其他"
37986_华证会计师事务所有限公司,713,丰乐种业,2003/12/31,2004/4/6,无保留意见加事项段,"马静,李静",华证会计师事务所有限公司,证.924,中国证券监督管理委员会行政处罚决定书（丰乐种业及相关人员）,2004/12/21,,1997,nonexist,虚构利润
37256_上海众华沪银会计师事务所有限公司,718,苏宁环球,2001/12/31,2002/4/4,无保留意见加说明段,"沈蓉,林东模",上海众华沪银会计师事务所有限公司,深.929,关于对吉林纸业股份有限公司予以内部通报批评的决定,2002/12/30,内部批评,2001,"推迟披露,违规担保","推迟披露,违规担保"
37621_亚太(集团)会计师事务所有限公司,719,中原传媒,2002/12/31,2003/1/22,标准无保留意见,"党惠如,朱玉霞",亚太(集团)会计师事务所有限公司,深.855,关于对神州学人集团股份有限公司等四家公司予以内部通报批评的决定,2003/10/9,内部批评,2003,推迟披露,推迟披露
37986_南京永华会计师事务所有限公司,727,华东科技,2003/12/31,2004/4/15,标准无保留意见,"诸旭敏,杜文俊",南京永华会计师事务所有限公司,深.830,关于对南京华东电子信息科技股份有限公司予以内部通报批评的决定,2004/7/1,内部批评,2003,"推迟披露,违规担保","推迟披露,违规担保"
37256_毕马威华振会计师事务所,728,国元证券,2001/12/31,2002/4/17,标准无保留意见,"金乃雯,罗铮",毕马威华振会计师事务所,深.944,关于对中水集团远洋股份有限公司等十一家上市公司予以内部通报批评的决定,2002/7/17,内部批评,2001,推迟披露,推迟披露
37256_深圳鹏城会计师事务所,730,*ST 环保,2001/12/31,2002/4/28,无保留意见加说明段,"张克理,李海林",深圳鹏城会计师事务所,深.951,关于对沈阳特种环保设备制造股份有限公司及全体董事予以公开谴责的决定,2002/7/11,公开谴责,1999,"虚假记载(误导性陈述),推迟披露,其他","虚假记载(误导性陈述),推迟披露,其他"
37256_福建华兴有限责任会计师事务所,732,泰禾集团,2001/12/31,2002/3/28,标准无保留意见,"殷雪芳,童益恭",福建华兴有限责任会计师事务所,深.980,关于对长春北方五环实业股份有限公司等十三家上市公司予以内部通报批评的决定,2002/5/31,内部批评,1999,"重大遗漏,其他","重大遗漏,其他"
39813_中审亚太会计师事务所有限公司,735,罗 牛 山,2008/12/31,2009/4/27,标准无保留意见,"李志林,刘健生",中审亚太会计师事务所有限公司,深.610,关于对海口农工贸（罗牛山）股份有限公司及相关当事人给予处分的决定,2009/1/17,交易所通报批评,2001,"虚假记载(误导性陈述),推迟披露","虚假记载(误导性陈述),推迟披露"
37986_江苏公证会计师事务所有限公司,736,中交地产,2003/12/31,2004/3/31,标准无保留意见,"马惠兰,孙新卫",江苏公证会计师事务所有限公司,深.819,关于对重庆国际实业投资股份有限公司及相关人员予以公开谴责的决定,2004/7/7,公开谴责,2004,"虚假记载(误导性陈述),推迟披露,占用公司资产","虚假记载(误导性陈述),推迟披露,占用公司资产"
38717_大信会计师事务有限公司,750,国海证券,2005/12/31,2006/4/22,标准无保留意见,"李炜,蔡瑜",大信会计师事务有限公司,深.729,关于对桂林集琦药业股份有限公司及相关当事人给予处分的决定,2006/6/24,公开谴责,2005,nonexist,违规担保
38352_辽宁天健会计师事务所有限公司,751,锌业股份,2004/12/31,2005/4/18,标准无保留意见,,辽宁天健会计师事务所有限公司,深.794,关于葫芦岛锌业股份有限公司及相关人员予以公开谴责的决定,2005/3/29,公开谴责,2004,"推迟披露,其他","推迟披露,其他"
38717_中审会计师事务所有限公司,757,浩物股份,2005/12/31,2006/4/10,标准无保留意见,"乔玉湍,滕友平",中审会计师事务所有限公司,证.871,中国证监会行政处罚决定书（方向光电及穆昕、刘汝泉等相关人员）,2006/2/10,,2003,"重大遗漏,占用公司资产","重大遗漏,占用公司资产"
38352_大信会计师事务有限公司,760,斯太尔,2004/12/31,2005/4/6,保留意见,"汪巧琳,陆军",大信会计师事务有限公司,深.752,关于对湖北博盈投资股份有限公司及相关人员予以通报批评的决定,2005/9/27,内部批评,2003,"重大遗漏,占用公司资产","重大遗漏,占用公司资产"
39447_天健华证中洲(北京)会计师事务所有限公司,762,西藏矿业,2007/12/31,2008/2/27,标准无保留意见,"章为纲,刘志永",天健华证中洲(北京)会计师事务所有限公司,深.623,关于对西藏矿业发展股份有限公司及相关当事人给予处分的决定,2008/9/24,交易所通报批评,1998,"推迟披露,违规担保","推迟披露,违规担保"
37621_武汉众环会计师事务所有限责任公司,765,*ST 华信,2002/12/31,2003/4/22,保留意见加说明段,,武汉众环会计师事务所有限责任公司,深.876,关于对石家庄炼油化工股份有限公司等四家公司予以内部通报批评的决定,2003/7/2,内部批评,2002,重大遗漏,重大遗漏
37256_中鸿信建元会计师事务所有限责任公司,766,通化金马,2001/12/31,2002/4/21,标准无保留意见,"刘昆,韩波",中鸿信建元会计师事务所有限责任公司,深.954,关于对通化金马药业集团股份有限公司等六家公司予以公开谴责的决定,2002/7/2,公开谴责,2001,"推迟披露,其他","推迟披露,其他"
37986_中勤万信会计师事务所有限公司,769,*ST大菲(退市),2003/12/31,2004/4/24,保留意见加事项段,,中勤万信会计师事务所有限公司,证.929,中国证券监督管理委员会行政处罚决定书（菲菲农业及相关人员）,2004/10/14,,2001,"虚构利润,虚列资产","虚构利润,虚列资产"
37256_五联联合会计师事务所有限公司,779,三毛派神,2001/12/31,2002/3/10,标准无保留意见,,五联联合会计师事务所有限公司,深.1015,关于对兰州三毛实业股份有限公司予以内部通报批评的决定,2002/2/5,内部批评,2001,"推迟披露,其他","推迟披露,其他"
39082_大信会计师事务有限公司,780,*ST平能,2006/12/31,2007/2/7,无保留意见加事项段,"李洪,李运周",大信会计师事务有限公司,深.703,关于对内蒙古草原兴发股份有限公司及相关当事人给予处分的决定,2007/3/9,公开谴责,2002,推迟披露,推迟披露
37621_华证会计师事务所有限公司,783,长江证券,2002/12/31,2003/3/31,保留意见,"金任宏,刘林",华证会计师事务所有限公司,深.875,关于对石家庄炼油化工股份有限公司等四家公司予以内部通报批评的决定,2003/7/2,内部批评,2002,重大遗漏,重大遗漏
39813_华寅会计师事务所有限责任公司,787,*ST创智(退市),2008/12/31,2009/4/28,无保留意见加事项段,"黄忠国,张海峰",华寅会计师事务所有限责任公司,证.709,中国证监会行政处罚决定书（创智科技、丁亮等10名责任人员）,2009/10/26,,2002,"虚假记载(误导性陈述),推迟披露,重大遗漏","虚假记载(误导性陈述),推迟披露,重大遗漏"
42735_天健会计师事务所(特殊普通合伙),788,北大医药,2016/12/31,2017/4/27,无保留意见加事项段,"张凯,陈应爵",天健会计师事务所(特殊普通合伙),证.72,中国证监会行政处罚决定书（北大医药股份有限公司、北京政泉控股有限公司、北大资源集团控股有限公司等8名责任人员）,2017/5/5,,2013,nonexist,重大遗漏
37621_广东恒信德律会计师事务所有限公司,789,万年青,2002/12/31,2003/4/16,标准无保留意见,,广东恒信德律会计师事务所有限公司,深.916,关于对天津灯塔涂料股份有限公司等九家公司予以内部通报批评的决定,2003/3/5,内部批评,2002,"推迟披露,其他","推迟披露,其他"
39447_山东汇德会计师事务所有限公司,795,英洛华,2007/12/31,2008/4/23,标准无保留意见,"谭正嘉,孙震",山东汇德会计师事务所有限公司,深.618,关于对太原双塔刚玉股份有限公司及当事人予以通报批评的决定,2008/10/10,交易所通报批评,2007,推迟披露,推迟披露
37256_中瑞华恒信会计师事务所有限公司,798,中水渔业,2001/12/31,2002/4/8,标准无保留意见,"朱海武,杨力强",中瑞华恒信会计师事务所有限公司,深.943,关于对中水集团远洋股份有限公司等十一家上市公司予以内部通报批评的决定,2002/7/17,内部批评,2001,推迟披露,推迟披露
37621_湖南开元有限责任会计师事务所,799,酒鬼酒,2002/12/31,2003/3/5,保留意见,"谭绍民,周重揆",湖南开元有限责任会计师事务所,深.867,关于对湖南酒鬼酒股份有限公司及相关人员予以公开谴责的决定,2003/8/11,公开谴责,2002,nonexist,推迟披露
37986_江苏公证会计师事务所有限公司,805,*ST炎黄,2003/12/31,2004/4/8,无保留意见加事项段,"王亚明,邹雪娟",江苏公证会计师事务所有限公司,深.838,关于对江苏炎黄在线物流股份有限公司及相关人员予以公开谴责的决定,2004/6/14,公开谴责,2002,"推迟披露,重大遗漏,违规担保","推迟披露,重大遗漏,违规担保"
38717_深圳南方民和会计师事务所,806,银河生物,2005/12/31,2006/4/25,标准无保留意见,"张乾明,姚运海",深圳南方民和会计师事务所,深.728,关于对北海银河高科技产业股份有限公司及相关当事人给予处分的决定,2006/6/24,公开谴责,2002,nonexist,推迟披露
37256_四川华信(集团)会计师事务所有限责任公司,810,创维数字,2001/12/31,2002/1/28,标准无保留意见,"何均,陈更生",四川华信(集团)会计师事务所有限责任公司,深.932,关于对华润锦华股份有限公司予以内部通报批评的决定,2002/12/9,内部批评,2002,"推迟披露,其他","推迟披露,其他"
36891_五联联合会计师事务所有限公司,813,德展健康,2000/12/31,2001/3/20,标准无保留意见,"陈军,张静",五联联合会计师事务所有限公司,深.1103,关于对广西康达（集团）股份有限公司等公司予以内部批评的决定,2001/7/3,内部批评,2000,"推迟披露,重大遗漏,占用公司资产,其他","推迟披露,重大遗漏,占用公司资产,其他"
38352_天职孜信会计师事务所有限公司,816,智慧农业,2004/12/31,2005/3/14,标准无保留意见,"郑文洋,胡建军",天职孜信会计师事务所有限公司,深.779,关于对江苏江淮动力股份有限公司及相关人员予以通报批评的决定,2005/5/27,内部批评,2004,"推迟披露,其他","推迟披露,其他"
36891_北京中兴宇会计师事务所有限责任公司,817,辽油退市,2000/12/31,2001/2/15,标准无保留意见,"刘立宇,李晓英",北京中兴宇会计师事务所有限责任公司,深.1102,关于对辽河金马油田股份有限公司等3家公司及有关人员予以公开批评的通报,2001/7/3,内部批评,2000,"虚假记载(误导性陈述),推迟披露,重大遗漏","虚假记载(误导性陈述),推迟披露,重大遗漏"
37621_辽宁天健会计师事务所有限公司,818,方大化工,2002/12/31,2003/4/19,无保留意见加说明段,"赵凤丽,赵一",辽宁天健会计师事务所有限公司,深.915,关于对天津灯塔涂料股份有限公司等九家公司予以内部通报批评的决定,2003/3/5,内部批评,2001,"推迟披露,其他","推迟披露,其他"
40543_上海上会会计师事务所有限公司,820,神雾节能,2010/12/31,2011/4/20,保留意见,"张晓荣,王磊",上海上会会计师事务所有限公司,深.479,关于对金城造纸股份有限公司及相关当事人给予处分的决定,2011/9/5,交易所通报批评,2001,推迟披露,推迟披露
37986_北京中兴宇会计师事务所有限责任公司,832,*ST 龙涤,2003/12/31,2004/4/27,无法发表意见,张长战,北京中兴宇会计师事务所有限责任公司,深.843,关于对黑龙江龙涤股份有限公司及相关人员予以公开谴责的决定,2004/4/29,公开谴责,1999,"推迟披露,重大遗漏,占用公司资产,其他","推迟披露,重大遗漏,占用公司资产,其他"
36891_北京京都会计师事务所有限责任公司,839,中信国安,2000/12/31,2001/3/9,标准无保留意见,"李欣,景恒心",北京京都会计师事务所有限责任公司,深.1043,关于对成都宗申联益实业股份有限公司等21家公司予以内部通报批评的决定,2001/10/31,内部批评,2001,"推迟披露,违规担保","推迟披露,违规担保"
40543_京都天华会计师事务所有限公司,848,承德露露,2010/12/31,2011/3/28,标准无保留意见,"陈广清,张文清",京都天华会计师事务所有限公司,深.490,关于对河北承德露露股份有限公司及相关当事人给予处分的决定,2011/8/3,公开谴责,2006,"重大遗漏,其他","重大遗漏,其他"
40543_四川华信(集团)会计师事务所有限责任公司,858,五粮液,2010/12/31,2011/3/29,标准无保留意见,"李武林,刘均",四川华信(集团)会计师事务所有限责任公司,证.624,中国证监会行政处罚决定书（五粮液、唐桥等8名责任人员）,2011/4/29,,2007,"虚假记载(误导性陈述),推迟披露,重大遗漏","虚假记载(误导性陈述),推迟披露,重大遗漏"
37621_安徽华普会计师事务所,859,国风塑业,2002/12/31,2003/3/24,标准无保留意见,"张居忠,朱宗瑞,肖厚发",安徽华普会计师事务所,深.869,关于对深圳市特发信息股份有限公司和安徽国风塑业股份有限公司予以内部通报批评的决定,2003/7/24,内部批评,2001,"推迟披露,其他","推迟披露,其他"
38352_五联联合会计师事务所有限公司,862,银星能源,2004/12/31,2005/4/23,无保留意见加事项段,"李耀忠,吴春芳",五联联合会计师事务所有限公司,深.788,关于对吴忠仪表股份有限公司及相关人员予以惩戒的决定,2005/5/24,内部批评,1998,"虚假记载(误导性陈述),推迟披露,违规担保,其他","虚假记载(误导性陈述),推迟披露,违规担保,其他"
37256_北京京都会计师事务所有限责任公司,863,三湘印象,2001/12/31,2002/3/5,标准无保留意见,"王友业,童登书",北京京都会计师事务所有限责任公司,深.1009,关于对四川银山化工（集团）股份有限公司等予以内部通报批评的决定,2002/2/28,内部批评,1998,nonexist,违规担保
38717_五洲联合会计师事务所,877,天山股份,2005/12/31,2006/3/14,标准无保留意见,"陈军,苌焕青",五洲联合会计师事务所,证.864,中国证监会行政处罚决定书（天山股份及张丽荣、贺明华等相关人员）,2006/3/22,,1999,"虚假记载(误导性陈述),推迟披露,重大遗漏","虚假记载(误导性陈述),推迟披露,重大遗漏"
37986_山东正源和信有限责任会计师事务所,880,潍柴重机,2003/12/31,2004/4/27,标准无保留意见,"刘守堂,张秀勇",山东正源和信有限责任会计师事务所,深.848,关于对山东巨力股份有限公司及相关人员予以公开谴责的决定,2004/1/30,公开谴责,2002,"虚假记载(误导性陈述),推迟披露,其他","虚假记载(误导性陈述),推迟披露,其他"
37256_中勤万信会计师事务所有限公司,883,湖北能源,2001/12/31,2002/4/8,标准无保留意见,"王永新,肖桂珠",中勤万信会计师事务所有限公司,深.941,关于对中水集团远洋股份有限公司等十一家上市公司予以内部通报批评的决定,2002/7/17,内部批评,2001,推迟披露,推迟披露
39447_立信会计师事务所有限公司,892,欢瑞世纪,2007/12/31,2008/4/28,无法发表意见,"钱志昂,单峰",立信会计师事务所有限公司,证.756,中国证监会行政处罚决定书（长丰通信及覃辉等20名责任人员）,2008/11/19,,2003,nonexist,虚构利润
37256_深圳南方民和会计师事务所有限责任公司,893,东凌国际,2001/12/31,2002/3/12,无保留意见加说明段,"钟平,林青辉",深圳南方民和会计师事务所有限责任公司,深.979,关于对长春北方五环实业股份有限公司等十三家上市公司予以内部通报批评的决定,2002/5/31,内部批评,2000,"重大遗漏,其他","重大遗漏,其他"
36891_湖南开元有限责任会计师事务所,900,现代投资,2000/12/31,2001/2/22,标准无保留意见,"周重揆,甘维希",湖南开元有限责任会计师事务所,深.1101,关于对广西康达（集团）股份有限公司等公司予以内部批评的决定,2001/7/3,内部批评,2000,"推迟披露,重大遗漏,占用公司资产,其他","推迟披露,重大遗漏,占用公司资产,其他"
36891_北京天华会计师事务所,902,新洋丰,2000/12/31,2001/3/9,标准无保留意见,"王全洲,陈荭",北京天华会计师事务所,深.1042,关于对成都宗申联益实业股份有限公司等21家公司予以内部通报批评的决定,2001/10/31,内部批评,2001,"推迟披露,违规担保","推迟披露,违规担保"
36891_厦门天健华天有限责任会计师事务所,905,厦门港务,2000/12/31,2001/1/20,标准无保留意见,"徐珊,谢培仁",厦门天健华天有限责任会计师事务所,深.1100,关于对广西康达（集团）股份有限公司等公司予以内部批评的决定,2001/7/3,内部批评,2000,"推迟披露,重大遗漏,占用公司资产,其他","推迟披露,重大遗漏,占用公司资产,其他"
38352_天职孜信会计师事务所有限公司,908,景峰医药,2004/12/31,2005/4/26,标准无保留意见,,天职孜信会计师事务所有限公司,深.766,关于对湖南天一科技股份有限公司及相关人员予以公开谴责的决定,2005/8/29,公开谴责,2002,"虚构利润,推迟披露,占用公司资产,其他","虚构利润,推迟披露,占用公司资产,其他"
37256_浙江天健会计师事务所有限责任公司,909,数源科技,2001/12/31,2002/2/8,无保留意见加说明段,"陈翔,沈维华",浙江天健会计师事务所有限责任公司,深.978,关于对长春北方五环实业股份有限公司等十三家上市公司予以内部通报批评的决定,2002/5/31,内部批评,2001,"重大遗漏,其他","重大遗漏,其他"
36891_四川华信(集团)会计师事务所有限责任公司,912,*ST天化,2000/12/31,2001/2/22,标准无保留意见,"冯渊,李武林",四川华信(集团)会计师事务所有限责任公司,深.1099,关于对广西康达（集团）股份有限公司等公司予以内部批评的决定,2001/7/3,内部批评,2000,"推迟披露,重大遗漏,占用公司资产,其他","推迟披露,重大遗漏,占用公司资产,其他"
36891_北京京都会计师事务所有限责任公司,916,华北高速,2000/12/31,,标准无保留意见,"郑建彪,苏金其",北京京都会计师事务所有限责任公司,深.1098,关于对广西康达（集团）股份有限公司等公司予以内部批评的决定,2001/7/3,内部批评,2000,"推迟披露,重大遗漏,占用公司资产,其他","推迟披露,重大遗漏,占用公司资产,其他"
37256_天职孜信会计师事务所有限公司,917,电广传媒,2001/12/31,2002/3/21,标准无保留意见,"郑文洋,匡敏",天职孜信会计师事务所有限公司,深.1017,关于对湖南电广传媒股份有限公司予以内部通报批评的决定,2002/1/22,内部批评,2000,nonexist,重大遗漏
39447_开元信德会计师事务所有限公司,918,嘉凯城,2007/12/31,2008/4/21,无保留意见加事项段,"周重揆,黄平",开元信德会计师事务所有限公司,证.780,中国证监会行政处罚决定书（亚华种业、邹定民等9名责任人员）,2008/4/8,,2003,"虚列资产,推迟披露,重大遗漏,披露不实(其它),占用公司资产,其他","虚列资产,推迟披露,重大遗漏,披露不实(其它),占用公司资产,其他"
36891_江苏天衡会计师事务所有限公司,919,金陵药业,2000/12/31,2001/3/16,标准无保留意见,"郭澳,荆建明",江苏天衡会计师事务所有限公司,深.1041,关于对成都宗申联益实业股份有限公司等21家公司予以内部通报批评的决定,2001/10/31,内部批评,2000,"推迟披露,违规担保","推迟披露,违规担保"
38717_深圳大华天诚会计师事务所,921,海信科龙,2005/12/31,2006/8/11,保留意见加事项段,"胡春元,邬建辉",深圳大华天诚会计师事务所,证.868,中国证监会行政处罚决定书（中关村科技及段永基、袁振宇等相关人员）,2006/3/1,,2001,"推迟披露,重大遗漏","推迟披露,重大遗漏"
39447_中瑞岳华会计师事务所有限公司,922,*ST佳电,2007/12/31,2008/3/20,标准无保留意见,,中瑞岳华会计师事务所有限公司,证.770,中国证监会行政处罚决定书（阿城继、朱大萌等9名责任人员）,2008/7/2,,1999,"虚假记载(误导性陈述),重大遗漏,占用公司资产","虚假记载(误导性陈述),重大遗漏,占用公司资产"
39082_浙江天健会计师事务所有限公司,925,众合科技,2006/12/31,2007/4/10,无法发表意见,"翁伟,罗训超",浙江天健会计师事务所有限公司,证.823,中国证监会行政处罚决定书（浙大海纳及薛卫国等人）,2007/4/24,,2003,"虚假记载(误导性陈述),重大遗漏","虚假记载(误导性陈述),重大遗漏"
37621_中鸿信建元会计师事务所有限责任公司,928,中钢国际,2002/12/31,2003/3/22,标准无保留意见,"徐运生,韩波",中鸿信建元会计师事务所有限责任公司,深.887,关于对四川美亚丝绸（集团）股份有限公司等二十三家上市公司予以内部通报批评的决定,2003/4/25,内部批评,2001,"推迟披露,其他",违规担保
36891_北京京都会计师事务所有限责任公司,931,中 关 村,2000/12/31,2001/3/22,标准无保留意见,"景恒心,李欣",北京京都会计师事务所有限责任公司,深.1096,关于对广西康达（集团）股份有限公司等公司予以内部批评的决定,2001/7/3,内部批评,2000,"推迟披露,重大遗漏,占用公司资产,其他","推迟披露,重大遗漏,占用公司资产,其他"
36891_江苏天衡会计师事务所有限公司,936,华西股份,2000/12/31,2001/3/8,标准无保留意见,"骆竞,汤加全",江苏天衡会计师事务所有限公司,深.1095,关于对广西康达（集团）股份有限公司等公司予以内部批评的决定,2001/7/3,内部批评,2000,"推迟披露,重大遗漏,占用公司资产,其他","推迟披露,重大遗漏,占用公司资产,其他"
37986_重庆天健会计师事务所有限责任公司,950,*ST建峰,2003/12/31,2004/4/21,标准无保留意见,"石义杰,张凯",重庆天健会计师事务所有限责任公司,深.818,关于对重庆民丰农化股份有限公司及相关人员予以内部通报批评的决定,2004/7/8,内部批评,2003,"推迟披露,违规担保","推迟披露,违规担保"
37256_山东乾聚有限责任会计师事务所,951,中国重汽,2001/12/31,2002/4/12,标准无保留意见,"杜中恒,吴金锋",山东乾聚有限责任会计师事务所,深.953,关于对通化金马药业集团股份有限公司等六家公司予以公开谴责的决定,2002/7/2,公开谴责,2001,"推迟披露,其他","推迟披露,其他"
37986_天津五洲联合合伙会计师事务所,955,欣龙控股,2003/12/31,2004/4/15,标准无保留意见,"王祖平,吴建成",天津五洲联合合伙会计师事务所,深.846,关于对岳阳恒立冷气设备股份有限公司等予以内部通报批评的决定,2004/3/18,内部批评,2002,"推迟披露,重大遗漏","推迟披露,重大遗漏"
38717_河北华安会计师事务所有限公司,958,东方能源,2005/12/31,2006/4/17,标准无保留意见,"张建文,李钰",河北华安会计师事务所有限公司,深.720,关于对石家庄东方热电股份有限公司及相关当事人给予处分的决定,2006/7/19,交易所通报批评,2005,"推迟披露,占用公司资产,其他","推迟披露,占用公司资产,其他"
37256_云南亚太会计师事务所有限公司,960,锡业股份,2001/12/31,2002/3/29,标准无保留意见,"王解妹,李文群",云南亚太会计师事务所有限公司,深.977,关于对长春北方五环实业股份有限公司等十三家上市公司予以内部通报批评的决定,2002/5/31,内部批评,2001,"重大遗漏,其他","重大遗漏,其他"
37256_浙江天健会计师事务所有限责任公司,963,华东医药,2001/12/31,2002/3/19,标准无保留意见,,浙江天健会计师事务所有限责任公司,深.976,关于对长春北方五环实业股份有限公司等十三家上市公司予以内部通报批评的决定,2002/5/31,内部批评,2001,"重大遗漏,其他","重大遗漏,其他"
36891_湖北大信发展会计师事务所,966,长源电力,2000/12/31,2001/3/14,标准无保留意见,"胡勇,张丹凤",湖北大信发展会计师事务所,深.1094,关于对广西康达（集团）股份有限公司等公司予以内部批评的决定,2001/7/3,内部批评,2000,"推迟披露,重大遗漏,占用公司资产,其他","推迟披露,重大遗漏,占用公司资产,其他"
36891_山西天元会计师事务所(有限公司),968,蓝焰控股,2000/12/31,2001/2/21,标准无保留意见,"张兴发,李建勋",山西天元会计师事务所(有限公司),深.1093,关于对广西康达（集团）股份有限公司等公司予以内部批评的决定,2001/7/3,内部批评,2000,"推迟披露,重大遗漏,占用公司资产,其他","推迟披露,重大遗漏,占用公司资产,其他"
40178_武汉众环会计师事务所有限责任公司,971,高升控股,2009/12/31,2010/4/15,标准无保留意见,"谢峰,黄F雁",武汉众环会计师事务所有限责任公司,证.688,中国证监会行政处罚决定书（湖北迈亚叶金堂等14名责任人员）,2010/2/11,,2000,"虚假记载(误导性陈述),重大遗漏,占用公司资产","虚假记载(误导性陈述),重大遗漏,占用公司资产"
41274_利安达会计师事务所有限责任公司,972,*ST中基,2012/12/31,2013/4/23,无保留意见加事项段,"孟昭峰,王吉庆",利安达会计师事务所有限责任公司,深.398,关于对新疆中基实业股份有限公司及相关当事人给予处分的决定,2013/6/28,公开谴责,2006,重大遗漏,虚假记载
40908_山东正源和信有限责任会计师事务所,977,浪潮信息,2011/12/31,2012/4/9,标准无保留意见,"王晓楠,徐士诚",山东正源和信有限责任会计师事务所,深.438,关于对浪潮电子信息产业股份有限公司及相关当事人给予处分的决定,2012/7/11,交易所通报批评,2007,"推迟披露,重大遗漏,其他","推迟披露,重大遗漏,其他"
40178_深圳市鹏城会计师事务所有限公司,979,中弘股份,2009/12/31,2010/1/13,无保留意见加事项段,"刘勇,陈浩",深圳市鹏城会计师事务所有限公司,证.679,中国证监会行政处罚决定书（科苑集团、吴立平、周润南）,2010/4/6,,2001,"虚假记载(误导性陈述),推迟披露,重大遗漏","虚假记载(误导性陈述),推迟披露,重大遗漏"
37256_安徽华普会计师事务所,980,众泰汽车,2001/12/31,2002/4/21,保留意见加说明段,"朱宗瑞,张良文",安徽华普会计师事务所,深.952,关于对通化金马药业集团股份有限公司等六家公司予以公开谴责的决定,2002/7/2,公开谴责,2001,"推迟披露,其他","推迟披露,其他"
39447_北京五联方圆会计师事务所有限公司,981,银亿股份,2007/12/31,2008/4/15,无法发表意见,"刘志文,张亚兵",北京五联方圆会计师事务所有限公司,证.753,中国证监会行政处罚决定书（兰光科技路有志等16名责任人员）,2008/12/11,,2005,"推迟披露,重大遗漏,占用公司资产","推迟披露,重大遗漏,占用公司资产"
36891_五联联合会计师事务所有限公司,982,*ST 中绒,2000/12/31,2001/3/20,标准无保留意见,"司建军,张文君",五联联合会计师事务所有限公司,深.1091,关于对广西康达（集团）股份有限公司等公司予以内部批评的决定,2001/7/3,内部批评,2000,"推迟披露,重大遗漏,占用公司资产,其他","推迟披露,重大遗漏,占用公司资产,其他"
36891_厦门天健华天有限责任会计师事务所,993,闽东电力,2000/12/31,2001/2/27,标准无保留意见,"汤金木,刘维",厦门天健华天有限责任会计师事务所,深.1090,关于对广西康达（集团）股份有限公司等公司予以内部批评的决定,2001/7/3,内部批评,2000,"推迟披露,重大遗漏,占用公司资产,其他","推迟披露,重大遗漏,占用公司资产,其他"
37256_五联联合会计师事务所有限公司,995,皇台酒业,2001/12/31,2002/3/23,标准无保留意见,"刘永忠,张四海",五联联合会计师事务所有限公司,深.975,关于对长春北方五环实业股份有限公司等十三家上市公司予以内部通报批评的决定,2002/5/31,内部批评,2001,"重大遗漏,其他","重大遗漏,其他"
36891_武汉众环会计师事务所有限责任公司,996,中国中期,2000/12/31,2001/3/26,标准无保留意见,"胡家望,吴杰",武汉众环会计师事务所有限责任公司,深.1089,关于对广西康达（集团）股份有限公司等公司予以内部批评的决定,2001/7/3,内部批评,2000,"推迟披露,重大遗漏,占用公司资产,其他","推迟披露,重大遗漏,占用公司资产,其他"
37256_深圳大华天诚会计师事务所,999,华润三九,2001/12/31,2002/4/19,保留意见加说明段,,深圳大华天诚会计师事务所,证.1006,中国证券监督管理委员会行政处罚决定书（三九医药及相关人员）,2002/7/4,,1999,"虚假记载(误导性陈述),推迟披露,重大遗漏","虚假记载(误导性陈述),推迟披露,重大遗漏"
36891_四川华信(集团)会计师事务所有限责任公司,1696,宗申动力,2000/12/31,2001/3/25,保留意见,"陈更生,何均",四川华信(集团)会计师事务所有限责任公司,深.1059,关于对成都宗申联益实业股份有限公司等21家公司予以内部通报批评的决定,2001/10/30,内部批评,2001,"推迟披露,违规担保","推迟披露,违规担保"
39813_江苏天衡会计师事务所有限公司,2002,鸿达兴业,2008/12/31,2009/4/28,无法发表意见,"汤加全,吴抱军",江苏天衡会计师事务所有限公司,深.608,关于对江苏琼花高科技股份有限公司及相关当事人给予处分的决定,2009/2/17,公开谴责,2006,违规担保,违规担保
38717_信永中和会计师事务所,2005,德豪润达,2005/12/31,2006/4/22,保留意见,"祝小兰,詹军",信永中和会计师事务所,深.717,关于对广东德豪润达电气股份有限公司及相关当事人给予通报批评处分的决定,2006/8/14,通报批评,2004,虚构利润,虚构利润
39082_江苏公证会计师事务所有限公司,2015,霞客环保,2006/12/31,2007/2/4,标准无保留意见,"柏凌菁,王翔",江苏公证会计师事务所有限公司,深.699,关于对江苏霞客环保色纺股份公司及相关当事人给予公开谴责的决定,2007/4/26,公开谴责,2004,nonexist,推迟披露
39447_立信会计师事务所有限公司,2021,中捷资源,2007/12/31,2008/4/28,无保留意见加事项段,"周琪,田华",立信会计师事务所有限公司,证.772,中国证监会行政处罚决定书（中捷股份、蔡开坚、唐为斌）,2008/6/24,,2006,"虚假记载(误导性陈述),重大遗漏,占用公司资产","虚假记载(误导性陈述),重大遗漏,占用公司资产"
40908_深圳市鹏城会计师事务所有限公司,2052,同洲电子,2011/12/31,2012/4/10,标准无保留意见,"覃业庆,赵卫国",深圳市鹏城会计师事务所有限公司,深.427,关于对深圳市同洲电子股份有限公司及相关当事人给予通报批评处分的决定,2012/9/19,通报批评,2008,虚假记载(误导性陈述),虚构利润
40908_深圳市鹏城会计师事务所有限公司,2060,粤 水 电,2011/12/31,2012/3/27,标准无保留意见,"朱文岳,郑宏权",深圳市鹏城会计师事务所有限公司,深.440,关于对广东水电二局股份有限公司及相关当事人给予通报批评处分的决定,2012/5/29,通报批评,2009,"重大遗漏,其他","重大遗漏,其他"
39082_山东正源和信有限责任会计师事务所,2072,凯瑞德,2006/12/31,2007/4/20,标准无保留意见,,山东正源和信有限责任会计师事务所,深.687,关于对山东德棉股份有限公司及相关当事人给予处分的决定,2007/6/20,通报批评,2006,"重大遗漏,违规担保","重大遗漏,违规担保"
39082_山东正源和信有限责任会计师事务所,2078,太阳纸业,2006/12/31,2007/4/12,标准无保留意见,"江涛,刘景英",山东正源和信有限责任会计师事务所,深.686,关于对山东太阳纸业股份有限公司及相关当事人给予处分的决定,2007/6/20,通报批评,2007,nonexist,违规担保
42369_中兴财光华会计师事务所(特殊普通合伙),2102,冠福股份,2015/12/31,2016/4/17,标准无保留意见,"孙国伟,许洪磊",中兴财光华会计师事务所(特殊普通合伙),深.178,关于对福建冠福现代家用股份有限公司及相关当事人给予通报批评处分的决定,2016/7/14,通报批评,2015,"虚假记载(误导性陈述),推迟披露","虚假记载(误导性陈述),推迟披露"
39447_北京天华中兴会计师事务所有限公司,2109,兴化股份,2007/12/31,2008/3/5,标准无保留意见,"张福建,赵海滨",北京天华中兴会计师事务所有限公司,深.650,关于对陕西兴化化学股份有限公司及相关当事人给予处分的决定,2008/2/18,通报批评,2007,"虚假记载(误导性陈述),推迟披露,重大遗漏","虚假记载(误导性陈述),推迟披露,重大遗漏"
41639_中准会计师事务所(特殊普通合伙),2118,紫鑫药业,2013/12/31,2014/2/24,保留意见,"韩波,支力",中准会计师事务所(特殊普通合伙),证.431,中国证监会行政处罚决定书（紫鑫药业股份有限公司、郭春生、曹恩辉等9名责任人）,2014/2/13,,2010,重大遗漏,重大遗漏
40178_深圳市鹏城会计师事务所有限公司,2175,东方网络,2009/12/31,2010/4/22,标准无保留意见,"覃业庆,周香萍",深圳市鹏城会计师事务所有限公司,深.508,关于对桂林广陆数字测控股份有限公司及相关当事人给予处分的决定,2010/12/13,通报批评,2008,推迟披露,推迟披露
39813_毕马威华振会计师事务所,2183,怡 亚 通,2008/12/31,2009/4/27,标准无保留意见,"李婉薇,胡建",毕马威华振会计师事务所,深.567,关于对怡亚通及相关当事人通报批评的决定,2009/11/26,通报批评,2007,nonexist,重大遗漏
42004_立信会计师事务所(特殊普通合伙),2189,利达光电,2014/12/31,2015/3/25,标准无保留意见,"刘金进,陈佳",立信会计师事务所(特殊普通合伙),深.284,关于对利达光电股份有限公司相关当事人给予通报批评处分的决定,2015/3/27,通报批评,2013,"推迟披露,占用公司资产","推迟披露,占用公司资产"
40178_立信会计师事务所有限公司,2193,如意集团,2009/12/31,2010/4/16,标准无保留意见,,立信会计师事务所有限公司,深.530,关于对海通证券股份有限公司宋立民和王新给予处分的决定,2010/9/7,通报批评,2009,nonexist,虚假记载
42369_立信会计师事务所(特殊普通合伙),2199,东晶电子,2015/12/31,2016/4/21,标准无保留意见,"沈利刚,姚丽强",立信会计师事务所(特殊普通合伙),深.124,关于对浙江东晶电子股份有限公司及相关当事人,2016/12/12,通报批评,2012,nonexist,违规担保
40178_中审亚太会计师事务所有限公司,2200,云投生态,2009/12/31,2010/4/29,保留意见加事项段,"方自维,刘蓉晖",中审亚太会计师事务所有限公司,深.537,关于对华泰联合证券有限责任公司李迅冬和黎海祥给予处分的决定,2010/7/12,通报批评,2008,nonexist,虚假记载
40543_深圳市鹏城会计师事务所有限公司,2235,安妮股份,2010/12/31,2011/4/25,无保留意见加事项段,"李萍,彭中",深圳市鹏城会计师事务所有限公司,证.603,中国证监会行政处罚决定书（安妮股份、张杰等4名责任人员）,2011/9/9,,2008,虚构利润,虚构利润
42369_山东和信会计师事务所(特殊普通合伙),2237,恒邦股份,2015/12/31,2016/4/26,无保留意见加事项段,"刘学伟,王丽敏",山东和信会计师事务所(特殊普通合伙),深.168,关于对山东恒邦冶炼股份有限公司及相关当事人给予处分的决定,2016/8/18,公开谴责,2013,"推迟披露,重大遗漏,占用公司资产,一般会计处理不当","推迟披露,重大遗漏,占用公司资产,一般会计处理不当"
41274_广东正中珠江会计师事务所有限公司,2240,威华股份,2012/12/31,2013/4/17,标准无保留意见,"熊永忠,王旭彬",广东正中珠江会计师事务所有限公司,深.389,关于对广东威华股份有限公司及相关当事人给予通报批评处分的决定,2013/7/25,通报批评,2012,占用公司资产,占用公司资产
42004_立信会计师事务所(特殊普通合伙),2260,德奥通航,2014/12/31,2015/2/9,标准无保留意见,"顾燕君,谢晖",立信会计师事务所(特殊普通合伙),深.275,关于对广东伊立浦电器股份有限公司及相关当事人给予通报批评处分的决定,2015/6/15,通报批评,2014,推迟披露,推迟披露
39813_立信会计师事务所有限公司,2263,大 东 南,2008/12/31,2009/2/15,标准无保留意见,"戴定毅,王士玮",立信会计师事务所有限公司,深.589,深证上[2009]043号-关于对浙江大东南包装股份有限公司及相关当事人通报批评的决定,2009/6/2,通报批评,2008,"重大遗漏,占用公司资产","重大遗漏,占用公司资产"
42369_天健会计师事务所(特殊普通合伙),2264,新 华 都,2015/12/31,2016/4/18,无保留意见加事项段,"陈祖珍,骆建新",天健会计师事务所(特殊普通合伙),深.159,关于对新华都购物广场股份有限公司及相关当事人给予通报批评处分的决定,2016/9/9,通报批评,2011,"推迟披露,一般会计处理不当,其他","推迟披露,一般会计处理不当,其他"
42004_立信会计师事务所(特殊普通合伙),2306,*ST云网,2014/12/31,2015/4/27,无法发表意见,"廖家河,段奇",立信会计师事务所(特殊普通合伙),证.270,中国证监会行政处罚决定书（中科云网科技集团股份有限公司、孟凯、詹毓倩等19名责任人员）,2015/12/2,,2012,nonexist,虚假记载
42004_瑞华会计师事务所(特殊普通合伙),2316,键桥通讯,2014/12/31,2015/4/14,标准无保留意见,"李泽浩,饶世旗",瑞华会计师事务所(特殊普通合伙),深.245,关于对深圳键桥通讯技术股份有限公司及相关当事人给予通报批评处分的决定,2015/9/7,通报批评,2009,"虚假记载(误导性陈述),推迟披露","虚假记载(误导性陈述),推迟披露"
42735_众华会计师事务所(特殊普通合伙),2323,雅百特,2016/12/31,2017/4/28,无保留意见加事项段,"孙勇,顾洁",众华会计师事务所(特殊普通合伙),证.14,中国证监会行政处罚决定书（江苏雅百特科技股份有限公司、陆永、顾彤莉等21名责任人员）,2017/12/14,,2015,"虚构利润,虚假记载(误导性陈述)","虚构利润,虚假记载(误导性陈述)"
42369_大华会计师事务所(特殊普通合伙),2330,得利斯,2015/12/31,2016/3/14,标准无保留意见,"殷宪锋,徐利君",大华会计师事务所(特殊普通合伙),深.117,关于对大华会计师事务所（特殊普通合伙）注册会计师殷宪锋、徐利君给予通报批评处分的决定,2016/12/28,公开谴责,2014,nonexist,占用公司资产
42004_立信会计师事务所(特殊普通合伙),2336,人人乐,2014/12/31,2015/4/24,无保留意见加事项段,"宣宜辰,杨艳",立信会计师事务所(特殊普通合伙),深.244,关于对人人乐连锁商业集团股份有限公司及相关当事人给予通报批评处分的决定,2015/9/14,通报批评,2012,虚假记载(误导性陈述),虚假记载(误导性陈述)
41274_致同会计师事务所(特殊普通合伙),2362,汉王科技,2012/12/31,2013/3/15,无保留意见加事项段,"冯万奇,张镝",致同会计师事务所(特殊普通合伙),证.457,中国证监会行政处罚决定书（汉王科技股份有限公司、刘迎建、张学军）,2013/12/12,,2009,nonexist,推迟披露
40908_中审国际会计师事务所有限公司,2388,新亚制程,2011/12/31,2012/4/19,标准无保留意见,"刘四兵,张明祥",中审国际会计师事务所有限公司,深.429,关于对深圳市新亚电子制程股份有限公司及相关当事人给予通报批评处分的决定,2012/9/10,通报批评,2010,nonexist,占用公司资产
41639_毕马威华振会计师事务所(特殊普通合伙),2422,科伦药业,2013/12/31,2014/4/24,保留意见,"虞晓钧,万姝",毕马威华振会计师事务所(特殊普通合伙),证.402,中国证监会行政处罚决定书（四川科伦药业股份有限公司、刘革新、程志鹏等12名责任人）,2014/5/21,,2010,"虚假记载(误导性陈述),重大遗漏","虚假记载(误导性陈述),重大遗漏"
42369_立信会计师事务所(特殊普通合伙),2506,协鑫集成,2015/12/31,2016/4/24,标准无保留意见,"封磊,石敏",立信会计师事务所(特殊普通合伙),深.215,关于对上海超日太阳能科技股份有限公司及相关当事人给予纪律处分的决定,2016/2/4,公开谴责,2011,"虚构利润,重大遗漏,披露不实(其它),一般会计处理不当","虚构利润,重大遗漏,披露不实(其它),一般会计处理不当"
42735_致同会计师事务所(特殊普通合伙),2509,天广中茂,2016/12/31,2017/4/22,标准无保留意见,"陈连锋,江辉",致同会计师事务所(特殊普通合伙),深.60,关于对天广中茂股份有限公司及相关当事人给予通报批评处分的决定,2017/8/24,通报批评,2016,"推迟披露,占用公司资产,其他","推迟披露,占用公司资产,其他"
42735_立信会计师事务所(特殊普通合伙),2565,顺灏股份,2016/12/31,2017/4/19,标准无保留意见,"张勇,沈斌",立信会计师事务所(特殊普通合伙),深.111,关于对上海顺灏新材料科技股份有限公司及相关当事人给予通报批评处分的决定,2017/1/5,通报批评,2012,"占用公司资产,推迟披露,重大遗漏","占用公司资产,推迟披露,重大遗漏"
41639_立信会计师事务所(特殊普通合伙),2569,步森股份,2013/12/31,2014/4/16,标准无保留意见,"沈建林,凌燕,范丽虹",立信会计师事务所(特殊普通合伙),深.326,关于对浙江步森服饰股份有限公司及相关当事人给予通报批评处分的决定,2014/7/9,通报批评,2013,"推迟披露,占用公司资产","推迟披露,占用公司资产"
42369_天衡会计师事务所(特殊普通合伙),2608,江苏国信,2015/12/31,2016/4/28,无保留意见加事项段,"骆竞,何玉勤",天衡会计师事务所(特殊普通合伙),深.225,关于对江苏舜天船舶股份有限公司及相关当事人给予通报批评处分的决定,2016/1/19,通报批评,2009,虚构利润,虚构利润
42004_立信会计师事务所(特殊普通合伙),2617,露笑科技,2014/12/31,2015/4/16,标准无保留意见,"沈建林,蔡畅,陈连杰",立信会计师事务所(特殊普通合伙),深.273,关于对露笑科技股份有限公司及相关当事人给予公开谴责处分的决定,2015/6/18,公开谴责,2012,"推迟披露,擅自改变资金用途,占用公司资产","推迟披露,擅自改变资金用途,占用公司资产"
42004_瑞华会计师事务所(特殊普通合伙),2638,勤上股份,2014/12/31,2015/4/28,标准无保留意见,"刘涛,辛自华",瑞华会计师事务所(特殊普通合伙),深.255,关于对东莞勤上光电股份有限公司及相关当事人给予处分的决定,2015/8/17,公开谴责,2013,"推迟披露,占用公司资产","推迟披露,占用公司资产"
41274_天健会计师事务所(特殊普通合伙),2647,民盛金科,2012/12/31,2013/4/23,无保留意见加事项段,"陈曙,黄元喜",天健会计师事务所(特殊普通合伙),深.400,关于对浙江宏磊铜业股份有限公司及相关当事人给予处分的决定,2013/6/6,公开谴责,2012,"重大遗漏,占用公司资产","重大遗漏,占用公司资产"
42004_中勤万信会计师事务所(特殊普通合伙),2694,顾地科技,2014/12/31,2015/4/28,无保留意见加事项段,"陈海艳,王永新",中勤万信会计师事务所(特殊普通合伙),深.272,关于对顾地科技及相关当事人给予处分的决定,2015/6/19,通报批评,2013,nonexist,占用公司资产
42735_中喜会计师事务所(特殊普通合伙),2715,登云股份,2016/12/31,2017/4/27,无保留意见加事项段,"苏志军,王会栓",中喜会计师事务所(特殊普通合伙),深.29,关于对怀集登云汽配股份有限公司及相关当事人给予处分的决定,2017/11/7,公开谴责,2010,"虚假记载(误导性陈述),重大遗漏,一般会计处理不当,其他","虚假记载(误导性陈述),重大遗漏,一般会计处理不当,其他"
39082_天健华证中洲(北京)会计师事务所有限公司,200041,*ST本实B(退市),2006/12/31,2007/4/25,无法发表意见,"马静,刘要红",天健华证中洲(北京)会计师事务所有限公司,证.805,中国证监会行政处罚决定书（深本实及黄先锋、周家宸等人）,2007/9/29,,1996,重大遗漏,重大遗漏
36891_中天勤会计师事务所,200054,建车B,2000/12/31,2001/3/26,无保留意见加说明段,"朱子武,郑有怀",中天勤会计师事务所,深.1116,关于对广西康达（集团）股份有限公司等公司予以内部批评的决定,2001/7/3,内部批评,2000,"推迟披露,重大遗漏,占用公司资产,其他","推迟披露,重大遗漏,占用公司资产,其他"
42369_中兴华会计师事务所(特殊普通合伙),300028,金亚科技,2015/12/31,2016/4/28,无法发表意见,"康辉,倪孙泉",中兴华会计师事务所(特殊普通合伙),深.188,关于对金亚科技股份有限公司及相关当事人给予纪律处分的决定,2016/5/18,公开谴责,2014,"虚构利润,占用公司资产,其他","虚构利润,占用公司资产,其他"
42369_天衡会计师事务所(特殊普通合伙),300029,天龙光电,2015/12/31,2016/4/26,无保留意见加事项段,"宋朝晖,葛惠平",天衡会计师事务所(特殊普通合伙),深.197,关于对江苏华盛天龙光电设备股份有限公司及相关当事人给予公开谴责处分的决定,2016/5/9,公开谴责,2015,占用公司资产,占用公司资产
42735_立信会计师事务所(特殊普通合伙),300056,三维丝,2016/12/31,2017/4/27,无法发表意见,"葛晓萍,李普崎",立信会计师事务所(特殊普通合伙),深.27,关于对厦门三维丝环保股份有限公司及相关当事人给予纪律处分的决定,2017/11/16,公开谴责,2016,"一般会计处理不当,其他","一般会计处理不当,其他"
41639_中审亚太会计师事务所(特殊普通合伙),300086,康芝药业,2013/12/31,2014/4/11,标准无保留意见,"雷小玲,吴丽瑜",中审亚太会计师事务所(特殊普通合伙),深.318,关于对海南康芝药业股份有限公司及相关当事人给予通报批评处分的决定,2014/8/18,通报批评,2011,虚假记载(误导性陈述),虚假记载(误导性陈述)
42369_中审华寅五洲会计师事务所(特殊普通合伙),300090,盛运环保,2015/12/31,2016/3/30,标准无保留意见,"梁筱芳,金益平",中审华寅五洲会计师事务所(特殊普通合伙),深.140,关于对安徽盛运环保（集团）股份有限公司及相关当事人给予通报批评处分的决定,2016/11/3,通报批评,2015,nonexist,推迟披露
42735_中准会计师事务所(特殊普通合伙),300117,嘉寓股份,2016/12/31,2017/4/18,标准无保留意见,"王健,王霞",中准会计师事务所(特殊普通合伙),深.37,关于对北京嘉寓门窗幕墙股份有限公司及有关当事人给予纪律处分的决定,2017/10/25,公开谴责,2010,nonexist,虚假记载
40908_利安达会计师事务所有限责任公司,300158,振东制药,2011/12/31,2012/4/24,标准无保留意见,"吴文辉,杨敢林",利安达会计师事务所有限责任公司,深.442,关于对山西振东制药股份有限公司及相关当事人给予处分的决定,2012/5/25,通报批评,2011,占用公司资产,占用公司资产
42004_大华会计师事务所(特殊普通合伙),300167,迪威迅,2014/12/31,2015/4/20,标准无保留意见,"龚晨艳,张晓义",大华会计师事务所(特殊普通合伙),深.253,关于对深圳市迪威视讯股份有限公司及相关当事人给予通报批评的决定,2015/8/25,通报批评,2010,虚假记载(误导性陈述),虚假记载(误导性陈述)
41639_亚太(集团)会计师事务所(特殊普通合伙),300277,海联讯,2013/12/31,2014/4/29,无保留意见加事项段,"王季民,汪红宁",亚太(集团)会计师事务所(特殊普通合伙),深.306,关于对深圳海联讯科技股份有限公司及相关当事人给予公开谴责的决定,2014/10/20,公开谴责,2010,"虚假记载(误导性陈述),一般会计处理不当","虚假记载(误导性陈述),一般会计处理不当"
42369_华普天健会计师事务所(特殊普通合伙),300372,欣泰退,2015/12/31,2016/4/25,无法发表意见,孙明昊,华普天健会计师事务所(特殊普通合伙),深.190,关于对丹东欣泰电气股份有限公司及相关当事人给予公开谴责处分的决定,2016/5/18,公开谴责,2015,"占用公司资产,其他","占用公司资产,其他"
41274_北京兴华会计师事务所有限责任公司,600005,武钢股份,2012/12/31,2013/4/25,标准无保留意见,"张兴云,张卫东",北京兴华会计师事务所有限责任公司,上.610,关于给予武汉钢铁股份有限公司董事、原总经理彭辰等通报批评的决定,2013/7/19,通报批评,2012,推迟披露,推迟披露
41274_立信会计师事务所(特殊普通合伙),600006,东风汽车,2012/12/31,2013/3/22,标准无保留意见,"郭兆刚,刘会斌",立信会计师事务所(特殊普通合伙),上.593,关于对东风汽车股份有限公司和财务负责人危雯、董事会秘书张新峰予以通报批评的决定,2013/11/22,通报批评,2012,推迟披露,推迟披露
37256_北京中洲光华会计师事务所有限公司,600066,宇通客车,2001/12/31,2002/2/23,标准无保留意见,"陈启勇,赛保国",北京中洲光华会计师事务所有限公司,证.1005,中国证券监督管理委员会行政处罚决定书（宇通公司及相关人员）,2002/10/10,,1999,"虚列资产,虚假记载(误导性陈述)","虚列资产,虚假记载(误导性陈述)"
37986_亚太(集团)会计师事务所有限公司,600069,银鸽投资,2003/12/31,2004/3/22,标准无保留意见,"陈其锁,侯梅生",亚太(集团)会计师事务所有限公司,证.944,中国证券监督管理委员会行政处罚决定书（银鸽投资及相关人员）,2004/7/27,,1998,"虚假记载(误导性陈述),出资违规,其他","虚假记载(误导性陈述),出资违规,其他"
42735_天健会计师事务所(特殊普通合伙),600070,浙江富润,2016/12/31,2017/3/17,标准无保留意见,"毛莉,石斌全",天健会计师事务所(特殊普通合伙),上.89,关于对浙江富润股份有限公司及有关责任人予以监管关注的决定,2017/9/13,监管关注,2016,nonexist,占用资金
42004_中兴华会计师事务所(特殊普通合伙),600076,康欣新材,2014/12/31,2015/3/27,无保留意见加事项段,"谢维,韩靖",中兴华会计师事务所(特殊普通合伙),证.344,中国证监会行政处罚决定书（潍坊北大青鸟华光科技股份有限公司、周燕军、许振东等15名责任人）,2015/4/8,,2012,"虚构利润,重大遗漏","虚构利润,重大遗漏"
37986_天津五洲联合会计师事务所,600090,同济堂,2003/12/31,,无保留意见加事项段,"宋岩,胡斌",天津五洲联合会计师事务所,证.948,中国证券监督管理委员会行政处罚决定书（新疆啤酒花及相关人员）,2004/6/9,,2003,推迟披露,推迟披露
42369_北京天圆全会计师事务所(特殊普通合伙),600093,禾嘉股份,2015/12/31,2016/4/22,标准无保留意见,"魏强,高丽华",北京天圆全会计师事务所(特殊普通合伙),上.251,关于对四川禾嘉股份有限公司和董事会秘书徐德智予以监管关注的决定,2016/7/1,监管关注,2015,"推迟披露,其他","推迟披露,其他"
42004_中准会计师事务所(特殊普通合伙),600095,哈高科,2014/12/31,2015/3/23,标准无保留意见,"蔡伟,马雷",中准会计师事务所(特殊普通合伙),上.389,关于对哈尔滨高科技(集团)股份有限公司 和有关责任人予以监管关注的决定,2015/7/14,监管关注,2013,nonexist,推迟披露
39082_中瑞华恒信会计师事务所,600101,明星电力,2006/12/31,2007/4/26,标准无保留意见,"杨晓辉,唐胜",中瑞华恒信会计师事务所,证.809,中国证监会行政处罚决定书（明星电力）,2007/9/24,,2004,推迟披露,推迟披露
42369_大华会计师事务所(特殊普通合伙),600120,浙江东方,2015/12/31,2016/3/14,标准无保留意见,"胡超,祝宗善",大华会计师事务所(特殊普通合伙),上.205,关于对浙江东方集团股份有限公司及有关责任人予以通报批评的决定,2016/11/3,通报批评,2013,"虚构利润,占用公司资产","虚构利润,占用公司资产"
37621_湖南开元有限责任会计师事务所,600127,金健米业,2002/12/31,2003/4/25,标准无保留意见,"曹国强,杨迪航",湖南开元有限责任会计师事务所,证.975,中国证券监督管理委员会行政处罚决定书（金健米业及相关人员）,2003/12/26,,1998,"虚构利润,重大遗漏","虚构利润,重大遗漏"
42004_天健会计师事务所(特殊普通合伙),600129,太极集团,2014/12/31,2015/3/18,标准无保留意见,"龙文虎,弋守川",天健会计师事务所(特殊普通合伙),上.410,关于对重庆太极实业（集团）股份有限公司、太极集团有限公司和有关责任人予以监管关注的决定,2015/5/19,监管关注,2014,nonexist,违规担保
37986_四川华信(集团)会计师事务所有限责任公司,600137,浪莎股份,2003/12/31,2004/2/12,保留意见加事项段,,四川华信(集团)会计师事务所有限责任公司,证.965,中国证券监督管理委员会行政处罚决定书（四川长江包装及相关人员）,2004/1/21,,2000,推迟披露,推迟披露
40178_天健正信会计师事务所有限公司,600145,*ST新亿,2009/12/31,2010/4/28,保留意见加事项段,"龙文虎,张凯",天健正信会计师事务所有限公司,证.680,中国证监会行政处罚决定书（四维控股、雷刚等11名责任人员）,2010/4/6,,2001,推迟披露,推迟披露
42004_中兴财光华会计师事务所(特殊普通合伙),600146,商赢环球,2014/12/31,2015/4/29,无保留意见加事项段,"张培军,杜会冉",中兴财光华会计师事务所(特殊普通合伙),证.331,中国证监会行政处罚决定书（宁夏大元化工股份有限公司、邓永新、洪金益等5名责任人员）,2015/7/14,,2012,nonexist,重大遗漏
42735_信永中和会计师事务所(特殊普通合伙),600156,华升股份,2016/12/31,2017/3/21,标准无保留意见,"孙益文,刘辉",信永中和会计师事务所(特殊普通合伙),上.70,关于对湖南华升股份有限公司及有关责任人予以监管关注的决定,2017/10/27,监管关注,2016,占用公司资产,占用公司资产
40178_北京兴华会计师事务所有限责任公司,600159,大龙地产,2009/12/31,2010/1/22,标准无保留意见,"吴亦忻,张恩军",北京兴华会计师事务所有限责任公司,证.645,中国证监会行政处罚决定书（华夏建通、方林、尚智勇等11名责任人员）,2010/12/9,,2003,"虚构利润,虚假记载(误导性陈述),推迟披露,重大遗漏","虚构利润,虚假记载(误导性陈述),推迟披露,重大遗漏"
42369_立信会计师事务所(特殊普通合伙),600170,上海建工,2015/12/31,2016/3/24,标准无保留意见,"钱志昂,何旭春",立信会计师事务所(特殊普通合伙),上.271,关于对上海建工集团股份有限公司和董事会秘书李胜予以监管关注的决定,2016/5/17,监管关注,2015,"推迟披露,其他","推迟披露,其他"
39447_山东正源和信有限责任会计师事务所,600180,瑞茂通,2007/12/31,2008/6/23,保留意见,"毕建华,单英明",山东正源和信有限责任会计师事务所,证.769,中国证监会行政处罚决定书（九发股份、蒋少庆等8名责任人员）,2008/7/14,,2005,"虚构利润,虚假记载(误导性陈述),重大遗漏","虚构利润,虚假记载(误导性陈述),重大遗漏"
41639_亚太(集团)会计师事务所(特殊普通合伙),600186,莲花健康,2013/12/31,2014/4/27,保留意见,"马凤菊,宋新军",亚太(集团)会计师事务所(特殊普通合伙),证.404,中国证监会行政处罚决定书（河南莲花味精股份有限公司、郑献锋、高君等20名责任人）,2014/5/21,,2006,nonexist,虚构利润
42004_瑞华会计师事务所(特殊普通合伙),600189,吉林森工,2014/12/31,2015/4/21,标准无保留意见,"冯嵩,刘华恩",瑞华会计师事务所(特殊普通合伙),上.351,关于对吉林森林工业股份有限公司及有关责任人予以通报批评的决定,2015/11/10,通报批评,2014,推迟披露,推迟披露
39447_北京立信会计师事务所有限公司,600198,大唐电信,2007/12/31,2008/2/26,标准无保留意见,"张文荣,谢栋清",北京立信会计师事务所有限公司,证.777,中国证监会行政处罚决定书（大唐电信、周寰等20名责任人员）,2008/5/7,,2004,"虚构利润,虚假记载(误导性陈述),重大遗漏","虚构利润,虚假记载(误导性陈述),重大遗漏"
41274_众环海华会计师事务所有限公司,600238,海南椰岛,2012/12/31,2013/4/25,标准无保留意见,"汤家俊,曾科峰",众环海华会计师事务所有限公司,上.603,关于给予海南椰岛（集团）股份有限公司前董事长张春昌公开谴责的决定,2013/9/6,公开谴责,2007,"推迟披露,其他","推迟披露,其他"
41274_中磊会计师事务所有限责任公司,600247,*ST成城,2012/12/31,2013/3/4,标准无保留意见,"熊建辉,李晓敏",中磊会计师事务所有限责任公司,上.608,关于给予吉林成城集团股份有限公司和时任董事长成卫文等有关责任人通报批评的决定,2013/9/5,通报批评,2011,"推迟披露,其他","推迟披露,其他"
40178_深圳鹏城会计师事务所有限公司,600249,两面针,2009/12/31,,标准无保留意见,"覃业庆,李萍",深圳鹏城会计师事务所有限公司,证.672,中国证监会行政处罚决定书（两面针、梁英奇等9名责任人员）,2010/5/26,,2003,虚构利润,虚构利润
41639_大信会计师事务所(特殊普通合伙),600250,南纺股份,2013/12/31,2014/4/24,标准无保留意见,"万方全,裴灿",大信会计师事务所(特殊普通合伙),证.411,中国证监会行政处罚决定书（南京纺织品进出口股份有限公司、单晓钟、丁杰等13名责任人）,2014/4/30,,2006,虚构利润,虚构利润
42369_立信会计师事务所(特殊普通合伙),600268,国电南自,2015/12/31,2016/3/24,标准无保留意见,"胡新,汪开明",立信会计师事务所(特殊普通合伙),上.312,关于对国电南京自动化股份有限公司和控股股东国家电力公司南京电力自动化设备总厂及相关责任人予以监管关注的决定,2016/1/20,监管关注,2013,其他,违规担保
39082_立信会计师事务所有限公司,600272,开开实业,2006/12/31,2007/4/26,无保留意见加事项段,,立信会计师事务所有限公司,证.827,中国证监会行政处罚决定书（上海开开实业及江玉森等人）,2007/3/6,,2003,"推迟披露,重大遗漏","推迟披露,重大遗漏"
40908_中勤万信会计师事务所有限公司,600275,*ST昌鱼,2011/12/31,2012/3/22,无保留意见加事项段,"叶忠辉,何煜鑫",中勤万信会计师事务所有限公司,证.582,中国证监会行政处罚决定书（ST昌鱼、翦英海、王晓东、吴迪真等10名责任人）,2012/2/3,,2006,"推迟披露,重大遗漏","推迟披露,重大遗漏"
41639_中勤万信会计师事务所(特殊普通合伙),600275,武昌鱼,2013/12/31,2014/4/22,无保留意见加事项段,"覃艳君,蹇小平",中勤万信会计师事务所(特殊普通合伙),上.503,关于对湖北武昌鱼股份有限公司及有关责任人予以监管关注的决定,2014/7/22,监管关注,2012,推迟披露,推迟披露
42735_中兴财光华会计师事务所(特殊普通合伙),600281,太化股份,2016/12/31,2017/4/27,无保留意见加事项段,"谭寿成,王亮",中兴财光华会计师事务所(特殊普通合伙),上.40,关于对太原化工股份有限公司时任董事会秘书贾晓亮予以监管关注的决定,2017/12/14,监管关注,2014,"虚构利润,虚假记载(误导性陈述),其他","虚构利润,虚假记载(误导性陈述),其他"
42369_江苏苏亚金诚会计师事务所(特殊普通合伙),600287,江苏舜天,2015/12/31,2016/3/18,标准无保留意见,"陈玉生,祁成兵",江苏苏亚金诚会计师事务所(特殊普通合伙),证.140,中国证监会行政处罚决定书（江苏舜天船舶股份有限公司、王军民、魏庆文等13名责任人员）,2016/10/24,,2013,"虚构利润,虚假记载(误导性陈述),推迟披露,重大遗漏","虚构利润,虚假记载(误导性陈述),推迟披露,重大遗漏"
41639_众环海华会计师事务所(特殊普通合伙),600293,三峡新材,2013/12/31,2014/4/10,标准无保留意见,"李建树,李维",众环海华会计师事务所(特殊普通合伙),上.486,关于对湖北三峡新型建材股份有限公司及有关责任人予以公开谴责并公开认定不适合担任上市公司董事、监事和高级管理人员的决定,2014/8/7,公开认定,2011,nonexist,虚构利润
42735_立信会计师事务所(特殊普通合伙),600300,维维股份,2016/12/31,2017/3/20,标准无保留意见,"郑晓东,徐志敏",立信会计师事务所(特殊普通合伙),上.81,关于对维维食品饮料股份有限公司及有关责任人予以通报批评的决定,2017/10/10,通报批评,2016,"推迟披露,重大遗漏","推迟披露,重大遗漏"
42004_大信会计师事务所(特殊普通合伙),600310,桂东电力,2014/12/31,2015/3/26,标准无保留意见,"陈菁佩,肖琳",大信会计师事务所(特殊普通合伙),上.415,关于对广西桂东电力股份有限公司监事莫运忠、岑晓明予以监管关注的决定,2015/4/29,监管关注,2010,"重大遗漏,其他","重大遗漏,其他"
39813_北京五联方圆会计师事务所有限公司,600311,荣华实业,2008/12/31,2009/4/16,标准无保留意见,"唐洪广,李宗义",北京五联方圆会计师事务所有限公司,证.715,中国证监会行政处罚决定书（荣华实业、张严德等20名责任人员）,2009/9/10,,2005,"虚假记载(误导性陈述),推迟披露,擅自改变资金用途","虚假记载(误导性陈述),推迟披露,擅自改变资金用途"
40908_山东正源和信有限责任会计师事务所,600319,亚星化学,2011/12/31,2012/4/26,保留意见加事项段,"张中峰,花建平",山东正源和信有限责任会计师事务所,证.576,中国证监会行政处罚决定书（山东鲁北化工、冯久田、袁金亮等14名责任人员）,2012/4/26,,2007,"虚假记载(误导性陈述),推迟披露,重大遗漏","虚假记载(误导性陈述),推迟披露,重大遗漏"
42369_中准会计师事务所(特殊普通合伙),600365,通葡股份,2015/12/31,2016/4/21,标准无保留意见,"韩波,刘昆",中准会计师事务所(特殊普通合伙),上.196,关于对通化葡萄酒股份有限公司及有关责任人予以通报批评的决定,2016/11/11,通报批评,2015,"重大遗漏,推迟披露,一般会计处理不当,其他","重大遗漏,推迟披露,一般会计处理不当,其他"
39813_武汉众环会计师事务所有限责任公司,600381,青海春天,2008/12/31,2009/1/22,无保留意见加事项段,"吴杰,黄晓华",武汉众环会计师事务所有限责任公司,证.698,中国证监会行政处罚决定书（贤成实业、黄贤优等9名责任人员）,2009/12/14,,2002,"推迟披露,重大遗漏","推迟披露,重大遗漏"
41274_山东正源和信有限责任会计师事务所,600385,山东金泰,2012/12/31,2013/4/24,无保留意见加事项段,"刘守堂,张中峰",山东正源和信有限责任会计师事务所,上.595,关于对山东和信会计师事务所（特殊普通合伙）会计师刘守堂、张中峰予以通报批评的决定,2013/11/1,通报批评,2003,nonexist,一般会计处理不当
42004_立信会计师事务所(特殊普通合伙),600408,*ST安泰,2014/12/31,2015/4/28,无保留意见加事项段,"张新发,于玮",立信会计师事务所(特殊普通合伙),上.381,关于对山西安泰集团股份有限公司独立董事李福林、白玉祥、张泽宇、罗滋、李挺和裴正予以监管关注的决定,2015/7/27,监管关注,2014,"重大遗漏,其他","重大遗漏,其他"
42004_大信会计师事务所(特殊普通合伙),600423,柳化股份,2014/12/31,2015/3/4,标准无保留意见,"李炜,陈鹏",大信会计师事务所(特殊普通合伙),上.401,关于对柳州化工股份有限公司及其直接控股股东、间接控股股东和有关责任人予以通报批评的决定,2015/7/6,通报批评,2014,其他,占用公司资产
42735_福建华兴会计师事务所(特殊普通合伙),600436,片仔癀,2016/12/31,2017/4/12,标准无保留意见,"童益恭,陈玉萍",福建华兴会计师事务所(特殊普通合伙),上.113,关于对漳州片仔癀药业股份有限公司和董事会秘书陈金城予以监管关注的决定,2017/7/18,监管关注,2016,"推迟披露,违规担保,其他","推迟披露,违规担保,其他"
41639_大华会计师事务所(特殊普通合伙),600446,金证股份,2013/12/31,2014/3/18,标准无保留意见,"周珊珊,蒋晓明",大华会计师事务所(特殊普通合伙),上.548,关于对深圳市金证科技股份有限公司董事长赵剑、董事杜宣及董事徐岷波予以监管关注的决定,2014/5/15,监管关注,2008,推迟披露,推迟披露
39813_重庆天健会计师事务所有限责任公司,600466,蓝光发展,2008/12/31,2009/2/25,标准无保留意见,"龙文虎,弋守川",重庆天健会计师事务所有限责任公司,证.724,中国证监会行政处罚决定书（迪康药业、曾雁鸣、孙继林）,2009/7/17,,2002,"虚假记载(误导性陈述),重大遗漏,披露不实(其它),占用公司资产","虚假记载(误导性陈述),重大遗漏,披露不实(其它),占用公司资产"
37986_福建华兴有限责任会计师事务所,600503,华丽家族,2003/12/31,2004/4/27,无法发表意见,"童益恭,张世珍",福建华兴有限责任会计师事务所,证.930,中国证券监督管理委员会行政处罚决定书（宏智科技及相关人员）,2004/10/8,,2002,"重大遗漏,一般会计处理不当","重大遗漏,一般会计处理不当"
39447_四川君和会计师事务所有限责任公司,600505,西昌电力,2007/12/31,2008/4/18,标准无保留意见,"贺军,鲍乐",四川君和会计师事务所有限责任公司,证.778,中国证监会行政处罚决定书（西昌电力、冯德荣等12名责任人员）,2008/4/23,,2003,"推迟披露,重大遗漏","推迟披露,重大遗漏"
42369_德勤华永会计师事务所(特殊普通合伙),600528,中铁二局,2015/12/31,2016/3/23,标准无保留意见,"干长如,肖静华",德勤华永会计师事务所(特殊普通合伙),上.267,关于对中铁二局股份有限公司和董事会秘书邓爱民予以监管关注的决定,2016/5/25,监管关注,2015,"推迟披露,其他","推迟披露,其他"
42004_立信会计师事务所(特殊普通合伙),600546,山煤国际,2014/12/31,2015/4/22,无保留意见加事项段,"肖勇,崔云刚",立信会计师事务所(特殊普通合伙),上.407,关于对山煤国际能源集团股份有限公司及其有关责任人予以监管关注的决定,2015/5/27,监管关注,2014,nonexist,违规担保
38352_天健会计师事务所有限公司,600551,时代出版,2004/12/31,2005/3/28,标准无保留意见,"童传江,何降星",天健会计师事务所有限公司,证.893,中国证监会行政处罚决定书（科大创新及陆晓明、陈宗海、张建生、张伟、田杰、苏俊、冯士芬、匡光力、潘忠孝、伍先达、马贤明）,2005/8/29,,2002,"虚构利润,虚假记载(误导性陈述)","虚构利润,虚假记载(误导性陈述)"
41639_大信会计师事务所(特殊普通合伙),600556,ST慧球,2013/12/31,2014/4/28,无保留意见加事项段,"樊娟华,宁光美",大信会计师事务所(特殊普通合伙),证.358,中国证监会行政处罚决定书（广西北生药业股份有限公司、刘俊奕、姚全等6名责任人）,2014/11/15,,2004,"虚构利润,虚假记载(误导性陈述),重大遗漏,占用公司资产,其他","虚构利润,虚假记载(误导性陈述),重大遗漏,占用公司资产,其他"
42004_天健会计师事务所(特殊普通合伙),600575,皖江物流,2014/12/31,2015/4/29,保留意见,"乔如林,卢冠群,杨文志",天健会计师事务所(特殊普通合伙),上.346,关于对安徽皖江物流（集团）股份有限公司和有关责任人予以纪律处分的决定,2015/11/19,公开认定,2012,nonexist,虚构利润
42369_中汇会计师事务所(特殊普通合伙),600576,万家文化,2015/12/31,2016/3/21,标准无保留意见,"谢贤庆,张滨滨",中汇会计师事务所(特殊普通合伙),上.203,关于对浙江万好万家文化股份有限公司及有关责任人予以通报批评的决定,2016/11/9,通报批评,2015,"披露不实(其它),重大遗漏,其他","披露不实(其它),重大遗漏,其他"
42735_立信会计师事务所(特殊普通合伙),600579,天华院,2016/12/31,2017/4/27,标准无保留意见,"杨宝萱,林盛",立信会计师事务所(特殊普通合伙),上.73,关于对青岛天华院化学工程股份有限公司及关联方和有关责任人予以通报批评的决定,2017/10/25,通报批评,2016,"推迟披露,擅自改变资金用途,占用公司资产","推迟披露,擅自改变资金用途,占用公司资产"
42004_北京兴华会计师事务所(特殊普通合伙),600595,中孚实业,2014/12/31,2015/4/17,标准无保留意见,"张恩军,吴亦忻",北京兴华会计师事务所(特殊普通合伙),上.373,关于对河南中孚实业股份有限公司及有关责任人予以监管关注的决定,2015/8/24,监管关注,2014,"推迟披露,披露不实(其它)","推迟披露,披露不实(其它)"
42369_瑞华会计师事务所(特殊普通合伙),600598,北大荒,2015/12/31,2016/3/18,标准无保留意见,"宋卫东,刘济杰",瑞华会计师事务所(特殊普通合伙),证.154,中国证监会行政处罚决定书（黑龙江北大荒农业股份有限公司、杨忠诚、白石等16名责任人员）,2016/8/18,,2011,"虚构利润,虚假记载(误导性陈述)","虚构利润,虚假记载(误导性陈述)"
42735_上会会计师事务所(特殊普通合伙),600601,方正科技,2016/12/31,2017/4/21,标准无保留意见,"张晓荣,赵非",上会会计师事务所(特殊普通合伙),证.74,中国证监会行政处罚决定书（北大方正集团有限公司、利德科技发展有限公司、西藏昭融投资有限公司等10名责任人员）,2017/5/5,,2001,nonexist,推迟披露
40178_上海上会会计师事务所有限公司,600608,ST沪科,2009/12/31,2010/4/27,无法发表意见,"沈佳云,董文茜",上海上会会计师事务所有限公司,证.681,中国证监会行政处罚决定书（上海科技、张杰等9名责任人员）,2010/4/6,,2004,"虚假记载(误导性陈述),推迟披露,占用公司资产,违规担保,其他","虚假记载(误导性陈述),推迟披露,占用公司资产,违规担保,其他"
42735_亚太(集团)会计师事务所(特殊普通合伙),600610,中毅达,2016/12/31,2017/4/17,无保留意见加事项段,"孙政军,徐海峰",亚太(集团)会计师事务所(特殊普通合伙),上.30,关于对上海中毅达股份有限公司及其控股股东大申集团有限公司、股权受让方及有关责任人予以纪律处分的决定,2017/12/28,通报批评,2016,"虚假记载(误导性陈述),推迟披露,重大遗漏","虚假记载(误导性陈述),推迟披露,重大遗漏"
42369_立信会计师事务所(特殊普通合伙),600617,国新能源,2015/12/31,2016/4/8,标准无保留意见,"刘志红,董振星",立信会计师事务所(特殊普通合伙),上.319,关于对山西省国新能源股份有限公司和董事会秘书张帆予以监管关注的决定,2016/1/11,监管关注,2014,"推迟披露,其他","推迟披露,其他"
42004_立信会计师事务所(特殊普通合伙),600624,复旦复华,2014/12/31,2015/4/16,标准无保留意见,"葛勤,郭东",立信会计师事务所(特殊普通合伙),上.427,关于对上海复旦复华科技股份有限公司和董事兼总经理蒋国兴予以监管关注的决定,2015/4/13,监管关注,2013,"推迟披露,其他","推迟披露,其他"
38717_上海上会会计师事务所有限公司,600634,富控互动,2005/12/31,2006/4/19,保留意见,"张晓荣,刘小虎",上海上会会计师事务所有限公司,证.850,中国证监会行政处罚决定书（海鸟发展及唐海根等相关人员）,2006/9/19,,2004,"虚假记载(误导性陈述),推迟披露","虚假记载(误导性陈述),推迟披露"
37621_岳华会计师事务所有限责任公司,600646,ST国嘉(退市),2002/12/31,2003/4/18,拒绝发表意见,,岳华会计师事务所有限责任公司,证.977,中国证券监督管理委员会行政处罚决定书（国嘉实业及相关人员）,2003/12/1,,2000,nonexist,虚假记载
39447_立信会计师事务所有限公司,600648,外高桥,2007/12/31,2008/3/25,无保留意见加事项段,,立信会计师事务所有限公司,证.779,中国证监会行政处罚决定书（上海外高桥、史贤俊等6名责任人员）,2008/4/23,,2003,"虚假记载(误导性陈述),违规买卖股票","虚假记载(误导性陈述),违规买卖股票"
37986_中勤万信会计师事务所有限公司,600659,*ST花雕(退市),2003/12/31,2004/4/24,保留意见加事项段,"苏子杆,陈明生",中勤万信会计师事务所有限公司,证.933,中国证券监督管理委员会行政处罚决定书（神龙发展及相关人员）,2004/9/16,,2001,"虚构利润,虚假记载(误导性陈述),推迟披露,重大遗漏","虚构利润,虚假记载(误导性陈述),推迟披露,重大遗漏"
40543_信永中和会计师事务所有限公司,600671,天目药业,2010/12/31,,保留意见,,信永中和会计师事务所有限公司,证.640,中国证监会行政处罚决定书（天目药业、章鹏飞等11名责任人员）,2011/1/6,,2007,"推迟披露,重大遗漏,占用公司资产","推迟披露,重大遗漏,占用公司资产"
40178_信永中和会计师事务所有限责任公司,600678,四川金顶,2009/12/31,2010/4/23,无法发表意见,"罗建平,赵书阳",信永中和会计师事务所有限责任公司,证.654,中国证监会行政处罚决定书（四川金顶、陈建龙等4名责任人员）,2010/12/3,,2008,"推迟披露,重大遗漏","推迟披露,重大遗漏"
37986_上海东华会计师事务所有限公司,600700,*ST数码(退市),2003/12/31,2004/4/25,无法发表意见,"姜堤,徐秉惠",上海东华会计师事务所有限公司,证.922,中国证券监督管理委员会行政处罚决定书（数码测绘及相关人员）,2004/12/23,,2001,"虚构利润,虚假记载(误导性陈述),重大遗漏,其他","虚构利润,虚假记载(误导性陈述),重大遗漏,其他"
39813_天健光华(北京)会计师事务所有限公司,600705,中航资本,2008/12/31,2009/4/28,无保留意见加事项段,"董群先,姜韬",天健光华(北京)会计师事务所有限公司,证.741,中国证监会行政处罚决定书（北亚实业刘桦等6名责任人员）,2009/4/7,,1998,"虚构利润,虚列资产,虚假记载(误导性陈述),推迟披露,重大遗漏","虚构利润,虚列资产,虚假记载(误导性陈述),推迟披露,重大遗漏"
42369_毕马威华振会计师事务所(特殊普通合伙),600713,南京医药,2015/12/31,2016/4/14,标准无保留意见,"徐侃瓴,虞晓钧",毕马威华振会计师事务所(特殊普通合伙),上.214,关于对南京医药股份有限公司及董事会秘书李文骏予以监管关注的决定,2016/9/26,监管关注,2014,"推迟披露,其他","推迟披露,其他"
40543_北京兴华会计师事务所有限责任公司,600722,金牛化工,2010/12/31,2011/3/3,标准无保留意见,"韩景利,姜照东",北京兴华会计师事务所有限责任公司,证.590,中国证监会行政处罚决定书（沧州化工、周振德等11名责任人）,2011/12/6,,2004,"重大遗漏,违规担保","重大遗漏,违规担保"
42004_立信会计师事务所(特殊普通合伙),600726,华电能源,2014/12/31,2015/4/27,标准无保留意见,"祁涛,胡新",立信会计师事务所(特殊普通合伙),上.437,关于对华电能源股份有限公司和有关责任人予以监管关注的决定,2015/2/16,监管关注,2013,占用公司资产,占用公司资产
37986_大连华连会计师事务所有限公司,600728,佳都科技,2003/12/31,2004/3/23,标准无保留意见,"王秀玉,王灵霞",大连华连会计师事务所有限公司,证.957,中国证券监督管理委员会行政处罚决定书（远洋渔业及相关人员）,2004/4/23,,2001,"虚构利润,虚假记载(误导性陈述),推迟披露,重大遗漏","虚构利润,虚假记载(误导性陈述),推迟披露,重大遗漏"
42004_中勤万信会计师事务所(特殊普通合伙),600747,大连控股,2014/12/31,2015/4/29,标准无保留意见,"龙哲,潘忠民",中勤万信会计师事务所(特殊普通合伙),上.416,关于对大连大显控股股份有限公司有关责任人予以监管关注的决定,2015/4/28,监管关注,2013,"推迟披露,重大遗漏,其他","推迟披露,重大遗漏,其他"
40543_五洲松德联合会计师事务所,600751,天海投资,2010/12/31,2011/4/18,标准无保留意见,"尹琳,梁雪萍",五洲松德联合会计师事务所,证.595,中国证监会行政处罚决定书（天海股份、李维艰、宋兴庭等9名责任人员）,2011/11/8,,2008,"推迟披露,重大遗漏","推迟披露,重大遗漏"
41639_北京中证天通会计师事务所(特殊普通合伙),600760,中航黑豹,2013/12/31,2014/2/28,标准无保留意见,"戴波,王主平",北京中证天通会计师事务所(特殊普通合伙),上.554,关于对中航黑豹股份有限公司和董事会秘书予以监管关注的决定,2014/5/8,监管关注,2013,推迟披露,推迟披露
39813_大信会计师事务有限公司,600764,中国海防,2008/12/31,2009/3/13,无保留意见加事项段,"密惠红,冯发明",大信会计师事务有限公司,证.742,中国证监会行政处罚决定书（中电广通、单昶等11名责任人员）,2009/3/30,,2003,"虚假记载(误导性陈述),推迟披露,重大遗漏","虚假记载(误导性陈述),推迟披露,重大遗漏"
37986_上海众华沪银会计师事务所有限公司,600766,园城黄金,2003/12/31,2004/4/13,标准无保留意见,"刘万椿,李文祥",上海众华沪银会计师事务所有限公司,证.926,中国证券监督管理委员会行政处罚决定书（烟台发展及相关人员）,2004/11/15,,2000,"虚构利润,虚假记载(误导性陈述),推迟披露,重大遗漏","虚构利润,虚假记载(误导性陈述),推迟披露,重大遗漏"
40908_天健会计师事务所,600768,宁波富邦,2011/12/31,2012/4/20,无保留意见加事项段,"毛晓东,宁一锋",天健会计师事务所,证.557,中国证监会行政处罚决定书（宁波富邦、郑锦浩、华声康等7名责任人）,2012/6/27,,2010,"推迟披露,重大遗漏","推迟披露,重大遗漏"
40178_天健正信会计师事务所有限公司,600771,广誉远,2009/12/31,2010/4/27,无法发表意见,"赵孔霞,王建峰",天健正信会计师事务所有限公司,证.677,中国证监会行政处罚决定书（东盛科技、郭家学等15名责任人员）,2010/4/13,,2002,"推迟披露,重大遗漏","推迟披露,重大遗漏"
37621_岳华会计师事务所有限责任公司,600772,S*ST龙昌(退市),2002/12/31,2003/4/13,无保留意见加说明段,"古小荣,常晓波",岳华会计师事务所有限责任公司,证.976,中国证券监督管理委员会行政处罚决定书（石油龙昌及相关人员）,2003/12/5,,2000,nonexist,虚假记载
42369_瑞华会计师事务所(特殊普通合伙),600781,辅仁药业,2015/12/31,2016/4/7,标准无保留意见,"靳红建,郭惠",瑞华会计师事务所(特殊普通合伙),上.222,关于对辅仁药业集团实业股份有限公司董事长朱文臣予以监管关注的决定,2016/9/9,监管关注,2015,"推迟披露,其他","推迟披露,其他"
37621_天津五洲联合合伙会计师事务所,600800,天津磁卡,2002/12/31,2003/4/9,标准无保留意见,"王福才,郭宪明",天津五洲联合合伙会计师事务所,证.992,中国证券监督管理委员会行政处罚决定书（天津磁卡及相关人员）,2003/7/4,,2000,nonexist,虚构利润
42735_福建华兴会计师事务所(特殊普通合伙),600802,福建水泥,2016/12/31,2017/4/7,标准无保留意见,"翁杰菁,白灯满",福建华兴会计师事务所(特殊普通合伙),上.162,关于对福建水泥股份有限公司和董事会秘书蔡宣能予以监管关注的决定,2017/1/12,监管关注,2014,nonexist,推迟披露
42735_立信会计师事务所(特殊普通合伙),600810,神马股份,2016/12/31,2017/4/26,标准无保留意见,"杨东升,李花",立信会计师事务所(特殊普通合伙),上.139,关于对神马实业股份有限公司及有关责任人予以纪律处分的决定,2017/4/17,公开谴责,2014,"推迟披露,披露不实(其它),其他","推迟披露,披露不实(其它),其他"
40908_立信会计师事务所,600817,*ST宏盛,2011/12/31,2012/4/24,无保留意见加事项段,"戴定毅,郑钢",立信会计师事务所,证.580,中国证监会行政处罚决定书（上海宏盛科技、龙长生、鞠淑芝、沈哲男）,2012/3/22,,2005,nonexist,虚假记载
37621_上海立信长江会计师事务所有限公司,600822,上海物贸,2002/12/31,2003/4/14,标准无保留意见,"桑琪敏,戴定毅",上海立信长江会计师事务所有限公司,证.996,中国证券监督管理委员会行政处罚决定书（上海物贸中心及相关人员）,2003/4/8,,1997,重大遗漏,重大遗漏
42004_致同会计师事务所(特殊普通合伙),600829,人民同泰,2014/12/31,2015/1/31,标准无保留意见,"姜韬,陶怡",致同会计师事务所(特殊普通合伙),上.391,关于对哈药集团人民同泰股份有限公司及有关责任人予以通报批评的决定,2015/7/12,通报批评,2014,推迟披露,推迟披露
37986_重庆天健会计师事务所有限责任公司,600847,*ST万里,2003/12/31,2004/4/18,无保留意见加事项段,"张凯,李斌",重庆天健会计师事务所有限责任公司,证.954,中国证券监督管理委员会行政处罚决定书（重庆万里蓄电池及相关人员）,2004/5/19,,2002,"推迟披露,重大遗漏","推迟披露,重大遗漏"
37621_普华永道中天会计师事务所有限公司,600848,上海临港,2002/12/31,2003/3/27,标准无保留意见,"钱进,陈燕华",普华永道中天会计师事务所有限公司,证.995,中国证券监督管理委员会行政处罚决定书（自仪股份及相关人员）,2003/4/21,,1999,"推迟披露,重大遗漏","推迟披露,重大遗漏"
37986_江苏天华大彭会计师事务所有限公司,600862,中航高科,2003/12/31,2004/4/21,无保留意见加事项段,"石柱,陈宏青",江苏天华大彭会计师事务所有限公司,证.941,中国证券监督管理委员会行政处罚决定书（纵横国际及相关人员）,2004/7/27,,2000,"虚构利润,虚假记载(误导性陈述),重大遗漏","虚构利润,虚假记载(误导性陈述),重大遗漏"
37621_天职孜信会计师事务所有限公司,600872,中炬高新,2002/12/31,2003/3/28,标准无保留意见,"郑文洋,匡敏",天职孜信会计师事务所有限公司,证.969,中国证券监督管理委员会行政处罚决定书（中炬高新及相关人员）,2003/12/31,,1999,nonexist,虚假记载
42735_大信会计师事务所(特殊普通合伙),600876,洛阳玻璃,2016/12/31,2017/3/30,标准无保留意见,"索保国,乔冠芳",大信会计师事务所(特殊普通合伙),上.160,关于对洛阳玻璃股份有限公司和有关责任人予以监管关注的决定,2017/1/19,监管关注,2015,披露不实(其它),披露不实(其它)
42369_立信会计师事务所(特殊普通合伙),600877,中国嘉陵,2015/12/31,2016/4/27,标准无保留意见,"祁涛,龙勇",立信会计师事务所(特殊普通合伙),上.237,关于对中国嘉陵工业股份有限公司(集团)和有关责任人予以监管关注的决定,2016/8/4,监管关注,2015,"推迟披露,其他","推迟披露,其他"
37986_天职孜信会计师事务所有限公司,600878,*ST北科(退市),2003/12/31,2004/4/15,无保留意见加事项段,"郑文洋,匡敏",天职孜信会计师事务所有限公司,证.949,中国证券监督管理委员会行政处罚决定书（大连北大科技及相关人员）,2004/6/7,,2001,"虚构利润,虚假记载(误导性陈述)","虚构利润,虚假记载(误导性陈述)"
42369_瑞华会计师事务所(特殊普通合伙),600891,秋林集团,2015/12/31,2016/4/23,标准无保留意见,"李豫龙,张海洋",瑞华会计师事务所(特殊普通合伙),上.173,关于对哈尔滨秋林集团股份有限公司及有关责任人予以监管关注的决定,2016/12/12,监管关注,2015,"推迟披露,其他","推迟披露,其他"
39447_山东天恒信有限责任会计师事务所,600898,国美通讯,2007/12/31,2008/4/16,标准无保留意见,"邱伟,李晖",山东天恒信有限责任会计师事务所,证.781,中国证监会行政处罚决定书（三联商社、张继升等6名责任人员）,2008/4/8,,2004,"重大遗漏,占用公司资产","重大遗漏,占用公司资产"
41639_瑞华会计师事务所(特殊普通合伙),600966,博汇纸业,2013/12/31,2014/6/22,保留意见,"王传顺,何峰",瑞华会计师事务所(特殊普通合伙),上.451,关于对山东博汇纸业股份有限公司、山东天源热电有限公司、江苏丰源热电有限公司及有关责任人予以纪律处分的决定,2014/12/1,通报批评,2013,"推迟披露,占用公司资产,其他","推迟披露,占用公司资产,其他"
42369_立信会计师事务所(特殊普通合伙),600971,恒源煤电,2015/12/31,2016/3/25,标准无保留意见,"张松柏,王法亮",立信会计师事务所(特殊普通合伙),上.169,关于对安徽恒源煤电股份有限公司及其财务总监兼董事会秘书孙夕仁予以监管关注的决定,2016/12/19,监管关注,2015,"推迟披露,一般会计处理不当","推迟披露,一般会计处理不当"
40543_北京天圆全会计师事务所有限公司,600986,科达股份,2010/12/31,2011/4/26,无保留意见加事项段,"谢东,任文君",北京天圆全会计师事务所有限公司,证.604,中国证监会行政处罚决定书（科达股份、刘双珉等13名责任人员）,2011/9/8,,2006,"虚列资产,虚假记载(误导性陈述),推迟披露,重大遗漏","虚列资产,虚假记载(误导性陈述),推迟披露,重大遗漏"
41639_致同会计师事务所(特殊普通合伙),601003,柳钢股份,2013/12/31,2014/4/22,标准无保留意见,"胡锦添,丘树旺",致同会计师事务所(特殊普通合伙),上.485,关于对柳州钢铁股份有限公司和董事会秘书班俊超予以监管关注的决定,2014/8/11,监管关注,2013,"推迟披露,其他","推迟披露,其他"
42004_大华会计师事务所(特殊普通合伙),601117,中国化学,2014/12/31,2015/4/16,标准无保留意见,"谭超,于建永",大华会计师事务所(特殊普通合伙),上.375,关于对中国化学工程股份有限公司和有关责任人予以监管关注的决定,2015/8/24,监管关注,2012,"推迟披露,重大遗漏,违规担保","推迟披露,重大遗漏,违规担保"
42735_立信会计师事务所(特殊普通合伙),601519,*ST智慧,2016/12/31,2017/4/26,标准无保留意见,"葛勤,黄海",立信会计师事务所(特殊普通合伙),上.59,关于对上海大智慧股份有限公司及有关责任人予以公开谴责或通报批评的决定,2017/11/13,通报批评,2013,nonexist,虚构利润
42004_中汇会计师事务所(特殊普通合伙),601558,*ST锐电,2014/12/31,2015/4/26,无保留意见加事项段,"谢贤庆,张滨滨",中汇会计师事务所(特殊普通合伙),证.284,中国证监会行政处罚决定书（华锐风电科技（集团）股份有限公司、韩俊良、陶刚等15名责任人员）,2015/11/5,,2011,nonexist,虚假记载
42369_天健会计师事务所(特殊普通合伙),601777,力帆股份,2015/12/31,2016/4/21,标准无保留意见,"张凯,陈应爵",天健会计师事务所(特殊普通合伙),上.250,关于对力帆实业（集团）股份有限公司和有关责任人予以监管关注的决定,2016/7/1,监管关注,2015,占用公司资产,占用公司资产
42735_立信会计师事务所(特殊普通合伙),603003,龙宇燃油,2016/12/31,2017/4/26,标准无保留意见,"胡彬,徐士宝",立信会计师事务所(特殊普通合伙),上.87,关于对上海龙宇燃油股份有限公司及予以通报批评的决定,2017/9/21,通报批评,2014,nonexist,虚构利润
42369_大华会计师事务所(特殊普通合伙),603227,雪峰科技,2015/12/31,2016/4/24,无保留意见加事项段,"张艳红,刘国辉",大华会计师事务所(特殊普通合伙),上.246,关于对新疆雪峰科技（集团）股份有限公司总经理刘爱华予以监管关注的决定,2016/7/4,监管关注,2015,nonexist,违规担保
42735_中汇会计师事务所(特殊普通合伙),603703,盛洋科技,2016/12/31,2017/4/24,标准无保留意见,"周海斌,章祥",中汇会计师事务所(特殊普通合伙),上.145,关于对浙江盛洋科技股份有限公司和相关责任人予以监管关注的决定,2017/3/17,监管关注,2015,"推迟披露,占用公司资产","推迟披露,占用公司资产"
41639_大信会计师事务所(特殊普通合伙),900956,东贝B股,2013/12/31,2014/4/22,标准无保留意见,"张岭,江艳红",大信会计师事务所(特殊普通合伙),证.379,中国证监会行政处罚决定书（黄石东贝机电集团有限责任公司、杨百昌、朱金明等5名责任人）,2014/8/18,,2006,"推迟披露,披露不实(其它)","推迟披露,披露不实(其它)"
